[INFO][2025-12-25 02:21:33][common.common_setup:<module>:17] Base dir: /home/user/apitestcapprj
[INFO][2025-12-25 02:21:33][helpers.load_data:load_data:35] Loading data from '/home/user/apitestcapprj/configs/user_info.json'.
[SUCCESS][2025-12-25 02:21:33][helpers.load_data:load_data:41] Complete loading data from '/home/user/apitestcapprj/configs/user_info.json'.
[SUCCESS][2025-12-25 02:21:33][common.common_setup:<module>:26] Load client info successfully:
{
    "admin": {
        "email": "test_user_01@gmail.com",
        "password": "123456789"
    },
    "student": {
        "email": "test_user_07@gmail.com",
        "password": "123456789"
    },
    "teacher": {
        "email": "test_user_02@gmail.com",
        "password": "123456789"
    }
}
[INFO][2025-12-25 02:21:33][helpers.load_data:load_data:35] Loading data from '/home/user/apitestcapprj/data/request_body_template/role_request_body_template.json'.
[SUCCESS][2025-12-25 02:21:33][helpers.load_data:load_data:41] Complete loading data from '/home/user/apitestcapprj/data/request_body_template/role_request_body_template.json'.
[SUCCESS][2025-12-25 02:21:33][common.common_setup:<module>:32] Load predata successfully:
{
    "predata": {
        "role_01": {
            "name": "API predata - role 01"
        }
    },
    "need_clear": [
        "API predata - role 01"
    ]
}
[INFO][2025-12-25 02:21:33][common.client:login:143] Login with role: admin, email: test_user_01@gmail.com and password: 123456789.
[SUCCESS][2025-12-25 02:21:40][common.client:login:154] Login successfully.
[INFO][2025-12-25 02:21:40][common.client:login:143] Login with role: student, email: test_user_07@gmail.com and password: 123456789.
[SUCCESS][2025-12-25 02:21:41][common.client:login:154] Login successfully.
[INFO][2025-12-25 02:21:41][common.client:login:143] Login with role: teacher, email: test_user_02@gmail.com and password: 123456789.
[SUCCESS][2025-12-25 02:21:42][common.client:login:154] Login successfully.
[INFO][2025-12-25 02:21:42][__main__:<module>:8] ================= Start testing ==================
[SUCCESS][2025-12-25 02:21:43][process_responses.role_process_responses:get_all_roles:23] Get all roles successfully:
[
    {
        "_id": "69496b7d3a739f3bcffdeef7",
        "name": "admin",
        "created_on": "2025-12-22 23:02:05",
        "modified_on": "2025-12-22 23:02:05",
        "created_by": "data generation",
        "modified_by": "data generation"
    },
    {
        "_id": "69496b7d3a739f3bcffdeef8",
        "name": "teacher",
        "created_on": "2025-12-22 23:02:05",
        "modified_on": "2025-12-22 23:02:05",
        "created_by": "data generation",
        "modified_by": "data generation"
    },
    {
        "_id": "69496b7d3a739f3bcffdeef9",
        "name": "student",
        "created_on": "2025-12-22 23:02:05",
        "modified_on": "2025-12-22 23:02:05",
        "created_by": "data generation",
        "modified_by": "data generation"
    }
]
[SUCCESS][2025-12-25 02:21:43][process_responses.role_process_responses:clear_data:63] Clear data successfully.
[SUCCESS][2025-12-25 02:21:43][process_responses.role_process_responses:get_all_roles:23] Get all roles successfully:
[
    {
        "_id": "69496b7d3a739f3bcffdeef7",
        "name": "admin",
        "created_on": "2025-12-22 23:02:05",
        "modified_on": "2025-12-22 23:02:05",
        "created_by": "data generation",
        "modified_by": "data generation"
    },
    {
        "_id": "69496b7d3a739f3bcffdeef8",
        "name": "teacher",
        "created_on": "2025-12-22 23:02:05",
        "modified_on": "2025-12-22 23:02:05",
        "created_by": "data generation",
        "modified_by": "data generation"
    },
    {
        "_id": "69496b7d3a739f3bcffdeef9",
        "name": "student",
        "created_on": "2025-12-22 23:02:05",
        "modified_on": "2025-12-22 23:02:05",
        "created_by": "data generation",
        "modified_by": "data generation"
    }
]
[INFO][2025-12-25 02:21:43][case_setup.role_case_setup:role_case_setup:23] [
    {
        "_id": "69496b7d3a739f3bcffdeef7",
        "name": "admin",
        "created_on": "2025-12-22 23:02:05",
        "modified_on": "2025-12-22 23:02:05",
        "created_by": "data generation",
        "modified_by": "data generation"
    },
    {
        "_id": "69496b7d3a739f3bcffdeef8",
        "name": "teacher",
        "created_on": "2025-12-22 23:02:05",
        "modified_on": "2025-12-22 23:02:05",
        "created_by": "data generation",
        "modified_by": "data generation"
    },
    {
        "_id": "69496b7d3a739f3bcffdeef9",
        "name": "student",
        "created_on": "2025-12-22 23:02:05",
        "modified_on": "2025-12-22 23:02:05",
        "created_by": "data generation",
        "modified_by": "data generation"
    }
]
[SUCCESS][2025-12-25 02:21:43][common.client:logout:159] Logout successfully.
[INFO][2025-12-25 02:21:43][case_setup.role_case_setup:role_case_setup:36] {
    "admin_role_name": "admin",
    "student_role_name": "student",
    "teacher_role_name": "teacher",
    "admin_role_id": "69496b7d3a739f3bcffdeef7",
    "teacher_role_id": "69496b7d3a739f3bcffdeef8",
    "student_role_id": "69496b7d3a739f3bcffdeef9"
}
[INFO][2025-12-25 02:21:43][helpers.load_data:load_data:35] Loading data from '/home/user/apitestcapprj/data/test_cases/role_test_cases.xlsx'.
[SUCCESS][2025-12-25 02:21:43][helpers.load_data:load_data:41] Complete loading data from '/home/user/apitestcapprj/data/test_cases/role_test_cases.xlsx'.
[SUCCESS][2025-12-25 02:21:44][case_setup.test_case_setup:test_case_setup:32] Test case setup successfully.
[INFO][2025-12-25 02:21:44][case_setup.test_case_setup:test_case_setup:33] Test case info:
[
    {
        "status": "Done",
        "case_no": "Role01",
        "author": "Nhat",
        "role": "admin",
        "title": "GetAllRoles",
        "description": "Get all roles",
        "method": "GET",
        "api": "https://datn-be-steel.vercel.app/api/roles",
        "request_body": null,
        "expected_result": {
            "_id": "69496b7d3a739f3bcffdeef7",
            "status_code": 200
        },
        "jira_number": NaN,
        "note": "Note"
    }
]
[INFO][2025-12-25 02:21:44][case_setup.run_case:run_case:45] Run case: Role01 - Get all roles
[INFO][2025-12-25 02:21:44][case_setup.run_case:run_case:66] Response:
200, [{"_id":"69496b7d3a739f3bcffdeef7","name":"admin","created_on":"2025-12-22 23:02:05","modified_on":"2025-12-22 23:02:05","created_by":"data generation","modified_by":"data generation"},{"_id":"69496b7d3a739f3bcffdeef8","name":"teacher","created_on":"2025-12-22 23:02:05","modified_on":"2025-12-22 23:02:05","created_by":"data generation","modified_by":"data generation"},{"_id":"69496b7d3a739f3bcffdeef9","name":"student","created_on":"2025-12-22 23:02:05","modified_on":"2025-12-22 23:02:05","created_by":"data generation","modified_by":"data generation"}]
[SUCCESS][2025-12-25 02:21:44][case_setup.run_case:run_case:93] [PASSED] Key: _id is in list of keys: dict_keys(['_id', 'name', 'created_on', 'modified_on', 'created_by', 'modified_by'])
[SUCCESS][2025-12-25 02:21:44][case_setup.run_case:run_case:102] [PASSED] Value: ['69496b7d3a739f3bcffdeef7', '69496b7d3a739f3bcffdeef8', '69496b7d3a739f3bcffdeef9'] is in list of values: 69496b7d3a739f3bcffdeef7
[SUCCESS][2025-12-25 02:21:44][case_setup.run_case:run_case:76] [PASSED] Status code is equal. Expected: 200, Actual: 200
[SUCCESS][2025-12-25 02:21:44][case_setup.run_case:run_case:113] Done case: Role01 - Get all roles
[SUCCESS][2025-12-25 02:21:44][case_setup.run_case:run_case:117] All test cases are done.
[INFO][2025-12-25 02:21:44][__main__:<module>:26] Total cases: 1
[INFO][2025-12-25 02:21:44][__main__:<module>:27] Pass cases: 1
[INFO][2025-12-25 02:21:44][__main__:<module>:28] Failed cases: 0
[INFO][2025-12-25 02:21:44][__main__:<module>:29] Detail result:
   index case_no  result detail             datetime
0      1  Role01  Passed         2025-12-25 02:21:44
[SUCCESS][2025-12-25 02:21:44][__main__:<module>:35] ================== End testing ===================
[INFO][2025-12-25 02:31:30][common.common_setup:<module>:17] Base dir: /home/user/apitestcapprj
[INFO][2025-12-25 02:31:30][helpers.load_data:load_data:35] Loading data from '/home/user/apitestcapprj/configs/user_info.json'.
[SUCCESS][2025-12-25 02:31:30][helpers.load_data:load_data:41] Complete loading data from '/home/user/apitestcapprj/configs/user_info.json'.
[SUCCESS][2025-12-25 02:31:30][common.common_setup:<module>:26] Load client info successfully:
{
    "admin": {
        "email": "test_user_01@gmail.com",
        "password": "123456789"
    },
    "student": {
        "email": "test_user_07@gmail.com",
        "password": "123456789"
    },
    "teacher": {
        "email": "test_user_02@gmail.com",
        "password": "123456789"
    }
}
[INFO][2025-12-25 02:31:30][helpers.load_data:load_data:35] Loading data from '/home/user/apitestcapprj/data/request_body_template/role_request_body_template.json'.
[SUCCESS][2025-12-25 02:31:30][helpers.load_data:load_data:41] Complete loading data from '/home/user/apitestcapprj/data/request_body_template/role_request_body_template.json'.
[SUCCESS][2025-12-25 02:31:30][common.common_setup:<module>:32] Load predata successfully:
{
    "predata": {
        "role_01": {
            "name": "API predata - role 01"
        }
    },
    "need_clear": [
        "API predata - role 01"
    ]
}
[INFO][2025-12-25 02:31:30][common.client:login:143] Login with role: admin, email: test_user_01@gmail.com and password: 123456789.
[SUCCESS][2025-12-25 02:31:37][common.client:login:154] Login successfully.
[INFO][2025-12-25 02:31:37][common.client:login:143] Login with role: student, email: test_user_07@gmail.com and password: 123456789.
[SUCCESS][2025-12-25 02:31:37][common.client:login:154] Login successfully.
[INFO][2025-12-25 02:31:37][common.client:login:143] Login with role: teacher, email: test_user_02@gmail.com and password: 123456789.
[SUCCESS][2025-12-25 02:31:38][common.client:login:154] Login successfully.
[INFO][2025-12-25 02:31:38][__main__:<module>:8] ================= Start testing ==================
[SUCCESS][2025-12-25 02:31:39][process_responses.role_process_responses:get_all_roles:23] Get all roles successfully:
[
    {
        "_id": "69496b7d3a739f3bcffdeef7",
        "name": "admin",
        "created_on": "2025-12-22 23:02:05",
        "modified_on": "2025-12-22 23:02:05",
        "created_by": "data generation",
        "modified_by": "data generation"
    },
    {
        "_id": "69496b7d3a739f3bcffdeef8",
        "name": "teacher",
        "created_on": "2025-12-22 23:02:05",
        "modified_on": "2025-12-22 23:02:05",
        "created_by": "data generation",
        "modified_by": "data generation"
    },
    {
        "_id": "69496b7d3a739f3bcffdeef9",
        "name": "student",
        "created_on": "2025-12-22 23:02:05",
        "modified_on": "2025-12-22 23:02:05",
        "created_by": "data generation",
        "modified_by": "data generation"
    }
]
[SUCCESS][2025-12-25 02:31:39][process_responses.role_process_responses:clear_data:63] Clear data successfully.
[SUCCESS][2025-12-25 02:31:40][process_responses.role_process_responses:get_all_roles:23] Get all roles successfully:
[
    {
        "_id": "69496b7d3a739f3bcffdeef7",
        "name": "admin",
        "created_on": "2025-12-22 23:02:05",
        "modified_on": "2025-12-22 23:02:05",
        "created_by": "data generation",
        "modified_by": "data generation"
    },
    {
        "_id": "69496b7d3a739f3bcffdeef8",
        "name": "teacher",
        "created_on": "2025-12-22 23:02:05",
        "modified_on": "2025-12-22 23:02:05",
        "created_by": "data generation",
        "modified_by": "data generation"
    },
    {
        "_id": "69496b7d3a739f3bcffdeef9",
        "name": "student",
        "created_on": "2025-12-22 23:02:05",
        "modified_on": "2025-12-22 23:02:05",
        "created_by": "data generation",
        "modified_by": "data generation"
    }
]
[INFO][2025-12-25 02:31:40][case_setup.role_case_setup:role_case_setup:23] [
    {
        "_id": "69496b7d3a739f3bcffdeef7",
        "name": "admin",
        "created_on": "2025-12-22 23:02:05",
        "modified_on": "2025-12-22 23:02:05",
        "created_by": "data generation",
        "modified_by": "data generation"
    },
    {
        "_id": "69496b7d3a739f3bcffdeef8",
        "name": "teacher",
        "created_on": "2025-12-22 23:02:05",
        "modified_on": "2025-12-22 23:02:05",
        "created_by": "data generation",
        "modified_by": "data generation"
    },
    {
        "_id": "69496b7d3a739f3bcffdeef9",
        "name": "student",
        "created_on": "2025-12-22 23:02:05",
        "modified_on": "2025-12-22 23:02:05",
        "created_by": "data generation",
        "modified_by": "data generation"
    }
]
[INFO][2025-12-25 02:31:40][case_setup.role_case_setup:role_case_setup:36] {
    "admin_role_name": "admin",
    "student_role_name": "student",
    "teacher_role_name": "teacher",
    "admin_role_id": "69496b7d3a739f3bcffdeef7",
    "teacher_role_id": "69496b7d3a739f3bcffdeef8",
    "student_role_id": "69496b7d3a739f3bcffdeef9"
}
[INFO][2025-12-25 02:31:40][helpers.load_data:load_data:35] Loading data from '/home/user/apitestcapprj/data/test_cases/role_test_cases.xlsx'.
[SUCCESS][2025-12-25 02:31:40][helpers.load_data:load_data:41] Complete loading data from '/home/user/apitestcapprj/data/test_cases/role_test_cases.xlsx'.
[SUCCESS][2025-12-25 02:31:40][case_setup.test_case_setup:test_case_setup:32] Test case setup successfully.
[INFO][2025-12-25 02:31:40][case_setup.test_case_setup:test_case_setup:33] Test case info:
[
    {
        "status": "Done",
        "case_no": "Role01",
        "author": "Nhat",
        "role": "admin",
        "title": "GetAllRoles",
        "description": "Get all roles",
        "method": "GET",
        "api": "https://datn-be-steel.vercel.app/api/roles",
        "request_body": null,
        "expected_result": {
            "_id": "69496b7d3a739f3bcffdeef7",
            "status_code": 200
        },
        "jira_number": NaN,
        "note": "Note"
    }
]
[INFO][2025-12-25 02:31:40][case_setup.run_case:run_case:45] Run case: Role01 - Get all roles
[INFO][2025-12-25 02:31:41][case_setup.run_case:run_case:66] Response:
200, [{"_id":"69496b7d3a739f3bcffdeef7","name":"admin","created_on":"2025-12-22 23:02:05","modified_on":"2025-12-22 23:02:05","created_by":"data generation","modified_by":"data generation"},{"_id":"69496b7d3a739f3bcffdeef8","name":"teacher","created_on":"2025-12-22 23:02:05","modified_on":"2025-12-22 23:02:05","created_by":"data generation","modified_by":"data generation"},{"_id":"69496b7d3a739f3bcffdeef9","name":"student","created_on":"2025-12-22 23:02:05","modified_on":"2025-12-22 23:02:05","created_by":"data generation","modified_by":"data generation"}]
[SUCCESS][2025-12-25 02:31:41][case_setup.run_case:run_case:93] [PASSED] Key: '_id' is in list of keys: dict_keys(['_id', 'name', 'created_on', 'modified_on', 'created_by', 'modified_by']).
[SUCCESS][2025-12-25 02:31:41][case_setup.run_case:run_case:102] [PASSED] Value: '['69496b7d3a739f3bcffdeef7', '69496b7d3a739f3bcffdeef8', '69496b7d3a739f3bcffdeef9']' is in list of values: '69496b7d3a739f3bcffdeef7'.
[SUCCESS][2025-12-25 02:31:41][case_setup.run_case:run_case:76] [PASSED] Status code is equal. Expected: 200, Actual: 200.
[SUCCESS][2025-12-25 02:31:41][case_setup.run_case:run_case:113] Done case: Role01 - Get all roles
[SUCCESS][2025-12-25 02:31:41][case_setup.run_case:run_case:117] All test cases are done.
[INFO][2025-12-25 02:31:41][__main__:<module>:26] Total cases: 1
[INFO][2025-12-25 02:31:41][__main__:<module>:27] Pass cases: 1
[INFO][2025-12-25 02:31:41][__main__:<module>:28] Failed cases: 0
[INFO][2025-12-25 02:31:41][__main__:<module>:29] Detail result:
   index case_no  result detail             datetime
0      1  Role01  Passed         2025-12-25 02:31:40
[INFO][2025-12-25 02:31:41][common.client:logout:159] Logout info: 200, "User logged out successfully"
[INFO][2025-12-25 02:31:41][common.client:logout:159] Logout info: 200, "User logged out successfully"
[INFO][2025-12-25 02:31:42][common.client:logout:159] Logout info: 200, "User logged out successfully"
[SUCCESS][2025-12-25 02:31:42][__main__:<module>:38] ================== End testing ===================
[INFO][2025-12-25 03:18:46][common.common_setup:<module>:13] Base dir: /home/user/apitestcapprj
[INFO][2025-12-25 03:18:46][helpers.load_data:load_data:35] Loading data from '/home/user/apitestcapprj/configs/user_info.json'.
[SUCCESS][2025-12-25 03:18:46][helpers.load_data:load_data:41] Complete loading data from '/home/user/apitestcapprj/configs/user_info.json'.
[SUCCESS][2025-12-25 03:18:46][common.common_setup:<module>:22] Load client info successfully:
{
    "admin": {
        "email": "test_user_01@gmail.com",
        "password": "123456789"
    },
    "student": {
        "email": "test_user_07@gmail.com",
        "password": "123456789"
    },
    "teacher": {
        "email": "test_user_02@gmail.com",
        "password": "123456789"
    }
}
[INFO][2025-12-25 03:18:46][helpers.load_data:load_data:35] Loading data from '/home/user/apitestcapprj/data/request_body_template/role_request_body_template.json'.
[SUCCESS][2025-12-25 03:18:46][helpers.load_data:load_data:41] Complete loading data from '/home/user/apitestcapprj/data/request_body_template/role_request_body_template.json'.
[SUCCESS][2025-12-25 03:18:46][common.common_setup:<module>:28] Load predata successfully:
{
    "predata": {
        "role_01": {
            "name": "API predata - role 01"
        }
    },
    "need_clear": [
        "API predata - role 01"
    ]
}
[INFO][2025-12-25 03:18:46][common.client:login:143] Login with role: admin, email: test_user_01@gmail.com and password: 123456789.
[SUCCESS][2025-12-25 03:18:53][common.client:login:154] Login successfully.
[INFO][2025-12-25 03:18:53][common.client:login:143] Login with role: student, email: test_user_07@gmail.com and password: 123456789.
[SUCCESS][2025-12-25 03:18:54][common.client:login:154] Login successfully.
[INFO][2025-12-25 03:18:54][common.client:login:143] Login with role: teacher, email: test_user_02@gmail.com and password: 123456789.
[SUCCESS][2025-12-25 03:18:54][common.client:login:154] Login successfully.
[INFO][2025-12-25 03:18:54][__main__:<module>:9] ================= Start testing ==================
[SUCCESS][2025-12-25 03:18:55][process_responses.role_process_responses:get_all_roles:23] Get all roles successfully:
[
    {
        "_id": "69496b7d3a739f3bcffdeef7",
        "name": "admin",
        "created_on": "2025-12-22 23:02:05",
        "modified_on": "2025-12-22 23:02:05",
        "created_by": "data generation",
        "modified_by": "data generation"
    },
    {
        "_id": "69496b7d3a739f3bcffdeef8",
        "name": "teacher",
        "created_on": "2025-12-22 23:02:05",
        "modified_on": "2025-12-22 23:02:05",
        "created_by": "data generation",
        "modified_by": "data generation"
    },
    {
        "_id": "69496b7d3a739f3bcffdeef9",
        "name": "student",
        "created_on": "2025-12-22 23:02:05",
        "modified_on": "2025-12-22 23:02:05",
        "created_by": "data generation",
        "modified_by": "data generation"
    }
]
[SUCCESS][2025-12-25 03:18:55][process_responses.role_process_responses:clear_data:63] Clear data successfully.
[SUCCESS][2025-12-25 03:18:56][process_responses.role_process_responses:get_all_roles:23] Get all roles successfully:
[
    {
        "_id": "69496b7d3a739f3bcffdeef7",
        "name": "admin",
        "created_on": "2025-12-22 23:02:05",
        "modified_on": "2025-12-22 23:02:05",
        "created_by": "data generation",
        "modified_by": "data generation"
    },
    {
        "_id": "69496b7d3a739f3bcffdeef8",
        "name": "teacher",
        "created_on": "2025-12-22 23:02:05",
        "modified_on": "2025-12-22 23:02:05",
        "created_by": "data generation",
        "modified_by": "data generation"
    },
    {
        "_id": "69496b7d3a739f3bcffdeef9",
        "name": "student",
        "created_on": "2025-12-22 23:02:05",
        "modified_on": "2025-12-22 23:02:05",
        "created_by": "data generation",
        "modified_by": "data generation"
    }
]
[INFO][2025-12-25 03:18:56][case_setup.role_case_setup:role_case_setup:23] [
    {
        "_id": "69496b7d3a739f3bcffdeef7",
        "name": "admin",
        "created_on": "2025-12-22 23:02:05",
        "modified_on": "2025-12-22 23:02:05",
        "created_by": "data generation",
        "modified_by": "data generation"
    },
    {
        "_id": "69496b7d3a739f3bcffdeef8",
        "name": "teacher",
        "created_on": "2025-12-22 23:02:05",
        "modified_on": "2025-12-22 23:02:05",
        "created_by": "data generation",
        "modified_by": "data generation"
    },
    {
        "_id": "69496b7d3a739f3bcffdeef9",
        "name": "student",
        "created_on": "2025-12-22 23:02:05",
        "modified_on": "2025-12-22 23:02:05",
        "created_by": "data generation",
        "modified_by": "data generation"
    }
]
[INFO][2025-12-25 03:18:56][case_setup.role_case_setup:role_case_setup:36] {
    "admin_role_name": "admin",
    "student_role_name": "student",
    "teacher_role_name": "teacher",
    "admin_role_id": "69496b7d3a739f3bcffdeef7",
    "teacher_role_id": "69496b7d3a739f3bcffdeef8",
    "student_role_id": "69496b7d3a739f3bcffdeef9"
}
[INFO][2025-12-25 03:18:56][helpers.load_data:load_data:35] Loading data from '/home/user/apitestcapprj/data/test_cases/role_test_cases.xlsx'.
[SUCCESS][2025-12-25 03:18:56][helpers.load_data:load_data:41] Complete loading data from '/home/user/apitestcapprj/data/test_cases/role_test_cases.xlsx'.
[SUCCESS][2025-12-25 03:18:56][case_setup.test_case_setup:test_case_setup:32] Test case setup successfully.
[INFO][2025-12-25 03:18:56][case_setup.test_case_setup:test_case_setup:33] Test case info:
[
    {
        "status": "Done",
        "case_no": "Role01",
        "author": "Nhat",
        "role": "admin",
        "title": "GetAllRoles",
        "description": "Get all roles",
        "method": "GET",
        "api": "https://datn-be-steel.vercel.app/api/roles",
        "request_body": null,
        "expected_result": {
            "_id": "69496b7d3a739f3bcffdeef7",
            "status_code": 200
        },
        "jira_number": NaN,
        "note": "Note"
    }
]
[INFO][2025-12-25 03:18:56][case_setup.run_case:run_case:45] Run case: Role01 - Get all roles
[INFO][2025-12-25 03:18:56][case_setup.run_case:run_case:66] Response:
200, [{"_id":"69496b7d3a739f3bcffdeef7","name":"admin","created_on":"2025-12-22 23:02:05","modified_on":"2025-12-22 23:02:05","created_by":"data generation","modified_by":"data generation"},{"_id":"69496b7d3a739f3bcffdeef8","name":"teacher","created_on":"2025-12-22 23:02:05","modified_on":"2025-12-22 23:02:05","created_by":"data generation","modified_by":"data generation"},{"_id":"69496b7d3a739f3bcffdeef9","name":"student","created_on":"2025-12-22 23:02:05","modified_on":"2025-12-22 23:02:05","created_by":"data generation","modified_by":"data generation"}]
[SUCCESS][2025-12-25 03:18:56][case_setup.run_case:run_case:93] [PASSED] Key: '_id' is in list of keys: dict_keys(['_id', 'name', 'created_on', 'modified_on', 'created_by', 'modified_by']).
[SUCCESS][2025-12-25 03:18:56][case_setup.run_case:run_case:102] [PASSED] Value: '['69496b7d3a739f3bcffdeef7', '69496b7d3a739f3bcffdeef8', '69496b7d3a739f3bcffdeef9']' is in list of values: '69496b7d3a739f3bcffdeef7'.
[SUCCESS][2025-12-25 03:18:56][case_setup.run_case:run_case:76] [PASSED] Status code is equal. Expected: 200, Actual: 200.
[SUCCESS][2025-12-25 03:18:56][case_setup.run_case:run_case:113] Done case: Role01 - Get all roles
[SUCCESS][2025-12-25 03:18:56][case_setup.run_case:run_case:117] All test cases are done.
[INFO][2025-12-25 03:18:56][__main__:<module>:28] Total cases: 1
[INFO][2025-12-25 03:18:56][__main__:<module>:29] Pass cases: 1
[INFO][2025-12-25 03:18:56][__main__:<module>:30] Failed cases: 0
[INFO][2025-12-25 03:18:56][__main__:<module>:31] Detail result:
   index case_no  result detail             datetime
0      1  Role01  Passed         2025-12-25 03:18:56
[INFO][2025-12-25 03:18:56][common.client:logout:157] User: 'test_user_01@gmail.com', role: 'admin' logout.
[INFO][2025-12-25 03:18:56][common.client:logout:159] Logout info: 200, "User logged out successfully".
[INFO][2025-12-25 03:18:57][common.client:logout:157] User: 'test_user_07@gmail.com', role: 'student' logout.
[INFO][2025-12-25 03:18:57][common.client:logout:159] Logout info: 200, "User logged out successfully".
[INFO][2025-12-25 03:18:57][common.client:logout:157] User: 'test_user_02@gmail.com', role: 'teacher' logout.
[INFO][2025-12-25 03:18:57][common.client:logout:159] Logout info: 200, "User logged out successfully".
[SUCCESS][2025-12-25 03:18:57][__main__:<module>:40] ================== End testing ===================
[INFO][2025-12-25 03:30:45][common.common_setup:<module>:13] Base dir: /home/user/apitestcapprj
[INFO][2025-12-25 03:30:45][helpers.load_data:load_data:35] Loading data from '/home/user/apitestcapprj/configs/user_info.json'.
[SUCCESS][2025-12-25 03:30:45][helpers.load_data:load_data:41] Complete loading data from '/home/user/apitestcapprj/configs/user_info.json'.
[SUCCESS][2025-12-25 03:30:45][common.common_setup:<module>:22] Load client info successfully:
{
    "admin": {
        "email": "test_user_01@gmail.com",
        "password": "123456789"
    },
    "student": {
        "email": "test_user_07@gmail.com",
        "password": "123456789"
    },
    "teacher": {
        "email": "test_user_02@gmail.com",
        "password": "123456789"
    }
}
[INFO][2025-12-25 03:30:45][helpers.load_data:load_data:35] Loading data from '/home/user/apitestcapprj/data/request_body_template/role_request_body_template.json'.
[SUCCESS][2025-12-25 03:30:45][helpers.load_data:load_data:41] Complete loading data from '/home/user/apitestcapprj/data/request_body_template/role_request_body_template.json'.
[SUCCESS][2025-12-25 03:30:45][common.common_setup:<module>:28] Load predata successfully:
{
    "predata": {
        "role_01": {
            "name": "API predata - role 01"
        }
    },
    "need_clear": [
        "API predata - role 01"
    ]
}
[INFO][2025-12-25 03:30:45][common.client:login:143] Login with role: admin, email: test_user_01@gmail.com and password: 123456789.
[SUCCESS][2025-12-25 03:30:51][common.client:login:154] Login successfully.
[INFO][2025-12-25 03:30:51][common.client:login:143] Login with role: student, email: test_user_07@gmail.com and password: 123456789.
[SUCCESS][2025-12-25 03:30:52][common.client:login:154] Login successfully.
[INFO][2025-12-25 03:30:52][common.client:login:143] Login with role: teacher, email: test_user_02@gmail.com and password: 123456789.
[SUCCESS][2025-12-25 03:30:53][common.client:login:154] Login successfully.
[INFO][2025-12-25 03:30:53][__main__:<module>:9] ================= Start testing ==================
[SUCCESS][2025-12-25 03:30:54][process_responses.role_process_responses:get_all_roles:23] Get all roles successfully:
[
    {
        "_id": "69496b7d3a739f3bcffdeef7",
        "name": "admin",
        "created_on": "2025-12-22 23:02:05",
        "modified_on": "2025-12-22 23:02:05",
        "created_by": "data generation",
        "modified_by": "data generation"
    },
    {
        "_id": "69496b7d3a739f3bcffdeef8",
        "name": "teacher",
        "created_on": "2025-12-22 23:02:05",
        "modified_on": "2025-12-22 23:02:05",
        "created_by": "data generation",
        "modified_by": "data generation"
    },
    {
        "_id": "69496b7d3a739f3bcffdeef9",
        "name": "student",
        "created_on": "2025-12-22 23:02:05",
        "modified_on": "2025-12-22 23:02:05",
        "created_by": "data generation",
        "modified_by": "data generation"
    }
]
[SUCCESS][2025-12-25 03:30:54][process_responses.role_process_responses:clear_data:72] Clear data successfully.
[SUCCESS][2025-12-25 03:30:54][process_responses.role_process_responses:get_all_roles:23] Get all roles successfully:
[
    {
        "_id": "69496b7d3a739f3bcffdeef7",
        "name": "admin",
        "created_on": "2025-12-22 23:02:05",
        "modified_on": "2025-12-22 23:02:05",
        "created_by": "data generation",
        "modified_by": "data generation"
    },
    {
        "_id": "69496b7d3a739f3bcffdeef8",
        "name": "teacher",
        "created_on": "2025-12-22 23:02:05",
        "modified_on": "2025-12-22 23:02:05",
        "created_by": "data generation",
        "modified_by": "data generation"
    },
    {
        "_id": "69496b7d3a739f3bcffdeef9",
        "name": "student",
        "created_on": "2025-12-22 23:02:05",
        "modified_on": "2025-12-22 23:02:05",
        "created_by": "data generation",
        "modified_by": "data generation"
    }
]
[INFO][2025-12-25 03:30:54][case_setup.role_case_setup:role_case_setup:23] [
    {
        "_id": "69496b7d3a739f3bcffdeef7",
        "name": "admin",
        "created_on": "2025-12-22 23:02:05",
        "modified_on": "2025-12-22 23:02:05",
        "created_by": "data generation",
        "modified_by": "data generation"
    },
    {
        "_id": "69496b7d3a739f3bcffdeef8",
        "name": "teacher",
        "created_on": "2025-12-22 23:02:05",
        "modified_on": "2025-12-22 23:02:05",
        "created_by": "data generation",
        "modified_by": "data generation"
    },
    {
        "_id": "69496b7d3a739f3bcffdeef9",
        "name": "student",
        "created_on": "2025-12-22 23:02:05",
        "modified_on": "2025-12-22 23:02:05",
        "created_by": "data generation",
        "modified_by": "data generation"
    }
]
[SUCCESS][2025-12-25 03:30:55][process_responses.role_process_responses:get_role_by_id:32] Get role by id successfully:
{
    "_id": "69496b7d3a739f3bcffdeef7",
    "name": "admin",
    "created_on": "2025-12-22 23:02:05",
    "modified_on": "2025-12-22 23:02:05",
    "created_by": "data generation",
    "modified_by": "data generation"
}
[SUCCESS][2025-12-25 03:30:55][process_responses.role_process_responses:get_role_by_id:32] Get role by id successfully:
{
    "_id": "69496b7d3a739f3bcffdeef9",
    "name": "student",
    "created_on": "2025-12-22 23:02:05",
    "modified_on": "2025-12-22 23:02:05",
    "created_by": "data generation",
    "modified_by": "data generation"
}
[SUCCESS][2025-12-25 03:30:56][process_responses.role_process_responses:get_role_by_id:32] Get role by id successfully:
{
    "_id": "69496b7d3a739f3bcffdeef8",
    "name": "teacher",
    "created_on": "2025-12-22 23:02:05",
    "modified_on": "2025-12-22 23:02:05",
    "created_by": "data generation",
    "modified_by": "data generation"
}
[INFO][2025-12-25 03:30:56][case_setup.role_case_setup:role_case_setup:38] {
    "admin_role_name": "admin",
    "student_role_name": "student",
    "teacher_role_name": "teacher",
    "admin_role_id": "69496b7d3a739f3bcffdeef7",
    "teacher_role_id": "69496b7d3a739f3bcffdeef8",
    "student_role_id": "69496b7d3a739f3bcffdeef9"
}
[INFO][2025-12-25 03:30:56][common.client:logout:157] User: 'test_user_01@gmail.com', role: 'admin' logout.
[INFO][2025-12-25 03:30:56][common.client:logout:159] Logout info: 200, "User logged out successfully".
[INFO][2025-12-25 03:30:56][common.client:logout:157] User: 'test_user_07@gmail.com', role: 'student' logout.
[INFO][2025-12-25 03:30:56][common.client:logout:159] Logout info: 200, "User logged out successfully".
[INFO][2025-12-25 03:30:56][common.client:logout:157] User: 'test_user_02@gmail.com', role: 'teacher' logout.
[INFO][2025-12-25 03:30:57][common.client:logout:159] Logout info: 200, "User logged out successfully".
[SUCCESS][2025-12-25 03:30:57][__main__:<module>:40] ================== End testing ===================
[INFO][2025-12-25 03:42:13][common.common_setup:<module>:13] Base dir: /home/user/apitestcapprj
[INFO][2025-12-25 03:42:13][helpers.load_data:load_data:35] Loading data from '/home/user/apitestcapprj/configs/user_info.json'.
[SUCCESS][2025-12-25 03:42:13][helpers.load_data:load_data:41] Complete loading data from '/home/user/apitestcapprj/configs/user_info.json'.
[SUCCESS][2025-12-25 03:42:13][common.common_setup:<module>:22] Load client info successfully:
{
    "admin": {
        "email": "test_user_01@gmail.com",
        "password": "123456789"
    },
    "student": {
        "email": "test_user_07@gmail.com",
        "password": "123456789"
    },
    "teacher": {
        "email": "test_user_02@gmail.com",
        "password": "123456789"
    }
}
[INFO][2025-12-25 03:42:13][helpers.load_data:load_data:35] Loading data from '/home/user/apitestcapprj/data/request_body_template/role_request_body_template.json'.
[SUCCESS][2025-12-25 03:42:13][helpers.load_data:load_data:41] Complete loading data from '/home/user/apitestcapprj/data/request_body_template/role_request_body_template.json'.
[SUCCESS][2025-12-25 03:42:13][common.common_setup:<module>:28] Load predata successfully:
{
    "predata": {
        "role_01": {
            "name": "API predata - role 01",
            "created_on": "{datetime(%Y-%m-%d %H:%M:%S,0)}",
            "modified_on": "{datetime(%Y-%m-%d %H:%M:%S,0)}",
            "created_by": "API test - {random_string(10)}",
            "modified_by": "API test - {random_string(10)}"
        }
    },
    "need_clear": [
        "API predata - role 01"
    ]
}
[INFO][2025-12-25 03:42:13][common.client:login:143] Login with role: admin, email: test_user_01@gmail.com and password: 123456789.
[SUCCESS][2025-12-25 03:42:19][common.client:login:154] Login successfully.
[INFO][2025-12-25 03:42:19][common.client:login:143] Login with role: student, email: test_user_07@gmail.com and password: 123456789.
[SUCCESS][2025-12-25 03:42:20][common.client:login:154] Login successfully.
[INFO][2025-12-25 03:42:20][common.client:login:143] Login with role: teacher, email: test_user_02@gmail.com and password: 123456789.
[SUCCESS][2025-12-25 03:42:21][common.client:login:154] Login successfully.
[INFO][2025-12-25 03:42:21][__main__:<module>:9] ================= Start testing ==================
[SUCCESS][2025-12-25 03:42:22][process_responses.role_process_responses:get_all_roles:23] Get all roles successfully:
[
    {
        "_id": "69496b7d3a739f3bcffdeef7",
        "name": "admin",
        "created_on": "2025-12-22 23:02:05",
        "modified_on": "2025-12-22 23:02:05",
        "created_by": "data generation",
        "modified_by": "data generation"
    },
    {
        "_id": "69496b7d3a739f3bcffdeef8",
        "name": "teacher",
        "created_on": "2025-12-22 23:02:05",
        "modified_on": "2025-12-22 23:02:05",
        "created_by": "data generation",
        "modified_by": "data generation"
    },
    {
        "_id": "69496b7d3a739f3bcffdeef9",
        "name": "student",
        "created_on": "2025-12-22 23:02:05",
        "modified_on": "2025-12-22 23:02:05",
        "created_by": "data generation",
        "modified_by": "data generation"
    }
]
[SUCCESS][2025-12-25 03:42:22][process_responses.role_process_responses:clear_data:82] Clear data successfully.
[SUCCESS][2025-12-25 03:42:22][process_responses.role_process_responses:get_all_roles:23] Get all roles successfully:
[
    {
        "_id": "69496b7d3a739f3bcffdeef7",
        "name": "admin",
        "created_on": "2025-12-22 23:02:05",
        "modified_on": "2025-12-22 23:02:05",
        "created_by": "data generation",
        "modified_by": "data generation"
    },
    {
        "_id": "69496b7d3a739f3bcffdeef8",
        "name": "teacher",
        "created_on": "2025-12-22 23:02:05",
        "modified_on": "2025-12-22 23:02:05",
        "created_by": "data generation",
        "modified_by": "data generation"
    },
    {
        "_id": "69496b7d3a739f3bcffdeef9",
        "name": "student",
        "created_on": "2025-12-22 23:02:05",
        "modified_on": "2025-12-22 23:02:05",
        "created_by": "data generation",
        "modified_by": "data generation"
    }
]
[ERROR][2025-12-25 03:42:23][case_setup.role_case_setup:role_case_setup:36] An error has been caught in function 'role_case_setup', process 'MainProcess' (20627), thread 'MainThread' (132765076981568):
Traceback (most recent call last):

  File "/home/user/apitestcapprj/main.py", line 14, in <module>
    pre_data: Dict = role_case_setup()
                     └ <function role_case_setup at 0x78bfac45bd80>

  File "/home/user/apitestcapprj/helpers/logger_wrapper.py", line 14, in wrap
    return func(*args, **kwargs)
           │     │       └ {}
           │     └ ()
           └ <function role_case_setup at 0x78bfac7825c0>

> File "/home/user/apitestcapprj/case_setup/role_case_setup.py", line 36, in role_case_setup
    role_01_info: Dict = admin.RoleProcessResponse.create_new_role_with_check(role_01_request_body)
                         │     │                   │                          └ {'name': 'API predata - role 01', 'created_on': '2025-12-25 03:42:22', 'modified_on': '2025-12-25 03:42:22', 'created_by': 'A...
                         │     │                   └ <function RoleProcessResponse.create_new_role_with_check at 0x78bfac45ad40>
                         │     └ <process_responses.role_process_responses.RoleProcessResponse object at 0x78bfadee6450>
                         └ <common.user.User object at 0x78bfac4554d0>

  File "/home/user/apitestcapprj/helpers/logger_wrapper.py", line 14, in wrap
    return func(*args, **kwargs)
           │     │       └ {}
           │     └ (<process_responses.role_process_responses.RoleProcessResponse object at 0x78bfadee6450>, {'name': 'API predata - role 01', '...
           └ <function RoleProcessResponse.create_new_role_with_check at 0x78bfac45ac00>

  File "/home/user/apitestcapprj/process_responses/role_process_responses.py", line 47, in create_new_role_with_check
    create_role_res = validate_response(self.create_new_role_with_check.__name__, create_role_res)
                      │                 │    │                          │         └ <Response [400]>
                      │                 │    │                          └ <attribute '__name__' of 'function' objects>
                      │                 │    └ <function RoleProcessResponse.create_new_role_with_check at 0x78bfac45ad40>
                      │                 └ <process_responses.role_process_responses.RoleProcessResponse object at 0x78bfadee6450>
                      └ <function validate_response at 0x78bfac782660>

  File "/home/user/apitestcapprj/helpers/validate_response.py", line 9, in validate_response
    raise Exception(f"[{funct_name}] Request error:\nStatus:{res.status_code}. Text:{res.text}")

Exception: [create_new_role_with_check] Request error:
Status:400. Text:"created_on" is not allowed
[ERROR][2025-12-25 03:42:23][__main__:<module>:14] An error has been caught in function '<module>', process 'MainProcess' (20627), thread 'MainThread' (132765076981568):
Traceback (most recent call last):

> File "/home/user/apitestcapprj/main.py", line 14, in <module>
    pre_data: Dict = role_case_setup()
                     └ <function role_case_setup at 0x78bfac45bd80>

  File "/home/user/apitestcapprj/helpers/logger_wrapper.py", line 14, in wrap
    return func(*args, **kwargs)
           │     │       └ {}
           │     └ ()
           └ <function role_case_setup at 0x78bfac7825c0>

  File "/home/user/apitestcapprj/case_setup/role_case_setup.py", line 37, in role_case_setup
    pre_data["role_01_id"] = role_01_info.get("_id")
    │                        └ None
    └ {'admin_role_name': 'admin', 'student_role_name': 'student', 'teacher_role_name': 'student'}

AttributeError: 'NoneType' object has no attribute 'get'
[INFO][2025-12-25 03:42:23][common.client:logout:157] User: 'test_user_01@gmail.com', role: 'admin' logout.
[INFO][2025-12-25 03:42:23][common.client:logout:159] Logout info: 200, "User logged out successfully".
[INFO][2025-12-25 03:42:23][common.client:logout:157] User: 'test_user_07@gmail.com', role: 'student' logout.
[INFO][2025-12-25 03:42:23][common.client:logout:159] Logout info: 200, "User logged out successfully".
[INFO][2025-12-25 03:42:23][common.client:logout:157] User: 'test_user_02@gmail.com', role: 'teacher' logout.
[INFO][2025-12-25 03:42:24][common.client:logout:159] Logout info: 200, "User logged out successfully".
[SUCCESS][2025-12-25 03:42:24][__main__:<module>:40] ================== End testing ===================
[INFO][2025-12-25 03:43:20][common.common_setup:<module>:13] Base dir: /home/user/apitestcapprj
[INFO][2025-12-25 03:43:20][helpers.load_data:load_data:35] Loading data from '/home/user/apitestcapprj/configs/user_info.json'.
[SUCCESS][2025-12-25 03:43:20][helpers.load_data:load_data:41] Complete loading data from '/home/user/apitestcapprj/configs/user_info.json'.
[SUCCESS][2025-12-25 03:43:20][common.common_setup:<module>:22] Load client info successfully:
{
    "admin": {
        "email": "test_user_01@gmail.com",
        "password": "123456789"
    },
    "student": {
        "email": "test_user_07@gmail.com",
        "password": "123456789"
    },
    "teacher": {
        "email": "test_user_02@gmail.com",
        "password": "123456789"
    }
}
[INFO][2025-12-25 03:43:20][helpers.load_data:load_data:35] Loading data from '/home/user/apitestcapprj/data/request_body_template/role_request_body_template.json'.
[SUCCESS][2025-12-25 03:43:20][helpers.load_data:load_data:41] Complete loading data from '/home/user/apitestcapprj/data/request_body_template/role_request_body_template.json'.
[SUCCESS][2025-12-25 03:43:20][common.common_setup:<module>:28] Load predata successfully:
{
    "predata": {
        "role_01": {
            "name": "API predata - role 01"
        }
    },
    "need_clear": [
        "API predata - role 01"
    ]
}
[INFO][2025-12-25 03:43:20][common.client:login:143] Login with role: admin, email: test_user_01@gmail.com and password: 123456789.
[SUCCESS][2025-12-25 03:43:21][common.client:login:154] Login successfully.
[INFO][2025-12-25 03:43:21][common.client:login:143] Login with role: student, email: test_user_07@gmail.com and password: 123456789.
[SUCCESS][2025-12-25 03:43:22][common.client:login:154] Login successfully.
[INFO][2025-12-25 03:43:22][common.client:login:143] Login with role: teacher, email: test_user_02@gmail.com and password: 123456789.
[SUCCESS][2025-12-25 03:43:22][common.client:login:154] Login successfully.
[INFO][2025-12-25 03:43:22][__main__:<module>:9] ================= Start testing ==================
[SUCCESS][2025-12-25 03:43:23][process_responses.role_process_responses:get_all_roles:23] Get all roles successfully:
[
    {
        "_id": "69496b7d3a739f3bcffdeef7",
        "name": "admin",
        "created_on": "2025-12-22 23:02:05",
        "modified_on": "2025-12-22 23:02:05",
        "created_by": "data generation",
        "modified_by": "data generation"
    },
    {
        "_id": "69496b7d3a739f3bcffdeef8",
        "name": "teacher",
        "created_on": "2025-12-22 23:02:05",
        "modified_on": "2025-12-22 23:02:05",
        "created_by": "data generation",
        "modified_by": "data generation"
    },
    {
        "_id": "69496b7d3a739f3bcffdeef9",
        "name": "student",
        "created_on": "2025-12-22 23:02:05",
        "modified_on": "2025-12-22 23:02:05",
        "created_by": "data generation",
        "modified_by": "data generation"
    }
]
[SUCCESS][2025-12-25 03:43:23][process_responses.role_process_responses:clear_data:82] Clear data successfully.
[SUCCESS][2025-12-25 03:43:23][process_responses.role_process_responses:get_all_roles:23] Get all roles successfully:
[
    {
        "_id": "69496b7d3a739f3bcffdeef7",
        "name": "admin",
        "created_on": "2025-12-22 23:02:05",
        "modified_on": "2025-12-22 23:02:05",
        "created_by": "data generation",
        "modified_by": "data generation"
    },
    {
        "_id": "69496b7d3a739f3bcffdeef8",
        "name": "teacher",
        "created_on": "2025-12-22 23:02:05",
        "modified_on": "2025-12-22 23:02:05",
        "created_by": "data generation",
        "modified_by": "data generation"
    },
    {
        "_id": "69496b7d3a739f3bcffdeef9",
        "name": "student",
        "created_on": "2025-12-22 23:02:05",
        "modified_on": "2025-12-22 23:02:05",
        "created_by": "data generation",
        "modified_by": "data generation"
    }
]
[SUCCESS][2025-12-25 03:43:24][process_responses.role_process_responses:create_new_role_with_check:51] Create new role successfully:
{
    "name": "API predata - role 01",
    "_id": "694cb2dc7f1cc0d02fd9c974",
    "__v": 0
}
[INFO][2025-12-25 03:43:24][case_setup.role_case_setup:role_case_setup:42] {
    "admin_role_name": "admin",
    "student_role_name": "student",
    "teacher_role_name": "student",
    "role_01_id": "694cb2dc7f1cc0d02fd9c974",
    "role_01_name": "API predata - role 01"
}
[INFO][2025-12-25 03:43:24][common.client:logout:157] User: 'test_user_01@gmail.com', role: 'admin' logout.
[INFO][2025-12-25 03:43:24][common.client:logout:159] Logout info: 200, "User logged out successfully".
[INFO][2025-12-25 03:43:24][common.client:logout:157] User: 'test_user_07@gmail.com', role: 'student' logout.
[INFO][2025-12-25 03:43:25][common.client:logout:159] Logout info: 200, "User logged out successfully".
[INFO][2025-12-25 03:43:25][common.client:logout:157] User: 'test_user_02@gmail.com', role: 'teacher' logout.
[INFO][2025-12-25 03:43:25][common.client:logout:159] Logout info: 200, "User logged out successfully".
[SUCCESS][2025-12-25 03:43:25][__main__:<module>:40] ================== End testing ===================
[INFO][2025-12-25 03:44:24][common.common_setup:<module>:13] Base dir: /home/user/apitestcapprj
[INFO][2025-12-25 03:44:24][helpers.load_data:load_data:35] Loading data from '/home/user/apitestcapprj/configs/user_info.json'.
[SUCCESS][2025-12-25 03:44:24][helpers.load_data:load_data:41] Complete loading data from '/home/user/apitestcapprj/configs/user_info.json'.
[SUCCESS][2025-12-25 03:44:24][common.common_setup:<module>:22] Load client info successfully:
{
    "admin": {
        "email": "test_user_01@gmail.com",
        "password": "123456789"
    },
    "student": {
        "email": "test_user_07@gmail.com",
        "password": "123456789"
    },
    "teacher": {
        "email": "test_user_02@gmail.com",
        "password": "123456789"
    }
}
[INFO][2025-12-25 03:44:24][helpers.load_data:load_data:35] Loading data from '/home/user/apitestcapprj/data/request_body_template/role_request_body_template.json'.
[SUCCESS][2025-12-25 03:44:24][helpers.load_data:load_data:41] Complete loading data from '/home/user/apitestcapprj/data/request_body_template/role_request_body_template.json'.
[SUCCESS][2025-12-25 03:44:24][common.common_setup:<module>:28] Load predata successfully:
{
    "predata": {
        "role_01": {
            "name": "API predata - role 01"
        }
    },
    "need_clear": [
        "API predata - role 01"
    ]
}
[INFO][2025-12-25 03:44:24][common.client:login:143] Login with role: admin, email: test_user_01@gmail.com and password: 123456789.
[SUCCESS][2025-12-25 03:44:25][common.client:login:154] Login successfully.
[INFO][2025-12-25 03:44:25][common.client:login:143] Login with role: student, email: test_user_07@gmail.com and password: 123456789.
[SUCCESS][2025-12-25 03:44:26][common.client:login:154] Login successfully.
[INFO][2025-12-25 03:44:26][common.client:login:143] Login with role: teacher, email: test_user_02@gmail.com and password: 123456789.
[SUCCESS][2025-12-25 03:44:27][common.client:login:154] Login successfully.
[INFO][2025-12-25 03:44:27][__main__:<module>:9] ================= Start testing ==================
[SUCCESS][2025-12-25 03:44:27][process_responses.role_process_responses:get_all_roles:23] Get all roles successfully:
[
    {
        "_id": "69496b7d3a739f3bcffdeef7",
        "name": "admin",
        "created_on": "2025-12-22 23:02:05",
        "modified_on": "2025-12-22 23:02:05",
        "created_by": "data generation",
        "modified_by": "data generation"
    },
    {
        "_id": "69496b7d3a739f3bcffdeef8",
        "name": "teacher",
        "created_on": "2025-12-22 23:02:05",
        "modified_on": "2025-12-22 23:02:05",
        "created_by": "data generation",
        "modified_by": "data generation"
    },
    {
        "_id": "69496b7d3a739f3bcffdeef9",
        "name": "student",
        "created_on": "2025-12-22 23:02:05",
        "modified_on": "2025-12-22 23:02:05",
        "created_by": "data generation",
        "modified_by": "data generation"
    },
    {
        "_id": "694cb2dc7f1cc0d02fd9c974",
        "name": "API predata - role 01",
        "__v": 0
    }
]
[ERROR][2025-12-25 03:44:27][case_setup.role_case_setup:role_case_setup:17] An error has been caught in function 'role_case_setup', process 'MainProcess' (21154), thread 'MainThread' (132908479567680):
Traceback (most recent call last):

  File "/home/user/apitestcapprj/main.py", line 14, in <module>
    pre_data: Dict = role_case_setup()
                     └ <function role_case_setup at 0x78e10fba7ec0>

  File "/home/user/apitestcapprj/helpers/logger_wrapper.py", line 14, in wrap
    return func(*args, **kwargs)
           │     │       └ {}
           │     └ ()
           └ <function role_case_setup at 0x78e10fd663e0>

> File "/home/user/apitestcapprj/case_setup/role_case_setup.py", line 17, in role_case_setup
    admin.RoleProcessResponse.clear_data(need_clear_data_info)
    │     │                   │          └ ['API predata - role 01']
    │     │                   └ <function RoleProcessResponse.clear_data at 0x78e10fba7920>
    │     └ <process_responses.role_process_responses.RoleProcessResponse object at 0x78e115412990>
    └ <common.user.User object at 0x78e1155e4250>

  File "/home/user/apitestcapprj/helpers/logger_wrapper.py", line 14, in wrap
    return func(*args, **kwargs)
           │     │       └ {}
           │     └ (<process_responses.role_process_responses.RoleProcessResponse object at 0x78e115412990>, ['API predata - role 01'])
           └ <function RoleProcessResponse.clear_data at 0x78e10fba77e0>

  File "/home/user/apitestcapprj/process_responses/role_process_responses.py", line 79, in clear_data
    logger.info(f"Clear data: {item['name']}")
    │      └ <function Logger.info at 0x78e1100b5440>
    └ <loguru.logger handlers=[(id=1, level=10, sink=<stdout>), (id=2, level=10, sink='/home/user/apitestcapprj/logs/2025-12-25.log...

TypeError: string indices must be integers, not 'str'
[SUCCESS][2025-12-25 03:44:28][process_responses.role_process_responses:get_all_roles:23] Get all roles successfully:
[
    {
        "_id": "69496b7d3a739f3bcffdeef7",
        "name": "admin",
        "created_on": "2025-12-22 23:02:05",
        "modified_on": "2025-12-22 23:02:05",
        "created_by": "data generation",
        "modified_by": "data generation"
    },
    {
        "_id": "69496b7d3a739f3bcffdeef8",
        "name": "teacher",
        "created_on": "2025-12-22 23:02:05",
        "modified_on": "2025-12-22 23:02:05",
        "created_by": "data generation",
        "modified_by": "data generation"
    },
    {
        "_id": "69496b7d3a739f3bcffdeef9",
        "name": "student",
        "created_on": "2025-12-22 23:02:05",
        "modified_on": "2025-12-22 23:02:05",
        "created_by": "data generation",
        "modified_by": "data generation"
    },
    {
        "_id": "694cb2dc7f1cc0d02fd9c974",
        "name": "API predata - role 01",
        "__v": 0
    }
]
[WARNING][2025-12-25 03:44:28][process_responses.role_process_responses:create_new_role_with_check:44] Role 'API predata - role 01' already exists.
[INFO][2025-12-25 03:44:28][case_setup.role_case_setup:role_case_setup:42] {
    "admin_role_name": "admin",
    "student_role_name": "student",
    "teacher_role_name": "student",
    "role_01_id": "694cb2dc7f1cc0d02fd9c974",
    "role_01_name": "API predata - role 01"
}
[INFO][2025-12-25 03:44:28][common.client:logout:157] User: 'test_user_01@gmail.com', role: 'admin' logout.
[INFO][2025-12-25 03:44:28][common.client:logout:159] Logout info: 200, "User logged out successfully".
[INFO][2025-12-25 03:44:28][common.client:logout:157] User: 'test_user_07@gmail.com', role: 'student' logout.
[INFO][2025-12-25 03:44:28][common.client:logout:159] Logout info: 200, "User logged out successfully".
[INFO][2025-12-25 03:44:28][common.client:logout:157] User: 'test_user_02@gmail.com', role: 'teacher' logout.
[INFO][2025-12-25 03:44:29][common.client:logout:159] Logout info: 200, "User logged out successfully".
[SUCCESS][2025-12-25 03:44:29][__main__:<module>:40] ================== End testing ===================
[INFO][2025-12-25 03:45:35][common.common_setup:<module>:13] Base dir: /home/user/apitestcapprj
[INFO][2025-12-25 03:45:35][helpers.load_data:load_data:35] Loading data from '/home/user/apitestcapprj/configs/user_info.json'.
[SUCCESS][2025-12-25 03:45:35][helpers.load_data:load_data:41] Complete loading data from '/home/user/apitestcapprj/configs/user_info.json'.
[SUCCESS][2025-12-25 03:45:35][common.common_setup:<module>:22] Load client info successfully:
{
    "admin": {
        "email": "test_user_01@gmail.com",
        "password": "123456789"
    },
    "student": {
        "email": "test_user_07@gmail.com",
        "password": "123456789"
    },
    "teacher": {
        "email": "test_user_02@gmail.com",
        "password": "123456789"
    }
}
[INFO][2025-12-25 03:45:35][helpers.load_data:load_data:35] Loading data from '/home/user/apitestcapprj/data/request_body_template/role_request_body_template.json'.
[SUCCESS][2025-12-25 03:45:35][helpers.load_data:load_data:41] Complete loading data from '/home/user/apitestcapprj/data/request_body_template/role_request_body_template.json'.
[SUCCESS][2025-12-25 03:45:35][common.common_setup:<module>:28] Load predata successfully:
{
    "predata": {
        "role_01": {
            "name": "API predata - role 01"
        }
    },
    "need_clear": [
        "API predata - role 01"
    ]
}
[INFO][2025-12-25 03:45:35][common.client:login:143] Login with role: admin, email: test_user_01@gmail.com and password: 123456789.
[SUCCESS][2025-12-25 03:45:36][common.client:login:154] Login successfully.
[INFO][2025-12-25 03:45:36][common.client:login:143] Login with role: student, email: test_user_07@gmail.com and password: 123456789.
[SUCCESS][2025-12-25 03:45:37][common.client:login:154] Login successfully.
[INFO][2025-12-25 03:45:37][common.client:login:143] Login with role: teacher, email: test_user_02@gmail.com and password: 123456789.
[SUCCESS][2025-12-25 03:45:37][common.client:login:154] Login successfully.
[INFO][2025-12-25 03:45:37][__main__:<module>:9] ================= Start testing ==================
[SUCCESS][2025-12-25 03:45:38][process_responses.role_process_responses:get_all_roles:23] Get all roles successfully:
[
    {
        "_id": "69496b7d3a739f3bcffdeef7",
        "name": "admin",
        "created_on": "2025-12-22 23:02:05",
        "modified_on": "2025-12-22 23:02:05",
        "created_by": "data generation",
        "modified_by": "data generation"
    },
    {
        "_id": "69496b7d3a739f3bcffdeef8",
        "name": "teacher",
        "created_on": "2025-12-22 23:02:05",
        "modified_on": "2025-12-22 23:02:05",
        "created_by": "data generation",
        "modified_by": "data generation"
    },
    {
        "_id": "69496b7d3a739f3bcffdeef9",
        "name": "student",
        "created_on": "2025-12-22 23:02:05",
        "modified_on": "2025-12-22 23:02:05",
        "created_by": "data generation",
        "modified_by": "data generation"
    },
    {
        "_id": "694cb2dc7f1cc0d02fd9c974",
        "name": "API predata - role 01",
        "__v": 0
    }
]
[INFO][2025-12-25 03:45:38][process_responses.role_process_responses:clear_data:79] Clear data: API predata - role 01
[ERROR][2025-12-25 03:45:38][case_setup.role_case_setup:role_case_setup:17] An error has been caught in function 'role_case_setup', process 'MainProcess' (21438), thread 'MainThread' (133162710681408):
Traceback (most recent call last):

  File "/home/user/apitestcapprj/main.py", line 14, in <module>
    pre_data: Dict = role_case_setup()
                     └ <function role_case_setup at 0x791c41343ec0>

  File "/home/user/apitestcapprj/helpers/logger_wrapper.py", line 14, in wrap
    return func(*args, **kwargs)
           │     │       └ {}
           │     └ ()
           └ <function role_case_setup at 0x791c413063e0>

> File "/home/user/apitestcapprj/case_setup/role_case_setup.py", line 17, in role_case_setup
    admin.RoleProcessResponse.clear_data(need_clear_data_info)
    │     │                   │          └ ['API predata - role 01']
    │     │                   └ <function RoleProcessResponse.clear_data at 0x791c413439c0>
    │     └ <process_responses.role_process_responses.RoleProcessResponse object at 0x791c4145b2d0>
    └ <common.user.User object at 0x791c41634d90>

  File "/home/user/apitestcapprj/helpers/logger_wrapper.py", line 14, in wrap
    return func(*args, **kwargs)
           │     │       └ {}
           │     └ (<process_responses.role_process_responses.RoleProcessResponse object at 0x791c4145b2d0>, ['API predata - role 01'])
           └ <function RoleProcessResponse.clear_data at 0x791c41343880>

  File "/home/user/apitestcapprj/process_responses/role_process_responses.py", line 80, in clear_data
    self.delete_role(item["id"])
    │    │           └ 'API predata - role 01'
    │    └ <function RoleProcessResponse.delete_role at 0x791c41343560>
    └ <process_responses.role_process_responses.RoleProcessResponse object at 0x791c4145b2d0>

TypeError: string indices must be integers, not 'str'
[SUCCESS][2025-12-25 03:45:39][process_responses.role_process_responses:get_all_roles:23] Get all roles successfully:
[
    {
        "_id": "69496b7d3a739f3bcffdeef7",
        "name": "admin",
        "created_on": "2025-12-22 23:02:05",
        "modified_on": "2025-12-22 23:02:05",
        "created_by": "data generation",
        "modified_by": "data generation"
    },
    {
        "_id": "69496b7d3a739f3bcffdeef8",
        "name": "teacher",
        "created_on": "2025-12-22 23:02:05",
        "modified_on": "2025-12-22 23:02:05",
        "created_by": "data generation",
        "modified_by": "data generation"
    },
    {
        "_id": "69496b7d3a739f3bcffdeef9",
        "name": "student",
        "created_on": "2025-12-22 23:02:05",
        "modified_on": "2025-12-22 23:02:05",
        "created_by": "data generation",
        "modified_by": "data generation"
    },
    {
        "_id": "694cb2dc7f1cc0d02fd9c974",
        "name": "API predata - role 01",
        "__v": 0
    }
]
[WARNING][2025-12-25 03:45:39][process_responses.role_process_responses:create_new_role_with_check:44] Role 'API predata - role 01' already exists.
[INFO][2025-12-25 03:45:39][case_setup.role_case_setup:role_case_setup:42] {
    "admin_role_name": "admin",
    "student_role_name": "student",
    "teacher_role_name": "student",
    "role_01_id": "694cb2dc7f1cc0d02fd9c974",
    "role_01_name": "API predata - role 01"
}
[INFO][2025-12-25 03:45:39][common.client:logout:157] User: 'test_user_01@gmail.com', role: 'admin' logout.
[INFO][2025-12-25 03:45:39][common.client:logout:159] Logout info: 200, "User logged out successfully".
[INFO][2025-12-25 03:45:39][common.client:logout:157] User: 'test_user_07@gmail.com', role: 'student' logout.
[INFO][2025-12-25 03:45:39][common.client:logout:159] Logout info: 200, "User logged out successfully".
[INFO][2025-12-25 03:45:39][common.client:logout:157] User: 'test_user_02@gmail.com', role: 'teacher' logout.
[INFO][2025-12-25 03:45:40][common.client:logout:159] Logout info: 200, "User logged out successfully".
[SUCCESS][2025-12-25 03:45:40][__main__:<module>:40] ================== End testing ===================
[INFO][2025-12-25 03:46:11][common.common_setup:<module>:13] Base dir: /home/user/apitestcapprj
[INFO][2025-12-25 03:46:11][helpers.load_data:load_data:35] Loading data from '/home/user/apitestcapprj/configs/user_info.json'.
[SUCCESS][2025-12-25 03:46:11][helpers.load_data:load_data:41] Complete loading data from '/home/user/apitestcapprj/configs/user_info.json'.
[SUCCESS][2025-12-25 03:46:11][common.common_setup:<module>:22] Load client info successfully:
{
    "admin": {
        "email": "test_user_01@gmail.com",
        "password": "123456789"
    },
    "student": {
        "email": "test_user_07@gmail.com",
        "password": "123456789"
    },
    "teacher": {
        "email": "test_user_02@gmail.com",
        "password": "123456789"
    }
}
[INFO][2025-12-25 03:46:11][helpers.load_data:load_data:35] Loading data from '/home/user/apitestcapprj/data/request_body_template/role_request_body_template.json'.
[SUCCESS][2025-12-25 03:46:11][helpers.load_data:load_data:41] Complete loading data from '/home/user/apitestcapprj/data/request_body_template/role_request_body_template.json'.
[SUCCESS][2025-12-25 03:46:11][common.common_setup:<module>:28] Load predata successfully:
{
    "predata": {
        "role_01": {
            "name": "API predata - role 01"
        }
    },
    "need_clear": [
        "API predata - role 01"
    ]
}
[INFO][2025-12-25 03:46:11][common.client:login:143] Login with role: admin, email: test_user_01@gmail.com and password: 123456789.
[SUCCESS][2025-12-25 03:46:12][common.client:login:154] Login successfully.
[INFO][2025-12-25 03:46:12][common.client:login:143] Login with role: student, email: test_user_07@gmail.com and password: 123456789.
[SUCCESS][2025-12-25 03:46:13][common.client:login:154] Login successfully.
[INFO][2025-12-25 03:46:13][common.client:login:143] Login with role: teacher, email: test_user_02@gmail.com and password: 123456789.
[SUCCESS][2025-12-25 03:46:13][common.client:login:154] Login successfully.
[INFO][2025-12-25 03:46:13][__main__:<module>:9] ================= Start testing ==================
[SUCCESS][2025-12-25 03:46:14][process_responses.role_process_responses:get_all_roles:23] Get all roles successfully:
[
    {
        "_id": "69496b7d3a739f3bcffdeef7",
        "name": "admin",
        "created_on": "2025-12-22 23:02:05",
        "modified_on": "2025-12-22 23:02:05",
        "created_by": "data generation",
        "modified_by": "data generation"
    },
    {
        "_id": "69496b7d3a739f3bcffdeef8",
        "name": "teacher",
        "created_on": "2025-12-22 23:02:05",
        "modified_on": "2025-12-22 23:02:05",
        "created_by": "data generation",
        "modified_by": "data generation"
    },
    {
        "_id": "69496b7d3a739f3bcffdeef9",
        "name": "student",
        "created_on": "2025-12-22 23:02:05",
        "modified_on": "2025-12-22 23:02:05",
        "created_by": "data generation",
        "modified_by": "data generation"
    },
    {
        "_id": "694cb2dc7f1cc0d02fd9c974",
        "name": "API predata - role 01",
        "__v": 0
    }
]
[INFO][2025-12-25 03:46:14][process_responses.role_process_responses:clear_data:79] Clear data: API predata - role 01
[ERROR][2025-12-25 03:46:14][case_setup.role_case_setup:role_case_setup:17] An error has been caught in function 'role_case_setup', process 'MainProcess' (21619), thread 'MainThread' (137481573271360):
Traceback (most recent call last):

  File "/home/user/apitestcapprj/main.py", line 14, in <module>
    pre_data: Dict = role_case_setup()
                     └ <function role_case_setup at 0x7d09d15a3ec0>

  File "/home/user/apitestcapprj/helpers/logger_wrapper.py", line 14, in wrap
    return func(*args, **kwargs)
           │     │       └ {}
           │     └ ()
           └ <function role_case_setup at 0x7d09d17623e0>

> File "/home/user/apitestcapprj/case_setup/role_case_setup.py", line 17, in role_case_setup
    admin.RoleProcessResponse.clear_data(need_clear_data_info)
    │     │                   │          └ ['API predata - role 01']
    │     │                   └ <function RoleProcessResponse.clear_data at 0x7d09d15a39c0>
    │     └ <process_responses.role_process_responses.RoleProcessResponse object at 0x7d09d2afeb90>
    └ <common.user.User object at 0x7d09d3cc5ed0>

  File "/home/user/apitestcapprj/helpers/logger_wrapper.py", line 14, in wrap
    return func(*args, **kwargs)
           │     │       └ {}
           │     └ (<process_responses.role_process_responses.RoleProcessResponse object at 0x7d09d2afeb90>, ['API predata - role 01'])
           └ <function RoleProcessResponse.clear_data at 0x7d09d15a3880>

  File "/home/user/apitestcapprj/process_responses/role_process_responses.py", line 80, in clear_data
    self.delete_role(current_role["id"])
    │    │           └ {'_id': '694cb2dc7f1cc0d02fd9c974', 'name': 'API predata - role 01', '__v': 0}
    │    └ <function RoleProcessResponse.delete_role at 0x7d09d15a3560>
    └ <process_responses.role_process_responses.RoleProcessResponse object at 0x7d09d2afeb90>

KeyError: 'id'
[SUCCESS][2025-12-25 03:46:15][process_responses.role_process_responses:get_all_roles:23] Get all roles successfully:
[
    {
        "_id": "69496b7d3a739f3bcffdeef7",
        "name": "admin",
        "created_on": "2025-12-22 23:02:05",
        "modified_on": "2025-12-22 23:02:05",
        "created_by": "data generation",
        "modified_by": "data generation"
    },
    {
        "_id": "69496b7d3a739f3bcffdeef8",
        "name": "teacher",
        "created_on": "2025-12-22 23:02:05",
        "modified_on": "2025-12-22 23:02:05",
        "created_by": "data generation",
        "modified_by": "data generation"
    },
    {
        "_id": "69496b7d3a739f3bcffdeef9",
        "name": "student",
        "created_on": "2025-12-22 23:02:05",
        "modified_on": "2025-12-22 23:02:05",
        "created_by": "data generation",
        "modified_by": "data generation"
    },
    {
        "_id": "694cb2dc7f1cc0d02fd9c974",
        "name": "API predata - role 01",
        "__v": 0
    }
]
[WARNING][2025-12-25 03:46:15][process_responses.role_process_responses:create_new_role_with_check:44] Role 'API predata - role 01' already exists.
[INFO][2025-12-25 03:46:15][case_setup.role_case_setup:role_case_setup:42] {
    "admin_role_name": "admin",
    "student_role_name": "student",
    "teacher_role_name": "student",
    "role_01_id": "694cb2dc7f1cc0d02fd9c974",
    "role_01_name": "API predata - role 01"
}
[INFO][2025-12-25 03:46:15][common.client:logout:157] User: 'test_user_01@gmail.com', role: 'admin' logout.
[INFO][2025-12-25 03:46:15][common.client:logout:159] Logout info: 200, "User logged out successfully".
[INFO][2025-12-25 03:46:15][common.client:logout:157] User: 'test_user_07@gmail.com', role: 'student' logout.
[INFO][2025-12-25 03:46:15][common.client:logout:159] Logout info: 200, "User logged out successfully".
[INFO][2025-12-25 03:46:15][common.client:logout:157] User: 'test_user_02@gmail.com', role: 'teacher' logout.
[INFO][2025-12-25 03:46:16][common.client:logout:159] Logout info: 200, "User logged out successfully".
[SUCCESS][2025-12-25 03:46:16][__main__:<module>:40] ================== End testing ===================
[INFO][2025-12-25 03:46:23][common.common_setup:<module>:13] Base dir: /home/user/apitestcapprj
[INFO][2025-12-25 03:46:23][helpers.load_data:load_data:35] Loading data from '/home/user/apitestcapprj/configs/user_info.json'.
[SUCCESS][2025-12-25 03:46:23][helpers.load_data:load_data:41] Complete loading data from '/home/user/apitestcapprj/configs/user_info.json'.
[SUCCESS][2025-12-25 03:46:23][common.common_setup:<module>:22] Load client info successfully:
{
    "admin": {
        "email": "test_user_01@gmail.com",
        "password": "123456789"
    },
    "student": {
        "email": "test_user_07@gmail.com",
        "password": "123456789"
    },
    "teacher": {
        "email": "test_user_02@gmail.com",
        "password": "123456789"
    }
}
[INFO][2025-12-25 03:46:23][helpers.load_data:load_data:35] Loading data from '/home/user/apitestcapprj/data/request_body_template/role_request_body_template.json'.
[SUCCESS][2025-12-25 03:46:23][helpers.load_data:load_data:41] Complete loading data from '/home/user/apitestcapprj/data/request_body_template/role_request_body_template.json'.
[SUCCESS][2025-12-25 03:46:23][common.common_setup:<module>:28] Load predata successfully:
{
    "predata": {
        "role_01": {
            "name": "API predata - role 01"
        }
    },
    "need_clear": [
        "API predata - role 01"
    ]
}
[INFO][2025-12-25 03:46:23][common.client:login:143] Login with role: admin, email: test_user_01@gmail.com and password: 123456789.
[SUCCESS][2025-12-25 03:46:24][common.client:login:154] Login successfully.
[INFO][2025-12-25 03:46:24][common.client:login:143] Login with role: student, email: test_user_07@gmail.com and password: 123456789.
[SUCCESS][2025-12-25 03:46:25][common.client:login:154] Login successfully.
[INFO][2025-12-25 03:46:25][common.client:login:143] Login with role: teacher, email: test_user_02@gmail.com and password: 123456789.
[SUCCESS][2025-12-25 03:46:26][common.client:login:154] Login successfully.
[INFO][2025-12-25 03:46:26][__main__:<module>:9] ================= Start testing ==================
[SUCCESS][2025-12-25 03:46:26][process_responses.role_process_responses:get_all_roles:23] Get all roles successfully:
[
    {
        "_id": "69496b7d3a739f3bcffdeef7",
        "name": "admin",
        "created_on": "2025-12-22 23:02:05",
        "modified_on": "2025-12-22 23:02:05",
        "created_by": "data generation",
        "modified_by": "data generation"
    },
    {
        "_id": "69496b7d3a739f3bcffdeef8",
        "name": "teacher",
        "created_on": "2025-12-22 23:02:05",
        "modified_on": "2025-12-22 23:02:05",
        "created_by": "data generation",
        "modified_by": "data generation"
    },
    {
        "_id": "69496b7d3a739f3bcffdeef9",
        "name": "student",
        "created_on": "2025-12-22 23:02:05",
        "modified_on": "2025-12-22 23:02:05",
        "created_by": "data generation",
        "modified_by": "data generation"
    },
    {
        "_id": "694cb2dc7f1cc0d02fd9c974",
        "name": "API predata - role 01",
        "__v": 0
    }
]
[INFO][2025-12-25 03:46:26][process_responses.role_process_responses:clear_data:79] Clear data: API predata - role 01
[INFO][2025-12-25 03:46:27][process_responses.role_process_responses:delete_role:67] Delete role response: 200, {"_id":"694cb2dc7f1cc0d02fd9c974","name":"API predata - role 01","__v":0}
[SUCCESS][2025-12-25 03:46:27][process_responses.role_process_responses:clear_data:82] Clear data successfully.
[SUCCESS][2025-12-25 03:46:27][process_responses.role_process_responses:get_all_roles:23] Get all roles successfully:
[
    {
        "_id": "69496b7d3a739f3bcffdeef7",
        "name": "admin",
        "created_on": "2025-12-22 23:02:05",
        "modified_on": "2025-12-22 23:02:05",
        "created_by": "data generation",
        "modified_by": "data generation"
    },
    {
        "_id": "69496b7d3a739f3bcffdeef8",
        "name": "teacher",
        "created_on": "2025-12-22 23:02:05",
        "modified_on": "2025-12-22 23:02:05",
        "created_by": "data generation",
        "modified_by": "data generation"
    },
    {
        "_id": "69496b7d3a739f3bcffdeef9",
        "name": "student",
        "created_on": "2025-12-22 23:02:05",
        "modified_on": "2025-12-22 23:02:05",
        "created_by": "data generation",
        "modified_by": "data generation"
    }
]
[SUCCESS][2025-12-25 03:46:28][process_responses.role_process_responses:create_new_role_with_check:51] Create new role successfully:
{
    "name": "API predata - role 01",
    "_id": "694cb3947f1cc0d02fd9c997",
    "__v": 0
}
[INFO][2025-12-25 03:46:28][case_setup.role_case_setup:role_case_setup:42] {
    "admin_role_name": "admin",
    "student_role_name": "student",
    "teacher_role_name": "student",
    "role_01_id": "694cb3947f1cc0d02fd9c997",
    "role_01_name": "API predata - role 01"
}
[INFO][2025-12-25 03:46:28][common.client:logout:157] User: 'test_user_01@gmail.com', role: 'admin' logout.
[INFO][2025-12-25 03:46:28][common.client:logout:159] Logout info: 200, "User logged out successfully".
[INFO][2025-12-25 03:46:28][common.client:logout:157] User: 'test_user_07@gmail.com', role: 'student' logout.
[INFO][2025-12-25 03:46:29][common.client:logout:159] Logout info: 200, "User logged out successfully".
[INFO][2025-12-25 03:46:29][common.client:logout:157] User: 'test_user_02@gmail.com', role: 'teacher' logout.
[INFO][2025-12-25 03:46:29][common.client:logout:159] Logout info: 200, "User logged out successfully".
[SUCCESS][2025-12-25 03:46:29][__main__:<module>:40] ================== End testing ===================
[INFO][2025-12-25 03:55:07][common.common_setup:<module>:13] Base dir: /home/user/apitestcapprj
[INFO][2025-12-25 03:55:07][helpers.load_data:load_data:35] Loading data from '/home/user/apitestcapprj/configs/user_info.json'.
[SUCCESS][2025-12-25 03:55:07][helpers.load_data:load_data:41] Complete loading data from '/home/user/apitestcapprj/configs/user_info.json'.
[SUCCESS][2025-12-25 03:55:07][common.common_setup:<module>:22] Load client info successfully:
{
    "admin": {
        "email": "test_user_01@gmail.com",
        "password": "123456789"
    },
    "student": {
        "email": "test_user_07@gmail.com",
        "password": "123456789"
    },
    "teacher": {
        "email": "test_user_02@gmail.com",
        "password": "123456789"
    }
}
[INFO][2025-12-25 03:55:07][helpers.load_data:load_data:35] Loading data from '/home/user/apitestcapprj/data/request_body_template/role_request_body_template.json'.
[SUCCESS][2025-12-25 03:55:07][helpers.load_data:load_data:41] Complete loading data from '/home/user/apitestcapprj/data/request_body_template/role_request_body_template.json'.
[SUCCESS][2025-12-25 03:55:07][common.common_setup:<module>:28] Load predata successfully:
{
    "predata": {
        "role_01": {
            "name": "API predata - role 01"
        }
    },
    "need_clear": [
        "API predata - role 01 - edited",
        "API csv - role 01"
    ]
}
[INFO][2025-12-25 03:55:07][common.client:login:143] Login with role: admin, email: test_user_01@gmail.com and password: 123456789.
[SUCCESS][2025-12-25 03:55:14][common.client:login:154] Login successfully.
[INFO][2025-12-25 03:55:14][common.client:login:143] Login with role: student, email: test_user_07@gmail.com and password: 123456789.
[SUCCESS][2025-12-25 03:55:14][common.client:login:154] Login successfully.
[INFO][2025-12-25 03:55:14][common.client:login:143] Login with role: teacher, email: test_user_02@gmail.com and password: 123456789.
[SUCCESS][2025-12-25 03:55:15][common.client:login:154] Login successfully.
[INFO][2025-12-25 03:55:15][__main__:<module>:9] ================= Start testing ==================
[SUCCESS][2025-12-25 03:55:16][process_responses.role_process_responses:get_all_roles:23] Get all roles successfully:
[
    {
        "_id": "69496b7d3a739f3bcffdeef7",
        "name": "admin",
        "created_on": "2025-12-22 23:02:05",
        "modified_on": "2025-12-22 23:02:05",
        "created_by": "data generation",
        "modified_by": "data generation"
    },
    {
        "_id": "69496b7d3a739f3bcffdeef8",
        "name": "teacher",
        "created_on": "2025-12-22 23:02:05",
        "modified_on": "2025-12-22 23:02:05",
        "created_by": "data generation",
        "modified_by": "data generation"
    },
    {
        "_id": "69496b7d3a739f3bcffdeef9",
        "name": "student",
        "created_on": "2025-12-22 23:02:05",
        "modified_on": "2025-12-22 23:02:05",
        "created_by": "data generation",
        "modified_by": "data generation"
    },
    {
        "_id": "694cb3947f1cc0d02fd9c997",
        "name": "API predata - role 01",
        "__v": 0
    }
]
[SUCCESS][2025-12-25 03:55:16][process_responses.role_process_responses:clear_data:82] Clear data successfully.
[SUCCESS][2025-12-25 03:55:17][process_responses.role_process_responses:get_all_roles:23] Get all roles successfully:
[
    {
        "_id": "69496b7d3a739f3bcffdeef7",
        "name": "admin",
        "created_on": "2025-12-22 23:02:05",
        "modified_on": "2025-12-22 23:02:05",
        "created_by": "data generation",
        "modified_by": "data generation"
    },
    {
        "_id": "69496b7d3a739f3bcffdeef8",
        "name": "teacher",
        "created_on": "2025-12-22 23:02:05",
        "modified_on": "2025-12-22 23:02:05",
        "created_by": "data generation",
        "modified_by": "data generation"
    },
    {
        "_id": "69496b7d3a739f3bcffdeef9",
        "name": "student",
        "created_on": "2025-12-22 23:02:05",
        "modified_on": "2025-12-22 23:02:05",
        "created_by": "data generation",
        "modified_by": "data generation"
    },
    {
        "_id": "694cb3947f1cc0d02fd9c997",
        "name": "API predata - role 01",
        "__v": 0
    }
]
[SUCCESS][2025-12-25 03:55:17][process_responses.role_process_responses:get_role_by_id:32] Get role by id successfully:
{
    "_id": "69496b7d3a739f3bcffdeef7",
    "name": "admin",
    "created_on": "2025-12-22 23:02:05",
    "modified_on": "2025-12-22 23:02:05",
    "created_by": "data generation",
    "modified_by": "data generation"
}
[SUCCESS][2025-12-25 03:55:18][process_responses.role_process_responses:get_all_roles:23] Get all roles successfully:
[
    {
        "_id": "69496b7d3a739f3bcffdeef7",
        "name": "admin",
        "created_on": "2025-12-22 23:02:05",
        "modified_on": "2025-12-22 23:02:05",
        "created_by": "data generation",
        "modified_by": "data generation"
    },
    {
        "_id": "69496b7d3a739f3bcffdeef8",
        "name": "teacher",
        "created_on": "2025-12-22 23:02:05",
        "modified_on": "2025-12-22 23:02:05",
        "created_by": "data generation",
        "modified_by": "data generation"
    },
    {
        "_id": "69496b7d3a739f3bcffdeef9",
        "name": "student",
        "created_on": "2025-12-22 23:02:05",
        "modified_on": "2025-12-22 23:02:05",
        "created_by": "data generation",
        "modified_by": "data generation"
    },
    {
        "_id": "694cb3947f1cc0d02fd9c997",
        "name": "API predata - role 01",
        "__v": 0
    }
]
[WARNING][2025-12-25 03:55:18][process_responses.role_process_responses:create_new_role_with_check:44] Role 'API predata - role 01' already exists.
[INFO][2025-12-25 03:55:18][case_setup.role_case_setup:role_case_setup:42] {
    "admin_role_name": "admin",
    "student_role_name": "student",
    "teacher_role_name": "student",
    "admin_role_id": "69496b7d3a739f3bcffdeef7",
    "teacher_role_id": "694cb3947f1cc0d02fd9c997",
    "student_role_id": "69496b7d3a739f3bcffdeef9",
    "role_01_id": "694cb3947f1cc0d02fd9c997",
    "role_01_name": "API predata - role 01"
}
[INFO][2025-12-25 03:55:18][helpers.load_data:load_data:35] Loading data from '/home/user/apitestcapprj/data/test_cases/role_test_cases.xlsx'.
[SUCCESS][2025-12-25 03:55:18][helpers.load_data:load_data:41] Complete loading data from '/home/user/apitestcapprj/data/test_cases/role_test_cases.xlsx'.
[SUCCESS][2025-12-25 03:55:18][case_setup.test_case_setup:test_case_setup:32] Test case setup successfully.
[INFO][2025-12-25 03:55:18][case_setup.test_case_setup:test_case_setup:33] Test case info:
[
    {
        "status": "Done",
        "case_no": "Role01",
        "author": "Nhat",
        "role": "admin",
        "title": "GetAllRoles",
        "description": "Get all roles",
        "method": "GET",
        "api": "https://datn-be-steel.vercel.app/api/roles",
        "request_body": null,
        "expected_result": {
            "_id": "69496b7d3a739f3bcffdeef7",
            "status_code": 200
        },
        "jira_number": NaN,
        "note": "Note"
    },
    {
        "status": "Done",
        "case_no": "Role02",
        "author": "Nhat",
        "role": "admin",
        "title": "GetRoleById",
        "description": "Get role by id",
        "method": "GET",
        "api": "https://datn-be-steel.vercel.app/api/roles/69496b7d3a739f3bcffdeef7",
        "request_body": null,
        "expected_result": {
            "_id": "69496b7d3a739f3bcffdeef7",
            "status_code": 200
        },
        "jira_number": NaN,
        "note": NaN
    },
    {
        "status": "Done",
        "case_no": "Role03",
        "author": "Nhat",
        "role": "admin",
        "title": "CreateNewRole",
        "description": "Create new role",
        "method": "POST",
        "api": "https://datn-be-steel.vercel.app/api/roles",
        "request_body": {
            "name": "API csv - role 01"
        },
        "expected_result": {
            "status_code": 200
        },
        "jira_number": NaN,
        "note": NaN
    },
    {
        "status": "Done",
        "case_no": "Role04",
        "author": "Nhat",
        "role": "admin",
        "title": NaN,
        "description": "Edit current role",
        "method": "PUT",
        "api": "https://datn-be-steel.vercel.app/api/roles/694cb3947f1cc0d02fd9c997",
        "request_body": {
            "name": "API predata - role 01 - edited"
        },
        "expected_result": {
            "_id": "694cb3947f1cc0d02fd9c997",
            "status_code": 200
        },
        "jira_number": NaN,
        "note": NaN
    }
]
[INFO][2025-12-25 03:55:18][case_setup.run_case:run_case:45] Run case: Role01 - Get all roles
[INFO][2025-12-25 03:55:19][case_setup.run_case:run_case:66] Response:
200, [{"_id":"69496b7d3a739f3bcffdeef7","name":"admin","created_on":"2025-12-22 23:02:05","modified_on":"2025-12-22 23:02:05","created_by":"data generation","modified_by":"data generation"},{"_id":"69496b7d3a739f3bcffdeef8","name":"teacher","created_on":"2025-12-22 23:02:05","modified_on":"2025-12-22 23:02:05","created_by":"data generation","modified_by":"data generation"},{"_id":"69496b7d3a739f3bcffdeef9","name":"student","created_on":"2025-12-22 23:02:05","modified_on":"2025-12-22 23:02:05","created_by":"data generation","modified_by":"data generation"},{"_id":"694cb3947f1cc0d02fd9c997","name":"API predata - role 01","__v":0}]
[SUCCESS][2025-12-25 03:55:19][case_setup.run_case:run_case:93] [PASSED] Key: '_id' is in list of keys: dict_keys(['_id', 'name', 'created_on', 'modified_on', 'created_by', 'modified_by']).
[SUCCESS][2025-12-25 03:55:19][case_setup.run_case:run_case:102] [PASSED] Value: '['69496b7d3a739f3bcffdeef7', '69496b7d3a739f3bcffdeef8', '69496b7d3a739f3bcffdeef9', '694cb3947f1cc0d02fd9c997']' is in list of values: '69496b7d3a739f3bcffdeef7'.
[SUCCESS][2025-12-25 03:55:19][case_setup.run_case:run_case:76] [PASSED] Status code is equal. Expected: 200, Actual: 200.
[SUCCESS][2025-12-25 03:55:19][case_setup.run_case:run_case:113] Done case: Role01 - Get all roles
[INFO][2025-12-25 03:55:19][case_setup.run_case:run_case:45] Run case: Role02 - Get role by id
[INFO][2025-12-25 03:55:19][case_setup.run_case:run_case:66] Response:
200, {"_id":"69496b7d3a739f3bcffdeef7","name":"admin","created_on":"2025-12-22 23:02:05","modified_on":"2025-12-22 23:02:05","created_by":"data generation","modified_by":"data generation"}
[SUCCESS][2025-12-25 03:55:19][case_setup.run_case:run_case:93] [PASSED] Key: '_id' is in list of keys: dict_keys(['_id', 'name', 'created_on', 'modified_on', 'created_by', 'modified_by']).
[ERROR][2025-12-25 03:55:19][case_setup.run_case:run_case:107] [FAILED] Value is not equal. Expected: '69496b7d3a739f3bcffdeef7', Actual: 'None'.
[SUCCESS][2025-12-25 03:55:19][case_setup.run_case:run_case:76] [PASSED] Status code is equal. Expected: 200, Actual: 200.
[SUCCESS][2025-12-25 03:55:19][case_setup.run_case:run_case:113] Done case: Role02 - Get role by id
[INFO][2025-12-25 03:55:19][case_setup.run_case:run_case:45] Run case: Role03 - Create new role
[INFO][2025-12-25 03:55:20][case_setup.run_case:run_case:66] Response:
200, {"name":"API csv - role 01","_id":"694cb5a89fcc9f9778c3bddb","__v":0}
[SUCCESS][2025-12-25 03:55:20][case_setup.run_case:run_case:76] [PASSED] Status code is equal. Expected: 200, Actual: 200.
[SUCCESS][2025-12-25 03:55:20][case_setup.run_case:run_case:113] Done case: Role03 - Create new role
[INFO][2025-12-25 03:55:20][case_setup.run_case:run_case:45] Run case: Role04 - Edit current role
[INFO][2025-12-25 03:55:20][case_setup.run_case:run_case:66] Response:
200, {"_id":"694cb3947f1cc0d02fd9c997","name":"API predata - role 01 - edited","__v":0}
[SUCCESS][2025-12-25 03:55:20][case_setup.run_case:run_case:93] [PASSED] Key: '_id' is in list of keys: dict_keys(['_id', 'name', '__v']).
[ERROR][2025-12-25 03:55:20][case_setup.run_case:run_case:107] [FAILED] Value is not equal. Expected: '694cb3947f1cc0d02fd9c997', Actual: 'None'.
[SUCCESS][2025-12-25 03:55:20][case_setup.run_case:run_case:76] [PASSED] Status code is equal. Expected: 200, Actual: 200.
[SUCCESS][2025-12-25 03:55:20][case_setup.run_case:run_case:113] Done case: Role04 - Edit current role
[SUCCESS][2025-12-25 03:55:20][case_setup.run_case:run_case:117] All test cases are done.
[INFO][2025-12-25 03:55:20][__main__:<module>:28] Total cases: 4
[INFO][2025-12-25 03:55:20][__main__:<module>:29] Pass cases: 2
[INFO][2025-12-25 03:55:20][__main__:<module>:30] Failed cases: 2
[INFO][2025-12-25 03:55:21][__main__:<module>:31] Detail result:
   index  ...             datetime
0      1  ...  2025-12-25 03:55:18
1      2  ...  2025-12-25 03:55:18
2      3  ...  2025-12-25 03:55:18
3      4  ...  2025-12-25 03:55:18

[4 rows x 5 columns]
[SUCCESS][2025-12-25 03:55:21][__main__:<module>:35] Report saved to '/home/user/apitestcapprj/reports/2025-12-25.xlsx'.
[INFO][2025-12-25 03:55:21][common.client:logout:157] User: 'test_user_01@gmail.com', role: 'admin' logout.
[INFO][2025-12-25 03:55:22][common.client:logout:159] Logout info: 200, "User logged out successfully".
[INFO][2025-12-25 03:55:22][common.client:logout:157] User: 'test_user_07@gmail.com', role: 'student' logout.
[INFO][2025-12-25 03:55:22][common.client:logout:159] Logout info: 200, "User logged out successfully".
[INFO][2025-12-25 03:55:22][common.client:logout:157] User: 'test_user_02@gmail.com', role: 'teacher' logout.
[INFO][2025-12-25 03:55:22][common.client:logout:159] Logout info: 200, "User logged out successfully".
[SUCCESS][2025-12-25 03:55:22][__main__:<module>:40] ================== End testing ===================
[INFO][2025-12-25 04:00:09][common.common_setup:<module>:13] Base dir: /home/user/apitestcapprj
[INFO][2025-12-25 04:00:09][helpers.load_data:load_data:35] Loading data from '/home/user/apitestcapprj/configs/user_info.json'.
[SUCCESS][2025-12-25 04:00:09][helpers.load_data:load_data:41] Complete loading data from '/home/user/apitestcapprj/configs/user_info.json'.
[SUCCESS][2025-12-25 04:00:09][common.common_setup:<module>:22] Load client info successfully:
{
    "admin": {
        "email": "test_user_01@gmail.com",
        "password": "123456789"
    },
    "student": {
        "email": "test_user_07@gmail.com",
        "password": "123456789"
    },
    "teacher": {
        "email": "test_user_02@gmail.com",
        "password": "123456789"
    }
}
[INFO][2025-12-25 04:00:09][helpers.load_data:load_data:35] Loading data from '/home/user/apitestcapprj/data/request_body_template/role_request_body_template.json'.
[SUCCESS][2025-12-25 04:00:09][helpers.load_data:load_data:41] Complete loading data from '/home/user/apitestcapprj/data/request_body_template/role_request_body_template.json'.
[SUCCESS][2025-12-25 04:00:09][common.common_setup:<module>:28] Load predata successfully:
{
    "predata": {
        "role_01": {
            "name": "API predata - role 01"
        }
    },
    "need_clear": [
        "API predata - role 01 - edited",
        "API csv - role 01"
    ]
}
[INFO][2025-12-25 04:00:09][common.client:login:143] Login with role: admin, email: test_user_01@gmail.com and password: 123456789.
[SUCCESS][2025-12-25 04:00:10][common.client:login:154] Login successfully.
[INFO][2025-12-25 04:00:10][common.client:login:143] Login with role: student, email: test_user_07@gmail.com and password: 123456789.
[SUCCESS][2025-12-25 04:00:10][common.client:login:154] Login successfully.
[INFO][2025-12-25 04:00:10][common.client:login:143] Login with role: teacher, email: test_user_02@gmail.com and password: 123456789.
[SUCCESS][2025-12-25 04:00:11][common.client:login:154] Login successfully.
[INFO][2025-12-25 04:00:11][__main__:<module>:9] ================= Start testing ==================
[SUCCESS][2025-12-25 04:00:12][process_responses.role_process_responses:get_all_roles:23] Get all roles successfully:
[
    {
        "_id": "69496b7d3a739f3bcffdeef7",
        "name": "admin",
        "created_on": "2025-12-22 23:02:05",
        "modified_on": "2025-12-22 23:02:05",
        "created_by": "data generation",
        "modified_by": "data generation"
    },
    {
        "_id": "69496b7d3a739f3bcffdeef8",
        "name": "teacher",
        "created_on": "2025-12-22 23:02:05",
        "modified_on": "2025-12-22 23:02:05",
        "created_by": "data generation",
        "modified_by": "data generation"
    },
    {
        "_id": "69496b7d3a739f3bcffdeef9",
        "name": "student",
        "created_on": "2025-12-22 23:02:05",
        "modified_on": "2025-12-22 23:02:05",
        "created_by": "data generation",
        "modified_by": "data generation"
    },
    {
        "_id": "694cb3947f1cc0d02fd9c997",
        "name": "API predata - role 01 - edited",
        "__v": 0
    },
    {
        "_id": "694cb5a89fcc9f9778c3bddb",
        "name": "API csv - role 01",
        "__v": 0
    }
]
[INFO][2025-12-25 04:00:12][process_responses.role_process_responses:clear_data:79] Clear data: API predata - role 01 - edited
[INFO][2025-12-25 04:00:12][process_responses.role_process_responses:delete_role:67] Delete role response: 200, {"_id":"694cb3947f1cc0d02fd9c997","name":"API predata - role 01 - edited","__v":0}
[INFO][2025-12-25 04:00:12][process_responses.role_process_responses:clear_data:79] Clear data: API csv - role 01
[INFO][2025-12-25 04:00:13][process_responses.role_process_responses:delete_role:67] Delete role response: 200, {"_id":"694cb5a89fcc9f9778c3bddb","name":"API csv - role 01","__v":0}
[SUCCESS][2025-12-25 04:00:13][process_responses.role_process_responses:clear_data:82] Clear data successfully.
[SUCCESS][2025-12-25 04:00:13][process_responses.role_process_responses:get_all_roles:23] Get all roles successfully:
[
    {
        "_id": "69496b7d3a739f3bcffdeef7",
        "name": "admin",
        "created_on": "2025-12-22 23:02:05",
        "modified_on": "2025-12-22 23:02:05",
        "created_by": "data generation",
        "modified_by": "data generation"
    },
    {
        "_id": "69496b7d3a739f3bcffdeef8",
        "name": "teacher",
        "created_on": "2025-12-22 23:02:05",
        "modified_on": "2025-12-22 23:02:05",
        "created_by": "data generation",
        "modified_by": "data generation"
    },
    {
        "_id": "69496b7d3a739f3bcffdeef9",
        "name": "student",
        "created_on": "2025-12-22 23:02:05",
        "modified_on": "2025-12-22 23:02:05",
        "created_by": "data generation",
        "modified_by": "data generation"
    }
]
[SUCCESS][2025-12-25 04:00:14][process_responses.role_process_responses:get_role_by_id:32] Get role by id successfully:
{
    "_id": "69496b7d3a739f3bcffdeef7",
    "name": "admin",
    "created_on": "2025-12-22 23:02:05",
    "modified_on": "2025-12-22 23:02:05",
    "created_by": "data generation",
    "modified_by": "data generation"
}
[SUCCESS][2025-12-25 04:00:14][process_responses.role_process_responses:get_all_roles:23] Get all roles successfully:
[
    {
        "_id": "69496b7d3a739f3bcffdeef7",
        "name": "admin",
        "created_on": "2025-12-22 23:02:05",
        "modified_on": "2025-12-22 23:02:05",
        "created_by": "data generation",
        "modified_by": "data generation"
    },
    {
        "_id": "69496b7d3a739f3bcffdeef8",
        "name": "teacher",
        "created_on": "2025-12-22 23:02:05",
        "modified_on": "2025-12-22 23:02:05",
        "created_by": "data generation",
        "modified_by": "data generation"
    },
    {
        "_id": "69496b7d3a739f3bcffdeef9",
        "name": "student",
        "created_on": "2025-12-22 23:02:05",
        "modified_on": "2025-12-22 23:02:05",
        "created_by": "data generation",
        "modified_by": "data generation"
    }
]
[SUCCESS][2025-12-25 04:00:15][process_responses.role_process_responses:create_new_role_with_check:51] Create new role successfully:
{
    "name": "API predata - role 01",
    "_id": "694cb6cf9fcc9f9778c3bdea",
    "__v": 0
}
[INFO][2025-12-25 04:00:15][case_setup.role_case_setup:role_case_setup:42] {
    "admin_role_name": "admin",
    "student_role_name": "student",
    "teacher_role_name": "student",
    "admin_role_id": "69496b7d3a739f3bcffdeef7",
    "teacher_role_id": "69496b7d3a739f3bcffdeef8",
    "student_role_id": "69496b7d3a739f3bcffdeef9",
    "role_01_id": "694cb6cf9fcc9f9778c3bdea",
    "role_01_name": "API predata - role 01"
}
[INFO][2025-12-25 04:00:15][helpers.load_data:load_data:35] Loading data from '/home/user/apitestcapprj/data/test_cases/role_test_cases.xlsx'.
[SUCCESS][2025-12-25 04:00:15][helpers.load_data:load_data:41] Complete loading data from '/home/user/apitestcapprj/data/test_cases/role_test_cases.xlsx'.
[SUCCESS][2025-12-25 04:00:15][case_setup.test_case_setup:test_case_setup:32] Test case setup successfully.
[INFO][2025-12-25 04:00:15][case_setup.test_case_setup:test_case_setup:33] Test case info:
[
    {
        "status": "Done",
        "case_no": "Role02",
        "author": "Nhat",
        "role": "admin",
        "title": "GetRoleById",
        "description": "Get role by id",
        "method": "GET",
        "api": "https://datn-be-steel.vercel.app/api/roles/69496b7d3a739f3bcffdeef7",
        "request_body": null,
        "expected_result": {
            "_id": "69496b7d3a739f3bcffdeef7",
            "status_code": 200
        },
        "jira_number": NaN,
        "note": NaN
    },
    {
        "status": "Done",
        "case_no": "Role04",
        "author": "Nhat",
        "role": "admin",
        "title": NaN,
        "description": "Edit current role",
        "method": "PUT",
        "api": "https://datn-be-steel.vercel.app/api/roles/694cb6cf9fcc9f9778c3bdea",
        "request_body": {
            "name": "API predata - role 01 - edited"
        },
        "expected_result": {
            "_id": "694cb6cf9fcc9f9778c3bdea",
            "status_code": 200
        },
        "jira_number": NaN,
        "note": NaN
    }
]
[INFO][2025-12-25 04:00:15][case_setup.run_case:run_case:45] Run case: Role02 - Get role by id
[INFO][2025-12-25 04:00:15][case_setup.run_case:run_case:56] Request body:
null
[INFO][2025-12-25 04:00:16][case_setup.run_case:run_case:68] Response:
200, {"_id":"69496b7d3a739f3bcffdeef7","name":"admin","created_on":"2025-12-22 23:02:05","modified_on":"2025-12-22 23:02:05","created_by":"data generation","modified_by":"data generation"}
[SUCCESS][2025-12-25 04:00:16][case_setup.run_case:run_case:95] [PASSED] Key: '_id' is in list of keys: dict_keys(['_id', 'name', 'created_on', 'modified_on', 'created_by', 'modified_by']).
[INFO][2025-12-25 04:00:16][case_setup.run_case:run_case:107] {'_id': '69496b7d3a739f3bcffdeef7', 'name': 'admin', 'created_on': '2025-12-22 23:02:05', 'modified_on': '2025-12-22 23:02:05', 'created_by': 'data generation', 'modified_by': 'data generation'}
[ERROR][2025-12-25 04:00:16][case_setup.run_case:run_case:110] [FAILED] Value is not equal. Expected: '69496b7d3a739f3bcffdeef7', Actual: 'None'.
[SUCCESS][2025-12-25 04:00:16][case_setup.run_case:run_case:78] [PASSED] Status code is equal. Expected: 200, Actual: 200.
[SUCCESS][2025-12-25 04:00:16][case_setup.run_case:run_case:116] Done case: Role02 - Get role by id
[INFO][2025-12-25 04:00:16][case_setup.run_case:run_case:45] Run case: Role04 - Edit current role
[INFO][2025-12-25 04:00:16][case_setup.run_case:run_case:56] Request body:
{
    "name": "API predata - role 01 - edited"
}
[INFO][2025-12-25 04:00:16][case_setup.run_case:run_case:68] Response:
200, {"_id":"694cb6cf9fcc9f9778c3bdea","name":"API predata - role 01 - edited","__v":0}
[SUCCESS][2025-12-25 04:00:16][case_setup.run_case:run_case:95] [PASSED] Key: '_id' is in list of keys: dict_keys(['_id', 'name', '__v']).
[INFO][2025-12-25 04:00:16][case_setup.run_case:run_case:107] {'_id': '694cb6cf9fcc9f9778c3bdea', 'name': 'API predata - role 01 - edited', '__v': 0}
[ERROR][2025-12-25 04:00:16][case_setup.run_case:run_case:110] [FAILED] Value is not equal. Expected: '694cb6cf9fcc9f9778c3bdea', Actual: 'None'.
[SUCCESS][2025-12-25 04:00:16][case_setup.run_case:run_case:78] [PASSED] Status code is equal. Expected: 200, Actual: 200.
[SUCCESS][2025-12-25 04:00:16][case_setup.run_case:run_case:116] Done case: Role04 - Edit current role
[SUCCESS][2025-12-25 04:00:16][case_setup.run_case:run_case:120] All test cases are done.
[INFO][2025-12-25 04:00:16][__main__:<module>:28] Total cases: 2
[INFO][2025-12-25 04:00:16][__main__:<module>:29] Pass cases: 0
[INFO][2025-12-25 04:00:16][__main__:<module>:30] Failed cases: 2
[INFO][2025-12-25 04:00:16][__main__:<module>:31] Detail result:
   index  ...             datetime
0      2  ...  2025-12-25 04:00:15
1      4  ...  2025-12-25 04:00:15

[2 rows x 5 columns]
[SUCCESS][2025-12-25 04:00:16][__main__:<module>:35] Report saved to '/home/user/apitestcapprj/reports/2025-12-25.xlsx'.
[INFO][2025-12-25 04:00:16][common.client:logout:157] User: 'test_user_01@gmail.com', role: 'admin' logout.
[INFO][2025-12-25 04:00:17][common.client:logout:159] Logout info: 200, "User logged out successfully".
[INFO][2025-12-25 04:00:17][common.client:logout:157] User: 'test_user_07@gmail.com', role: 'student' logout.
[INFO][2025-12-25 04:00:17][common.client:logout:159] Logout info: 200, "User logged out successfully".
[INFO][2025-12-25 04:00:17][common.client:logout:157] User: 'test_user_02@gmail.com', role: 'teacher' logout.
[INFO][2025-12-25 04:00:17][common.client:logout:159] Logout info: 200, "User logged out successfully".
[SUCCESS][2025-12-25 04:00:17][__main__:<module>:40] ================== End testing ===================
[INFO][2025-12-25 04:03:05][common.common_setup:<module>:13] Base dir: /home/user/apitestcapprj
[INFO][2025-12-25 04:03:05][helpers.load_data:load_data:35] Loading data from '/home/user/apitestcapprj/configs/user_info.json'.
[SUCCESS][2025-12-25 04:03:05][helpers.load_data:load_data:41] Complete loading data from '/home/user/apitestcapprj/configs/user_info.json'.
[SUCCESS][2025-12-25 04:03:05][common.common_setup:<module>:22] Load client info successfully:
{
    "admin": {
        "email": "test_user_01@gmail.com",
        "password": "123456789"
    },
    "student": {
        "email": "test_user_07@gmail.com",
        "password": "123456789"
    },
    "teacher": {
        "email": "test_user_02@gmail.com",
        "password": "123456789"
    }
}
[INFO][2025-12-25 04:03:05][helpers.load_data:load_data:35] Loading data from '/home/user/apitestcapprj/data/request_body_template/role_request_body_template.json'.
[SUCCESS][2025-12-25 04:03:05][helpers.load_data:load_data:41] Complete loading data from '/home/user/apitestcapprj/data/request_body_template/role_request_body_template.json'.
[SUCCESS][2025-12-25 04:03:05][common.common_setup:<module>:28] Load predata successfully:
{
    "predata": {
        "role_01": {
            "name": "API predata - role 01"
        }
    },
    "need_clear": [
        "API predata - role 01 - edited",
        "API csv - role 01"
    ]
}
[INFO][2025-12-25 04:03:05][common.client:login:143] Login with role: admin, email: test_user_01@gmail.com and password: 123456789.
[SUCCESS][2025-12-25 04:03:06][common.client:login:154] Login successfully.
[INFO][2025-12-25 04:03:06][common.client:login:143] Login with role: student, email: test_user_07@gmail.com and password: 123456789.
[SUCCESS][2025-12-25 04:03:06][common.client:login:154] Login successfully.
[INFO][2025-12-25 04:03:06][common.client:login:143] Login with role: teacher, email: test_user_02@gmail.com and password: 123456789.
[SUCCESS][2025-12-25 04:03:07][common.client:login:154] Login successfully.
[INFO][2025-12-25 04:03:07][__main__:<module>:9] ================= Start testing ==================
[SUCCESS][2025-12-25 04:03:08][process_responses.role_process_responses:get_all_roles:23] Get all roles successfully:
[
    {
        "_id": "69496b7d3a739f3bcffdeef7",
        "name": "admin",
        "created_on": "2025-12-22 23:02:05",
        "modified_on": "2025-12-22 23:02:05",
        "created_by": "data generation",
        "modified_by": "data generation"
    },
    {
        "_id": "69496b7d3a739f3bcffdeef8",
        "name": "teacher",
        "created_on": "2025-12-22 23:02:05",
        "modified_on": "2025-12-22 23:02:05",
        "created_by": "data generation",
        "modified_by": "data generation"
    },
    {
        "_id": "69496b7d3a739f3bcffdeef9",
        "name": "student",
        "created_on": "2025-12-22 23:02:05",
        "modified_on": "2025-12-22 23:02:05",
        "created_by": "data generation",
        "modified_by": "data generation"
    },
    {
        "_id": "694cb6cf9fcc9f9778c3bdea",
        "name": "API predata - role 01 - edited",
        "__v": 0
    }
]
[INFO][2025-12-25 04:03:08][process_responses.role_process_responses:clear_data:79] Clear data: API predata - role 01 - edited
[INFO][2025-12-25 04:03:08][process_responses.role_process_responses:delete_role:67] Delete role response: 200, {"_id":"694cb6cf9fcc9f9778c3bdea","name":"API predata - role 01 - edited","__v":0}
[SUCCESS][2025-12-25 04:03:08][process_responses.role_process_responses:clear_data:82] Clear data successfully.
[SUCCESS][2025-12-25 04:03:09][process_responses.role_process_responses:get_all_roles:23] Get all roles successfully:
[
    {
        "_id": "69496b7d3a739f3bcffdeef7",
        "name": "admin",
        "created_on": "2025-12-22 23:02:05",
        "modified_on": "2025-12-22 23:02:05",
        "created_by": "data generation",
        "modified_by": "data generation"
    },
    {
        "_id": "69496b7d3a739f3bcffdeef8",
        "name": "teacher",
        "created_on": "2025-12-22 23:02:05",
        "modified_on": "2025-12-22 23:02:05",
        "created_by": "data generation",
        "modified_by": "data generation"
    },
    {
        "_id": "69496b7d3a739f3bcffdeef9",
        "name": "student",
        "created_on": "2025-12-22 23:02:05",
        "modified_on": "2025-12-22 23:02:05",
        "created_by": "data generation",
        "modified_by": "data generation"
    }
]
[SUCCESS][2025-12-25 04:03:09][process_responses.role_process_responses:get_role_by_id:32] Get role by id successfully:
{
    "_id": "69496b7d3a739f3bcffdeef7",
    "name": "admin",
    "created_on": "2025-12-22 23:02:05",
    "modified_on": "2025-12-22 23:02:05",
    "created_by": "data generation",
    "modified_by": "data generation"
}
[SUCCESS][2025-12-25 04:03:10][process_responses.role_process_responses:get_all_roles:23] Get all roles successfully:
[
    {
        "_id": "69496b7d3a739f3bcffdeef7",
        "name": "admin",
        "created_on": "2025-12-22 23:02:05",
        "modified_on": "2025-12-22 23:02:05",
        "created_by": "data generation",
        "modified_by": "data generation"
    },
    {
        "_id": "69496b7d3a739f3bcffdeef8",
        "name": "teacher",
        "created_on": "2025-12-22 23:02:05",
        "modified_on": "2025-12-22 23:02:05",
        "created_by": "data generation",
        "modified_by": "data generation"
    },
    {
        "_id": "69496b7d3a739f3bcffdeef9",
        "name": "student",
        "created_on": "2025-12-22 23:02:05",
        "modified_on": "2025-12-22 23:02:05",
        "created_by": "data generation",
        "modified_by": "data generation"
    }
]
[SUCCESS][2025-12-25 04:03:10][process_responses.role_process_responses:create_new_role_with_check:51] Create new role successfully:
{
    "name": "API predata - role 01",
    "_id": "694cb77e9fcc9f9778c3bdf9",
    "__v": 0
}
[INFO][2025-12-25 04:03:10][case_setup.role_case_setup:role_case_setup:42] {
    "admin_role_name": "admin",
    "student_role_name": "student",
    "teacher_role_name": "student",
    "admin_role_id": "69496b7d3a739f3bcffdeef7",
    "teacher_role_id": "69496b7d3a739f3bcffdeef8",
    "student_role_id": "69496b7d3a739f3bcffdeef9",
    "role_01_id": "694cb77e9fcc9f9778c3bdf9",
    "role_01_name": "API predata - role 01"
}
[INFO][2025-12-25 04:03:10][helpers.load_data:load_data:35] Loading data from '/home/user/apitestcapprj/data/test_cases/role_test_cases.xlsx'.
[SUCCESS][2025-12-25 04:03:10][helpers.load_data:load_data:41] Complete loading data from '/home/user/apitestcapprj/data/test_cases/role_test_cases.xlsx'.
[SUCCESS][2025-12-25 04:03:10][case_setup.test_case_setup:test_case_setup:32] Test case setup successfully.
[INFO][2025-12-25 04:03:10][case_setup.test_case_setup:test_case_setup:33] Test case info:
[
    {
        "status": "Done",
        "case_no": "Role02",
        "author": "Nhat",
        "role": "admin",
        "title": "GetRoleById",
        "description": "Get role by id",
        "method": "GET",
        "api": "https://datn-be-steel.vercel.app/api/roles/69496b7d3a739f3bcffdeef7",
        "request_body": null,
        "expected_result": {
            "_id": "69496b7d3a739f3bcffdeef7",
            "status_code": 200
        },
        "jira_number": NaN,
        "note": NaN
    },
    {
        "status": "Done",
        "case_no": "Role04",
        "author": "Nhat",
        "role": "admin",
        "title": NaN,
        "description": "Edit current role",
        "method": "PUT",
        "api": "https://datn-be-steel.vercel.app/api/roles/694cb77e9fcc9f9778c3bdf9",
        "request_body": {
            "name": "API predata - role 01 - edited"
        },
        "expected_result": {
            "_id": "694cb77e9fcc9f9778c3bdf9",
            "status_code": 200
        },
        "jira_number": NaN,
        "note": NaN
    }
]
[INFO][2025-12-25 04:03:10][case_setup.run_case:run_case:45] Run case: Role02 - Get role by id
[INFO][2025-12-25 04:03:10][case_setup.run_case:run_case:56] Request body:
null
[INFO][2025-12-25 04:03:11][case_setup.run_case:run_case:68] Response:
200, {"_id":"69496b7d3a739f3bcffdeef7","name":"admin","created_on":"2025-12-22 23:02:05","modified_on":"2025-12-22 23:02:05","created_by":"data generation","modified_by":"data generation"}
[INFO][2025-12-25 04:03:11][case_setup.run_case:run_case:71] Expected result: {'_id': '69496b7d3a739f3bcffdeef7', 'status_code': 200}
[INFO][2025-12-25 04:03:11][case_setup.run_case:run_case:73] Key: _id, Value: 69496b7d3a739f3bcffdeef7
[SUCCESS][2025-12-25 04:03:11][case_setup.run_case:run_case:97] [PASSED] Key: '_id' is in list of keys: dict_keys(['_id', 'name', 'created_on', 'modified_on', 'created_by', 'modified_by']).
[INFO][2025-12-25 04:03:11][case_setup.run_case:run_case:109] Data to assert: {'_id': '69496b7d3a739f3bcffdeef7', 'name': 'admin', 'created_on': '2025-12-22 23:02:05', 'modified_on': '2025-12-22 23:02:05', 'created_by': 'data generation', 'modified_by': 'data generation'}
[ERROR][2025-12-25 04:03:11][case_setup.run_case:run_case:112] [FAILED] Value is not equal. Expected: '69496b7d3a739f3bcffdeef7', Actual: 'None'.
[INFO][2025-12-25 04:03:11][case_setup.run_case:run_case:73] Key: status_code, Value: 200
[SUCCESS][2025-12-25 04:03:11][case_setup.run_case:run_case:80] [PASSED] Status code is equal. Expected: 200, Actual: 200.
[SUCCESS][2025-12-25 04:03:11][case_setup.run_case:run_case:118] Done case: Role02 - Get role by id
[INFO][2025-12-25 04:03:11][case_setup.run_case:run_case:45] Run case: Role04 - Edit current role
[INFO][2025-12-25 04:03:11][case_setup.run_case:run_case:56] Request body:
{
    "name": "API predata - role 01 - edited"
}
[INFO][2025-12-25 04:03:12][case_setup.run_case:run_case:68] Response:
200, {"_id":"694cb77e9fcc9f9778c3bdf9","name":"API predata - role 01 - edited","__v":0}
[INFO][2025-12-25 04:03:12][case_setup.run_case:run_case:71] Expected result: {'_id': '694cb77e9fcc9f9778c3bdf9', 'status_code': 200}
[INFO][2025-12-25 04:03:12][case_setup.run_case:run_case:73] Key: _id, Value: 694cb77e9fcc9f9778c3bdf9
[SUCCESS][2025-12-25 04:03:12][case_setup.run_case:run_case:97] [PASSED] Key: '_id' is in list of keys: dict_keys(['_id', 'name', '__v']).
[INFO][2025-12-25 04:03:12][case_setup.run_case:run_case:109] Data to assert: {'_id': '694cb77e9fcc9f9778c3bdf9', 'name': 'API predata - role 01 - edited', '__v': 0}
[ERROR][2025-12-25 04:03:12][case_setup.run_case:run_case:112] [FAILED] Value is not equal. Expected: '694cb77e9fcc9f9778c3bdf9', Actual: 'None'.
[INFO][2025-12-25 04:03:12][case_setup.run_case:run_case:73] Key: status_code, Value: 200
[SUCCESS][2025-12-25 04:03:12][case_setup.run_case:run_case:80] [PASSED] Status code is equal. Expected: 200, Actual: 200.
[SUCCESS][2025-12-25 04:03:12][case_setup.run_case:run_case:118] Done case: Role04 - Edit current role
[SUCCESS][2025-12-25 04:03:12][case_setup.run_case:run_case:122] All test cases are done.
[INFO][2025-12-25 04:03:12][__main__:<module>:28] Total cases: 2
[INFO][2025-12-25 04:03:12][__main__:<module>:29] Pass cases: 0
[INFO][2025-12-25 04:03:12][__main__:<module>:30] Failed cases: 2
[INFO][2025-12-25 04:03:12][__main__:<module>:31] Detail result:
   index  ...             datetime
0      2  ...  2025-12-25 04:03:10
1      4  ...  2025-12-25 04:03:10

[2 rows x 5 columns]
[SUCCESS][2025-12-25 04:03:12][__main__:<module>:35] Report saved to '/home/user/apitestcapprj/reports/2025-12-25.xlsx'.
[INFO][2025-12-25 04:03:12][common.client:logout:157] User: 'test_user_01@gmail.com', role: 'admin' logout.
[INFO][2025-12-25 04:03:12][common.client:logout:159] Logout info: 200, "User logged out successfully".
[INFO][2025-12-25 04:03:12][common.client:logout:157] User: 'test_user_07@gmail.com', role: 'student' logout.
[INFO][2025-12-25 04:03:12][common.client:logout:159] Logout info: 200, "User logged out successfully".
[INFO][2025-12-25 04:03:12][common.client:logout:157] User: 'test_user_02@gmail.com', role: 'teacher' logout.
[INFO][2025-12-25 04:03:13][common.client:logout:159] Logout info: 200, "User logged out successfully".
[SUCCESS][2025-12-25 04:03:13][__main__:<module>:40] ================== End testing ===================
[INFO][2025-12-25 04:04:53][common.common_setup:<module>:13] Base dir: /home/user/apitestcapprj
[INFO][2025-12-25 04:04:53][helpers.load_data:load_data:35] Loading data from '/home/user/apitestcapprj/configs/user_info.json'.
[SUCCESS][2025-12-25 04:04:53][helpers.load_data:load_data:41] Complete loading data from '/home/user/apitestcapprj/configs/user_info.json'.
[SUCCESS][2025-12-25 04:04:53][common.common_setup:<module>:22] Load client info successfully:
{
    "admin": {
        "email": "test_user_01@gmail.com",
        "password": "123456789"
    },
    "student": {
        "email": "test_user_07@gmail.com",
        "password": "123456789"
    },
    "teacher": {
        "email": "test_user_02@gmail.com",
        "password": "123456789"
    }
}
[INFO][2025-12-25 04:04:53][helpers.load_data:load_data:35] Loading data from '/home/user/apitestcapprj/data/request_body_template/role_request_body_template.json'.
[SUCCESS][2025-12-25 04:04:53][helpers.load_data:load_data:41] Complete loading data from '/home/user/apitestcapprj/data/request_body_template/role_request_body_template.json'.
[SUCCESS][2025-12-25 04:04:53][common.common_setup:<module>:28] Load predata successfully:
{
    "predata": {
        "role_01": {
            "name": "API predata - role 01"
        }
    },
    "need_clear": [
        "API predata - role 01 - edited",
        "API csv - role 01"
    ]
}
[INFO][2025-12-25 04:04:53][common.client:login:143] Login with role: admin, email: test_user_01@gmail.com and password: 123456789.
[SUCCESS][2025-12-25 04:04:54][common.client:login:154] Login successfully.
[INFO][2025-12-25 04:04:54][common.client:login:143] Login with role: student, email: test_user_07@gmail.com and password: 123456789.
[SUCCESS][2025-12-25 04:04:55][common.client:login:154] Login successfully.
[INFO][2025-12-25 04:04:55][common.client:login:143] Login with role: teacher, email: test_user_02@gmail.com and password: 123456789.
[SUCCESS][2025-12-25 04:04:56][common.client:login:154] Login successfully.
[INFO][2025-12-25 04:04:56][__main__:<module>:9] ================= Start testing ==================
[SUCCESS][2025-12-25 04:04:56][process_responses.role_process_responses:get_all_roles:23] Get all roles successfully:
[
    {
        "_id": "69496b7d3a739f3bcffdeef7",
        "name": "admin",
        "created_on": "2025-12-22 23:02:05",
        "modified_on": "2025-12-22 23:02:05",
        "created_by": "data generation",
        "modified_by": "data generation"
    },
    {
        "_id": "69496b7d3a739f3bcffdeef8",
        "name": "teacher",
        "created_on": "2025-12-22 23:02:05",
        "modified_on": "2025-12-22 23:02:05",
        "created_by": "data generation",
        "modified_by": "data generation"
    },
    {
        "_id": "69496b7d3a739f3bcffdeef9",
        "name": "student",
        "created_on": "2025-12-22 23:02:05",
        "modified_on": "2025-12-22 23:02:05",
        "created_by": "data generation",
        "modified_by": "data generation"
    },
    {
        "_id": "694cb77e9fcc9f9778c3bdf9",
        "name": "API predata - role 01 - edited",
        "__v": 0
    }
]
[INFO][2025-12-25 04:04:56][process_responses.role_process_responses:clear_data:79] Clear data: API predata - role 01 - edited
[INFO][2025-12-25 04:04:57][process_responses.role_process_responses:delete_role:67] Delete role response: 200, {"_id":"694cb77e9fcc9f9778c3bdf9","name":"API predata - role 01 - edited","__v":0}
[SUCCESS][2025-12-25 04:04:57][process_responses.role_process_responses:clear_data:82] Clear data successfully.
[SUCCESS][2025-12-25 04:04:57][process_responses.role_process_responses:get_all_roles:23] Get all roles successfully:
[
    {
        "_id": "69496b7d3a739f3bcffdeef7",
        "name": "admin",
        "created_on": "2025-12-22 23:02:05",
        "modified_on": "2025-12-22 23:02:05",
        "created_by": "data generation",
        "modified_by": "data generation"
    },
    {
        "_id": "69496b7d3a739f3bcffdeef8",
        "name": "teacher",
        "created_on": "2025-12-22 23:02:05",
        "modified_on": "2025-12-22 23:02:05",
        "created_by": "data generation",
        "modified_by": "data generation"
    },
    {
        "_id": "69496b7d3a739f3bcffdeef9",
        "name": "student",
        "created_on": "2025-12-22 23:02:05",
        "modified_on": "2025-12-22 23:02:05",
        "created_by": "data generation",
        "modified_by": "data generation"
    }
]
[SUCCESS][2025-12-25 04:04:58][process_responses.role_process_responses:get_role_by_id:32] Get role by id successfully:
{
    "_id": "69496b7d3a739f3bcffdeef7",
    "name": "admin",
    "created_on": "2025-12-22 23:02:05",
    "modified_on": "2025-12-22 23:02:05",
    "created_by": "data generation",
    "modified_by": "data generation"
}
[SUCCESS][2025-12-25 04:04:58][process_responses.role_process_responses:get_all_roles:23] Get all roles successfully:
[
    {
        "_id": "69496b7d3a739f3bcffdeef7",
        "name": "admin",
        "created_on": "2025-12-22 23:02:05",
        "modified_on": "2025-12-22 23:02:05",
        "created_by": "data generation",
        "modified_by": "data generation"
    },
    {
        "_id": "69496b7d3a739f3bcffdeef8",
        "name": "teacher",
        "created_on": "2025-12-22 23:02:05",
        "modified_on": "2025-12-22 23:02:05",
        "created_by": "data generation",
        "modified_by": "data generation"
    },
    {
        "_id": "69496b7d3a739f3bcffdeef9",
        "name": "student",
        "created_on": "2025-12-22 23:02:05",
        "modified_on": "2025-12-22 23:02:05",
        "created_by": "data generation",
        "modified_by": "data generation"
    }
]
[SUCCESS][2025-12-25 04:04:59][process_responses.role_process_responses:create_new_role_with_check:51] Create new role successfully:
{
    "name": "API predata - role 01",
    "_id": "694cb7eb9fcc9f9778c3be08",
    "__v": 0
}
[INFO][2025-12-25 04:04:59][case_setup.role_case_setup:role_case_setup:42] {
    "admin_role_name": "admin",
    "student_role_name": "student",
    "teacher_role_name": "student",
    "admin_role_id": "69496b7d3a739f3bcffdeef7",
    "teacher_role_id": "69496b7d3a739f3bcffdeef8",
    "student_role_id": "69496b7d3a739f3bcffdeef9",
    "role_01_id": "694cb7eb9fcc9f9778c3be08",
    "role_01_name": "API predata - role 01"
}
[INFO][2025-12-25 04:04:59][helpers.load_data:load_data:35] Loading data from '/home/user/apitestcapprj/data/test_cases/role_test_cases.xlsx'.
[SUCCESS][2025-12-25 04:04:59][helpers.load_data:load_data:41] Complete loading data from '/home/user/apitestcapprj/data/test_cases/role_test_cases.xlsx'.
[SUCCESS][2025-12-25 04:04:59][case_setup.test_case_setup:test_case_setup:32] Test case setup successfully.
[INFO][2025-12-25 04:04:59][case_setup.test_case_setup:test_case_setup:33] Test case info:
[
    {
        "status": "Done",
        "case_no": "Role02",
        "author": "Nhat",
        "role": "admin",
        "title": "GetRoleById",
        "description": "Get role by id",
        "method": "GET",
        "api": "https://datn-be-steel.vercel.app/api/roles/69496b7d3a739f3bcffdeef7",
        "request_body": null,
        "expected_result": {
            "_id": "69496b7d3a739f3bcffdeef7",
            "status_code": 200
        },
        "jira_number": NaN,
        "note": NaN
    },
    {
        "status": "Done",
        "case_no": "Role04",
        "author": "Nhat",
        "role": "admin",
        "title": NaN,
        "description": "Edit current role",
        "method": "PUT",
        "api": "https://datn-be-steel.vercel.app/api/roles/694cb7eb9fcc9f9778c3be08",
        "request_body": {
            "name": "API predata - role 01 - edited"
        },
        "expected_result": {
            "_id": "694cb7eb9fcc9f9778c3be08",
            "status_code": 200
        },
        "jira_number": NaN,
        "note": NaN
    }
]
[INFO][2025-12-25 04:04:59][case_setup.run_case:run_case:45] Run case: Role02 - Get role by id
[INFO][2025-12-25 04:04:59][case_setup.run_case:run_case:56] Request body:
null
[INFO][2025-12-25 04:05:00][case_setup.run_case:run_case:68] Response:
200, {"_id":"69496b7d3a739f3bcffdeef7","name":"admin","created_on":"2025-12-22 23:02:05","modified_on":"2025-12-22 23:02:05","created_by":"data generation","modified_by":"data generation"}
[INFO][2025-12-25 04:05:00][case_setup.run_case:run_case:71] Expected result: {'_id': '69496b7d3a739f3bcffdeef7', 'status_code': 200}
[INFO][2025-12-25 04:05:00][case_setup.run_case:run_case:73] Key: _id, Value: 69496b7d3a739f3bcffdeef7
[SUCCESS][2025-12-25 04:05:00][case_setup.run_case:run_case:97] [PASSED] Key: '_id' is in list of keys: dict_keys(['_id', 'name', 'created_on', 'modified_on', 'created_by', 'modified_by']).
[INFO][2025-12-25 04:05:00][case_setup.run_case:run_case:109] Data to assert: {'_id': '69496b7d3a739f3bcffdeef7', 'name': 'admin', 'created_on': '2025-12-22 23:02:05', 'modified_on': '2025-12-22 23:02:05', 'created_by': 'data generation', 'modified_by': 'data generation'}
[SUCCESS][2025-12-25 04:05:00][case_setup.run_case:run_case:115] [PASSED] Value is equal. Expected: '69496b7d3a739f3bcffdeef7', Actual: '69496b7d3a739f3bcffdeef7'.
[INFO][2025-12-25 04:05:00][case_setup.run_case:run_case:73] Key: status_code, Value: 200
[SUCCESS][2025-12-25 04:05:00][case_setup.run_case:run_case:80] [PASSED] Status code is equal. Expected: 200, Actual: 200.
[SUCCESS][2025-12-25 04:05:00][case_setup.run_case:run_case:118] Done case: Role02 - Get role by id
[INFO][2025-12-25 04:05:00][case_setup.run_case:run_case:45] Run case: Role04 - Edit current role
[INFO][2025-12-25 04:05:00][case_setup.run_case:run_case:56] Request body:
{
    "name": "API predata - role 01 - edited"
}
[INFO][2025-12-25 04:05:00][case_setup.run_case:run_case:68] Response:
200, {"_id":"694cb7eb9fcc9f9778c3be08","name":"API predata - role 01 - edited","__v":0}
[INFO][2025-12-25 04:05:00][case_setup.run_case:run_case:71] Expected result: {'_id': '694cb7eb9fcc9f9778c3be08', 'status_code': 200}
[INFO][2025-12-25 04:05:00][case_setup.run_case:run_case:73] Key: _id, Value: 694cb7eb9fcc9f9778c3be08
[SUCCESS][2025-12-25 04:05:00][case_setup.run_case:run_case:97] [PASSED] Key: '_id' is in list of keys: dict_keys(['_id', 'name', '__v']).
[INFO][2025-12-25 04:05:00][case_setup.run_case:run_case:109] Data to assert: {'_id': '694cb7eb9fcc9f9778c3be08', 'name': 'API predata - role 01 - edited', '__v': 0}
[SUCCESS][2025-12-25 04:05:00][case_setup.run_case:run_case:115] [PASSED] Value is equal. Expected: '694cb7eb9fcc9f9778c3be08', Actual: '694cb7eb9fcc9f9778c3be08'.
[INFO][2025-12-25 04:05:00][case_setup.run_case:run_case:73] Key: status_code, Value: 200
[SUCCESS][2025-12-25 04:05:00][case_setup.run_case:run_case:80] [PASSED] Status code is equal. Expected: 200, Actual: 200.
[SUCCESS][2025-12-25 04:05:00][case_setup.run_case:run_case:118] Done case: Role04 - Edit current role
[SUCCESS][2025-12-25 04:05:00][case_setup.run_case:run_case:122] All test cases are done.
[INFO][2025-12-25 04:05:00][__main__:<module>:28] Total cases: 2
[INFO][2025-12-25 04:05:00][__main__:<module>:29] Pass cases: 2
[INFO][2025-12-25 04:05:00][__main__:<module>:30] Failed cases: 0
[INFO][2025-12-25 04:05:00][__main__:<module>:31] Detail result:
   index case_no  result detail             datetime
0      2  Role02  Passed         2025-12-25 04:04:59
1      4  Role04  Passed         2025-12-25 04:04:59
[INFO][2025-12-25 04:05:00][common.client:logout:157] User: 'test_user_01@gmail.com', role: 'admin' logout.
[INFO][2025-12-25 04:05:00][common.client:logout:159] Logout info: 200, "User logged out successfully".
[INFO][2025-12-25 04:05:00][common.client:logout:157] User: 'test_user_07@gmail.com', role: 'student' logout.
[INFO][2025-12-25 04:05:01][common.client:logout:159] Logout info: 200, "User logged out successfully".
[INFO][2025-12-25 04:05:01][common.client:logout:157] User: 'test_user_02@gmail.com', role: 'teacher' logout.
[INFO][2025-12-25 04:05:01][common.client:logout:159] Logout info: 200, "User logged out successfully".
[SUCCESS][2025-12-25 04:05:01][__main__:<module>:40] ================== End testing ===================
[INFO][2025-12-25 04:44:47][common.common_setup:<module>:13] Base dir: /home/user/apitestcapprj
[INFO][2025-12-25 04:44:47][helpers.load_data:load_data:35] Loading data from '/home/user/apitestcapprj/configs/user_info.json'.
[SUCCESS][2025-12-25 04:44:47][helpers.load_data:load_data:41] Complete loading data from '/home/user/apitestcapprj/configs/user_info.json'.
[SUCCESS][2025-12-25 04:44:47][common.common_setup:<module>:22] Load client info successfully:
{
    "admin": {
        "email": "test_user_01@gmail.com",
        "password": "123456789"
    },
    "student": {
        "email": "test_user_07@gmail.com",
        "password": "123456789"
    },
    "teacher": {
        "email": "test_user_02@gmail.com",
        "password": "123456789"
    }
}
[INFO][2025-12-25 04:44:47][helpers.load_data:load_data:35] Loading data from '/home/user/apitestcapprj/data/request_body_template/role_request_body_template.json'.
[SUCCESS][2025-12-25 04:44:47][helpers.load_data:load_data:41] Complete loading data from '/home/user/apitestcapprj/data/request_body_template/role_request_body_template.json'.
[SUCCESS][2025-12-25 04:44:47][common.common_setup:<module>:28] Load role predata successfully:
{
    "predata": {
        "role_01": {
            "name": "API predata - role 01"
        }
    },
    "need_clear": [
        "API predata - role 01 - edited",
        "API csv - role 01"
    ]
}
[INFO][2025-12-25 04:44:47][helpers.load_data:load_data:35] Loading data from '/home/user/apitestcapprj/data/request_body_template/account_request_body_template.json'.
[SUCCESS][2025-12-25 04:44:47][helpers.load_data:load_data:41] Complete loading data from '/home/user/apitestcapprj/data/request_body_template/account_request_body_template.json'.
[SUCCESS][2025-12-25 04:44:47][common.common_setup:<module>:33] Load account predata successfully:
{
    "predata": {
        "admin_account_01": {
            "role_name": "{admin_role_name}",
            "full_name": "API predata - admin account 01",
            "date_of_birth": "{datetime(%Y-%m-%d,0)}",
            "gender": "nam",
            "address": "API predata - admin account 01 - address - {random_string(5)}",
            "email": "api_predata_admin_account_01@gmail.com",
            "phone_number": "1234567890",
            "password": "123456789",
            "confirmPassword": "123456789"
        }
    },
    "need_clear": [
        "API predata - admin account 01"
    ]
}
[INFO][2025-12-25 04:44:47][common.client:login:143] Login with role: admin, email: test_user_01@gmail.com and password: 123456789.
[SUCCESS][2025-12-25 04:44:48][common.client:login:154] Login successfully.
[INFO][2025-12-25 04:44:48][common.client:login:143] Login with role: student, email: test_user_07@gmail.com and password: 123456789.
[SUCCESS][2025-12-25 04:44:49][common.client:login:154] Login successfully.
[INFO][2025-12-25 04:44:49][common.client:login:143] Login with role: teacher, email: test_user_02@gmail.com and password: 123456789.
[SUCCESS][2025-12-25 04:44:50][common.client:login:154] Login successfully.
[INFO][2025-12-25 04:44:50][__main__:<module>:9] ================= Start testing ==================
[ERROR][2025-12-25 04:44:50][case_setup.account_case_setup:account_case_setup:16] An error has been caught in function 'account_case_setup', process 'MainProcess' (35204), thread 'MainThread' (132912531138368):
Traceback (most recent call last):

  File "/home/user/apitestcapprj/main.py", line 15, in <module>
    account_pre_data: Dict = account_case_setup()
                             └ <function account_case_setup at 0x78e2013a7380>

  File "/home/user/apitestcapprj/helpers/logger_wrapper.py", line 14, in wrap
    return func(*args, **kwargs)
           │     │       └ {}
           │     └ ()
           └ <function account_case_setup at 0x78e2018a67a0>

> File "/home/user/apitestcapprj/case_setup/account_case_setup.py", line 16, in account_case_setup
    admin.AccountResponse.clear_data(need_clear_data_info)
    │     │               │          └ ['API predata - admin account 01']
    │     │               └ <function AccountResponse.clear_data at 0x78e20137f9c0>
    │     └ <process_responses.account_process_response.AccountResponse object at 0x78e2026267d0>
    └ <common.user.User object at 0x78e20153a0d0>

  File "/home/user/apitestcapprj/helpers/logger_wrapper.py", line 14, in wrap
    return func(*args, **kwargs)
           │     │       └ {}
           │     └ (<process_responses.account_process_response.AccountResponse object at 0x78e2026267d0>, ['API predata - admin account 01'])
           └ <function AccountResponse.clear_data at 0x78e20137f880>

  File "/home/user/apitestcapprj/process_responses/account_process_response.py", line 82, in clear_data
    if item == current_account["name"]:
       │       └ {'is_deleted': False, 'messageFromSystem': [], 'seenMessage': [], '_id': '69496b7e3a739f3bcffdeefa', 'role_name': 'admin', 'f...
       └ 'API predata - admin account 01'

KeyError: 'name'
[SUCCESS][2025-12-25 04:44:51][process_responses.role_process_responses:get_all_roles:23] Get all roles successfully:
[
    {
        "_id": "69496b7d3a739f3bcffdeef7",
        "name": "admin",
        "created_on": "2025-12-22 23:02:05",
        "modified_on": "2025-12-22 23:02:05",
        "created_by": "data generation",
        "modified_by": "data generation"
    },
    {
        "_id": "69496b7d3a739f3bcffdeef8",
        "name": "teacher",
        "created_on": "2025-12-22 23:02:05",
        "modified_on": "2025-12-22 23:02:05",
        "created_by": "data generation",
        "modified_by": "data generation"
    },
    {
        "_id": "69496b7d3a739f3bcffdeef9",
        "name": "student",
        "created_on": "2025-12-22 23:02:05",
        "modified_on": "2025-12-22 23:02:05",
        "created_by": "data generation",
        "modified_by": "data generation"
    },
    {
        "_id": "694cb7eb9fcc9f9778c3be08",
        "name": "API predata - role 01 - edited",
        "__v": 0
    }
]
[SUCCESS][2025-12-25 04:44:52][process_responses.account_process_response:get_account_by_id:31] Get account by id successfully:
{
    "is_deleted": false,
    "messageFromSystem": [],
    "seenMessage": [],
    "_id": "69496b7e3a739f3bcffdeefa",
    "role_name": "admin",
    "full_name": "test_user_01",
    "date_of_birth": "2012-12-26T00:00:00.000Z",
    "gender": "N\u1eef",
    "address": "Nghe\u0323\u0302 An",
    "email": "test_user_01@gmail.com",
    "phone_number": "1767111009",
    "password": "$2b$10$MwR7xWmmGi9oN16IwVejY.7JWsaNAdnqID85Pt22BJsGX/x4uuRZy",
    "avatar": "https://encrypted-tbn0.gstatic.com/images?q=tbn:ANd9GcTNnNH0c03eYhzzID8_Y6mHwZYYGjXLfnreH7RyT9f9GVRtT0yR7vklbKx3As07G6DCGYY&usqp=CAU",
    "status": "active",
    "created_on": "2025-12-22 23:02:06",
    "modified_on": "2025-12-22 23:02:06",
    "created_by": "data generation",
    "modified_by": "data generation"
}
[ERROR][2025-12-25 04:44:52][__main__:<module>:15] An error has been caught in function '<module>', process 'MainProcess' (35204), thread 'MainThread' (132912531138368):
Traceback (most recent call last):

> File "/home/user/apitestcapprj/main.py", line 15, in <module>
    account_pre_data: Dict = account_case_setup()
                             └ <function account_case_setup at 0x78e2013a7380>

  File "/home/user/apitestcapprj/helpers/logger_wrapper.py", line 14, in wrap
    return func(*args, **kwargs)
           │     │       └ {}
           │     └ ()
           └ <function account_case_setup at 0x78e2018a67a0>

  File "/home/user/apitestcapprj/case_setup/account_case_setup.py", line 44, in account_case_setup
    role_01_request_body: Dict = predata_request_body_template["role_01"]
                                 └ {'admin_account_01': {'role_name': '{admin_role_name}', 'full_name': 'API predata - admin account 01', 'date_of_birth': '{dat...

KeyError: 'role_01'
[INFO][2025-12-25 04:44:52][common.client:logout:157] User: 'test_user_01@gmail.com', role: 'admin' logout.
[INFO][2025-12-25 04:44:52][common.client:logout:159] Logout info: 200, "User logged out successfully".
[INFO][2025-12-25 04:44:52][common.client:logout:157] User: 'test_user_07@gmail.com', role: 'student' logout.
[INFO][2025-12-25 04:44:53][common.client:logout:159] Logout info: 200, "User logged out successfully".
[INFO][2025-12-25 04:44:53][common.client:logout:157] User: 'test_user_02@gmail.com', role: 'teacher' logout.
[INFO][2025-12-25 04:44:53][common.client:logout:159] Logout info: 200, "User logged out successfully".
[SUCCESS][2025-12-25 04:44:53][__main__:<module>:41] ================== End testing ===================
[INFO][2025-12-25 04:45:53][common.common_setup:<module>:13] Base dir: /home/user/apitestcapprj
[INFO][2025-12-25 04:45:53][helpers.load_data:load_data:35] Loading data from '/home/user/apitestcapprj/configs/user_info.json'.
[SUCCESS][2025-12-25 04:45:53][helpers.load_data:load_data:41] Complete loading data from '/home/user/apitestcapprj/configs/user_info.json'.
[SUCCESS][2025-12-25 04:45:53][common.common_setup:<module>:22] Load client info successfully:
{
    "admin": {
        "email": "test_user_01@gmail.com",
        "password": "123456789"
    },
    "student": {
        "email": "test_user_07@gmail.com",
        "password": "123456789"
    },
    "teacher": {
        "email": "test_user_02@gmail.com",
        "password": "123456789"
    }
}
[INFO][2025-12-25 04:45:53][helpers.load_data:load_data:35] Loading data from '/home/user/apitestcapprj/data/request_body_template/role_request_body_template.json'.
[SUCCESS][2025-12-25 04:45:53][helpers.load_data:load_data:41] Complete loading data from '/home/user/apitestcapprj/data/request_body_template/role_request_body_template.json'.
[SUCCESS][2025-12-25 04:45:53][common.common_setup:<module>:28] Load role predata successfully:
{
    "predata": {
        "role_01": {
            "name": "API predata - role 01"
        }
    },
    "need_clear": [
        "API predata - role 01 - edited",
        "API csv - role 01"
    ]
}
[INFO][2025-12-25 04:45:53][helpers.load_data:load_data:35] Loading data from '/home/user/apitestcapprj/data/request_body_template/account_request_body_template.json'.
[SUCCESS][2025-12-25 04:45:53][helpers.load_data:load_data:41] Complete loading data from '/home/user/apitestcapprj/data/request_body_template/account_request_body_template.json'.
[SUCCESS][2025-12-25 04:45:53][common.common_setup:<module>:33] Load account predata successfully:
{
    "predata": {
        "admin_account_01": {
            "role_name": "{admin_role_name}",
            "full_name": "API predata - admin account 01",
            "date_of_birth": "{datetime(%Y-%m-%d,0)}",
            "gender": "nam",
            "address": "API predata - admin account 01 - address - {random_string(5)}",
            "email": "api_predata_admin_account_01@gmail.com",
            "phone_number": "1234567890",
            "password": "123456789",
            "confirmPassword": "123456789"
        }
    },
    "need_clear": [
        "API predata - admin account 01"
    ]
}
[INFO][2025-12-25 04:45:53][common.client:login:143] Login with role: admin, email: test_user_01@gmail.com and password: 123456789.
[SUCCESS][2025-12-25 04:45:54][common.client:login:154] Login successfully.
[INFO][2025-12-25 04:45:54][common.client:login:143] Login with role: student, email: test_user_07@gmail.com and password: 123456789.
[SUCCESS][2025-12-25 04:45:55][common.client:login:154] Login successfully.
[INFO][2025-12-25 04:45:55][common.client:login:143] Login with role: teacher, email: test_user_02@gmail.com and password: 123456789.
[SUCCESS][2025-12-25 04:45:55][common.client:login:154] Login successfully.
[INFO][2025-12-25 04:45:55][__main__:<module>:9] ================= Start testing ==================
[SUCCESS][2025-12-25 04:45:56][process_responses.account_process_response:clear_data:86] Clear data successfully.
[SUCCESS][2025-12-25 04:45:57][process_responses.role_process_responses:get_all_roles:23] Get all roles successfully:
[
    {
        "_id": "69496b7d3a739f3bcffdeef7",
        "name": "admin",
        "created_on": "2025-12-22 23:02:05",
        "modified_on": "2025-12-22 23:02:05",
        "created_by": "data generation",
        "modified_by": "data generation"
    },
    {
        "_id": "69496b7d3a739f3bcffdeef8",
        "name": "teacher",
        "created_on": "2025-12-22 23:02:05",
        "modified_on": "2025-12-22 23:02:05",
        "created_by": "data generation",
        "modified_by": "data generation"
    },
    {
        "_id": "69496b7d3a739f3bcffdeef9",
        "name": "student",
        "created_on": "2025-12-22 23:02:05",
        "modified_on": "2025-12-22 23:02:05",
        "created_by": "data generation",
        "modified_by": "data generation"
    },
    {
        "_id": "694cb7eb9fcc9f9778c3be08",
        "name": "API predata - role 01 - edited",
        "__v": 0
    }
]
[SUCCESS][2025-12-25 04:45:58][process_responses.account_process_response:get_account_by_id:31] Get account by id successfully:
{
    "is_deleted": false,
    "messageFromSystem": [],
    "seenMessage": [],
    "_id": "69496b7e3a739f3bcffdeefa",
    "role_name": "admin",
    "full_name": "test_user_01",
    "date_of_birth": "2012-12-26T00:00:00.000Z",
    "gender": "N\u1eef",
    "address": "Nghe\u0323\u0302 An",
    "email": "test_user_01@gmail.com",
    "phone_number": "1767111009",
    "password": "$2b$10$MwR7xWmmGi9oN16IwVejY.7JWsaNAdnqID85Pt22BJsGX/x4uuRZy",
    "avatar": "https://encrypted-tbn0.gstatic.com/images?q=tbn:ANd9GcTNnNH0c03eYhzzID8_Y6mHwZYYGjXLfnreH7RyT9f9GVRtT0yR7vklbKx3As07G6DCGYY&usqp=CAU",
    "status": "active",
    "created_on": "2025-12-22 23:02:06",
    "modified_on": "2025-12-22 23:02:06",
    "created_by": "data generation",
    "modified_by": "data generation"
}
[ERROR][2025-12-25 04:45:58][__main__:<module>:15] An error has been caught in function '<module>', process 'MainProcess' (35487), thread 'MainThread' (132006564263744):
Traceback (most recent call last):

> File "/home/user/apitestcapprj/main.py", line 15, in <module>
    account_pre_data: Dict = account_case_setup()
                             └ <function account_case_setup at 0x780f11663380>

  File "/home/user/apitestcapprj/helpers/logger_wrapper.py", line 14, in wrap
    return func(*args, **kwargs)
           │     │       └ {}
           │     └ ()
           └ <function account_case_setup at 0x780f119567a0>

  File "/home/user/apitestcapprj/case_setup/account_case_setup.py", line 44, in account_case_setup
    role_01_request_body: Dict = predata_request_body_template["account_01"]
                                 └ {'admin_account_01': {'role_name': '{admin_role_name}', 'full_name': 'API predata - admin account 01', 'date_of_birth': '{dat...

KeyError: 'account_01'
[INFO][2025-12-25 04:45:58][common.client:logout:157] User: 'test_user_01@gmail.com', role: 'admin' logout.
[INFO][2025-12-25 04:45:58][common.client:logout:159] Logout info: 200, "User logged out successfully".
[INFO][2025-12-25 04:45:58][common.client:logout:157] User: 'test_user_07@gmail.com', role: 'student' logout.
[INFO][2025-12-25 04:45:58][common.client:logout:159] Logout info: 200, "User logged out successfully".
[INFO][2025-12-25 04:45:58][common.client:logout:157] User: 'test_user_02@gmail.com', role: 'teacher' logout.
[INFO][2025-12-25 04:45:59][common.client:logout:159] Logout info: 200, "User logged out successfully".
[SUCCESS][2025-12-25 04:45:59][__main__:<module>:41] ================== End testing ===================
[INFO][2025-12-25 04:46:53][common.common_setup:<module>:13] Base dir: /home/user/apitestcapprj
[INFO][2025-12-25 04:46:53][helpers.load_data:load_data:35] Loading data from '/home/user/apitestcapprj/configs/user_info.json'.
[SUCCESS][2025-12-25 04:46:53][helpers.load_data:load_data:41] Complete loading data from '/home/user/apitestcapprj/configs/user_info.json'.
[SUCCESS][2025-12-25 04:46:53][common.common_setup:<module>:22] Load client info successfully:
{
    "admin": {
        "email": "test_user_01@gmail.com",
        "password": "123456789"
    },
    "student": {
        "email": "test_user_07@gmail.com",
        "password": "123456789"
    },
    "teacher": {
        "email": "test_user_02@gmail.com",
        "password": "123456789"
    }
}
[INFO][2025-12-25 04:46:53][helpers.load_data:load_data:35] Loading data from '/home/user/apitestcapprj/data/request_body_template/role_request_body_template.json'.
[SUCCESS][2025-12-25 04:46:53][helpers.load_data:load_data:41] Complete loading data from '/home/user/apitestcapprj/data/request_body_template/role_request_body_template.json'.
[SUCCESS][2025-12-25 04:46:53][common.common_setup:<module>:28] Load role predata successfully:
{
    "predata": {
        "role_01": {
            "name": "API predata - role 01"
        }
    },
    "need_clear": [
        "API predata - role 01 - edited",
        "API csv - role 01"
    ]
}
[INFO][2025-12-25 04:46:53][helpers.load_data:load_data:35] Loading data from '/home/user/apitestcapprj/data/request_body_template/account_request_body_template.json'.
[SUCCESS][2025-12-25 04:46:53][helpers.load_data:load_data:41] Complete loading data from '/home/user/apitestcapprj/data/request_body_template/account_request_body_template.json'.
[SUCCESS][2025-12-25 04:46:53][common.common_setup:<module>:33] Load account predata successfully:
{
    "predata": {
        "admin_account_01": {
            "role_name": "{admin_role_name}",
            "full_name": "API predata - admin account 01",
            "date_of_birth": "{datetime(%Y-%m-%d,0)}",
            "gender": "nam",
            "address": "API predata - admin account 01 - address - {random_string(5)}",
            "email": "api_predata_admin_account_01@gmail.com",
            "phone_number": "1234567890",
            "password": "123456789",
            "confirmPassword": "123456789"
        }
    },
    "need_clear": [
        "API predata - admin account 01"
    ]
}
[INFO][2025-12-25 04:46:53][common.client:login:143] Login with role: admin, email: test_user_01@gmail.com and password: 123456789.
[SUCCESS][2025-12-25 04:46:54][common.client:login:154] Login successfully.
[INFO][2025-12-25 04:46:54][common.client:login:143] Login with role: student, email: test_user_07@gmail.com and password: 123456789.
[SUCCESS][2025-12-25 04:46:55][common.client:login:154] Login successfully.
[INFO][2025-12-25 04:46:55][common.client:login:143] Login with role: teacher, email: test_user_02@gmail.com and password: 123456789.
[SUCCESS][2025-12-25 04:46:56][common.client:login:154] Login successfully.
[INFO][2025-12-25 04:46:56][__main__:<module>:9] ================= Start testing ==================
[SUCCESS][2025-12-25 04:46:56][process_responses.account_process_response:clear_data:86] Complete clear data.
[SUCCESS][2025-12-25 04:46:57][process_responses.role_process_responses:get_all_roles:23] Get all roles successfully:
[
    {
        "_id": "69496b7d3a739f3bcffdeef7",
        "name": "admin",
        "created_on": "2025-12-22 23:02:05",
        "modified_on": "2025-12-22 23:02:05",
        "created_by": "data generation",
        "modified_by": "data generation"
    },
    {
        "_id": "69496b7d3a739f3bcffdeef8",
        "name": "teacher",
        "created_on": "2025-12-22 23:02:05",
        "modified_on": "2025-12-22 23:02:05",
        "created_by": "data generation",
        "modified_by": "data generation"
    },
    {
        "_id": "69496b7d3a739f3bcffdeef9",
        "name": "student",
        "created_on": "2025-12-22 23:02:05",
        "modified_on": "2025-12-22 23:02:05",
        "created_by": "data generation",
        "modified_by": "data generation"
    },
    {
        "_id": "694cb7eb9fcc9f9778c3be08",
        "name": "API predata - role 01 - edited",
        "__v": 0
    }
]
[SUCCESS][2025-12-25 04:46:58][process_responses.account_process_response:get_account_by_id:31] Get account by id successfully:
{
    "is_deleted": false,
    "messageFromSystem": [],
    "seenMessage": [],
    "_id": "69496b7e3a739f3bcffdeefa",
    "role_name": "admin",
    "full_name": "test_user_01",
    "date_of_birth": "2012-12-26T00:00:00.000Z",
    "gender": "N\u1eef",
    "address": "Nghe\u0323\u0302 An",
    "email": "test_user_01@gmail.com",
    "phone_number": "1767111009",
    "password": "$2b$10$MwR7xWmmGi9oN16IwVejY.7JWsaNAdnqID85Pt22BJsGX/x4uuRZy",
    "avatar": "https://encrypted-tbn0.gstatic.com/images?q=tbn:ANd9GcTNnNH0c03eYhzzID8_Y6mHwZYYGjXLfnreH7RyT9f9GVRtT0yR7vklbKx3As07G6DCGYY&usqp=CAU",
    "status": "active",
    "created_on": "2025-12-22 23:02:06",
    "modified_on": "2025-12-22 23:02:06",
    "created_by": "data generation",
    "modified_by": "data generation"
}
[ERROR][2025-12-25 04:46:58][__main__:<module>:15] An error has been caught in function '<module>', process 'MainProcess' (35776), thread 'MainThread' (139239481861952):
Traceback (most recent call last):

> File "/home/user/apitestcapprj/main.py", line 15, in <module>
    account_pre_data: Dict = account_case_setup()
                             └ <function account_case_setup at 0x7ea31cdf7380>

  File "/home/user/apitestcapprj/helpers/logger_wrapper.py", line 14, in wrap
    return func(*args, **kwargs)
           │     │       └ {}
           │     └ ()
           └ <function account_case_setup at 0x7ea31d2f27a0>

  File "/home/user/apitestcapprj/case_setup/account_case_setup.py", line 46, in account_case_setup
    role_01_info: Dict = admin.AccountResponse.create_new_role_with_check(role_01_request_body)
                         │     │                                          └ {'role_name': 'admin', 'full_name': 'API predata - admin account 01', 'date_of_birth': '2025-12-25', 'gender': 'nam', 'addres...
                         │     └ <process_responses.account_process_response.AccountResponse object at 0x7ea31f39f590>
                         └ <common.user.User object at 0x7ea31cdd5490>

AttributeError: 'AccountResponse' object has no attribute 'create_new_role_with_check'
[INFO][2025-12-25 04:46:58][common.client:logout:157] User: 'test_user_01@gmail.com', role: 'admin' logout.
[INFO][2025-12-25 04:46:59][common.client:logout:159] Logout info: 200, "User logged out successfully".
[INFO][2025-12-25 04:46:59][common.client:logout:157] User: 'test_user_07@gmail.com', role: 'student' logout.
[INFO][2025-12-25 04:46:59][common.client:logout:159] Logout info: 200, "User logged out successfully".
[INFO][2025-12-25 04:46:59][common.client:logout:157] User: 'test_user_02@gmail.com', role: 'teacher' logout.
[INFO][2025-12-25 04:46:59][common.client:logout:159] Logout info: 200, "User logged out successfully".
[SUCCESS][2025-12-25 04:46:59][__main__:<module>:41] ================== End testing ===================
[INFO][2025-12-25 04:48:59][common.common_setup:<module>:13] Base dir: /home/user/apitestcapprj
[INFO][2025-12-25 04:48:59][helpers.load_data:load_data:35] Loading data from '/home/user/apitestcapprj/configs/user_info.json'.
[SUCCESS][2025-12-25 04:48:59][helpers.load_data:load_data:41] Complete loading data from '/home/user/apitestcapprj/configs/user_info.json'.
[SUCCESS][2025-12-25 04:48:59][common.common_setup:<module>:22] Load client info successfully:
{
    "admin": {
        "email": "test_user_01@gmail.com",
        "password": "123456789"
    },
    "student": {
        "email": "test_user_07@gmail.com",
        "password": "123456789"
    },
    "teacher": {
        "email": "test_user_02@gmail.com",
        "password": "123456789"
    }
}
[INFO][2025-12-25 04:48:59][helpers.load_data:load_data:35] Loading data from '/home/user/apitestcapprj/data/request_body_template/role_request_body_template.json'.
[SUCCESS][2025-12-25 04:48:59][helpers.load_data:load_data:41] Complete loading data from '/home/user/apitestcapprj/data/request_body_template/role_request_body_template.json'.
[SUCCESS][2025-12-25 04:48:59][common.common_setup:<module>:28] Load role predata successfully:
{
    "predata": {
        "role_01": {
            "name": "API predata - role 01"
        }
    },
    "need_clear": [
        "API predata - role 01 - edited",
        "API csv - role 01"
    ]
}
[INFO][2025-12-25 04:48:59][helpers.load_data:load_data:35] Loading data from '/home/user/apitestcapprj/data/request_body_template/account_request_body_template.json'.
[SUCCESS][2025-12-25 04:48:59][helpers.load_data:load_data:41] Complete loading data from '/home/user/apitestcapprj/data/request_body_template/account_request_body_template.json'.
[SUCCESS][2025-12-25 04:48:59][common.common_setup:<module>:33] Load account predata successfully:
{
    "predata": {
        "admin_account_01": {
            "role_name": "{admin_role_name}",
            "full_name": "API predata - admin account 01",
            "date_of_birth": "{datetime(%Y-%m-%d,0)}",
            "gender": "nam",
            "address": "API predata - admin account 01 - address - {random_string(5)}",
            "email": "api_predata_admin_account_01@gmail.com",
            "phone_number": "1234567890",
            "password": "123456789",
            "confirmPassword": "123456789"
        }
    },
    "need_clear": [
        "API predata - admin account 01"
    ]
}
[INFO][2025-12-25 04:48:59][common.client:login:143] Login with role: admin, email: test_user_01@gmail.com and password: 123456789.
[SUCCESS][2025-12-25 04:49:00][common.client:login:154] Login successfully.
[INFO][2025-12-25 04:49:00][common.client:login:143] Login with role: student, email: test_user_07@gmail.com and password: 123456789.
[SUCCESS][2025-12-25 04:49:01][common.client:login:154] Login successfully.
[INFO][2025-12-25 04:49:01][common.client:login:143] Login with role: teacher, email: test_user_02@gmail.com and password: 123456789.
[SUCCESS][2025-12-25 04:49:01][common.client:login:154] Login successfully.
[INFO][2025-12-25 04:49:01][__main__:<module>:9] ================= Start testing ==================
[SUCCESS][2025-12-25 04:49:02][process_responses.account_process_response:clear_data:86] Complete clear data.
[SUCCESS][2025-12-25 04:49:03][process_responses.role_process_responses:get_all_roles:23] Get all roles successfully:
[
    {
        "_id": "69496b7d3a739f3bcffdeef7",
        "name": "admin",
        "created_on": "2025-12-22 23:02:05",
        "modified_on": "2025-12-22 23:02:05",
        "created_by": "data generation",
        "modified_by": "data generation"
    },
    {
        "_id": "69496b7d3a739f3bcffdeef8",
        "name": "teacher",
        "created_on": "2025-12-22 23:02:05",
        "modified_on": "2025-12-22 23:02:05",
        "created_by": "data generation",
        "modified_by": "data generation"
    },
    {
        "_id": "69496b7d3a739f3bcffdeef9",
        "name": "student",
        "created_on": "2025-12-22 23:02:05",
        "modified_on": "2025-12-22 23:02:05",
        "created_by": "data generation",
        "modified_by": "data generation"
    },
    {
        "_id": "694cb7eb9fcc9f9778c3be08",
        "name": "API predata - role 01 - edited",
        "__v": 0
    }
]
[SUCCESS][2025-12-25 04:49:04][process_responses.account_process_response:get_account_by_id:31] Get account by id successfully:
{
    "is_deleted": false,
    "messageFromSystem": [],
    "seenMessage": [],
    "_id": "69496b7e3a739f3bcffdeefa",
    "role_name": "admin",
    "full_name": "test_user_01",
    "date_of_birth": "2012-12-26T00:00:00.000Z",
    "gender": "N\u1eef",
    "address": "Nghe\u0323\u0302 An",
    "email": "test_user_01@gmail.com",
    "phone_number": "1767111009",
    "password": "$2b$10$MwR7xWmmGi9oN16IwVejY.7JWsaNAdnqID85Pt22BJsGX/x4uuRZy",
    "avatar": "https://encrypted-tbn0.gstatic.com/images?q=tbn:ANd9GcTNnNH0c03eYhzzID8_Y6mHwZYYGjXLfnreH7RyT9f9GVRtT0yR7vklbKx3As07G6DCGYY&usqp=CAU",
    "status": "active",
    "created_on": "2025-12-22 23:02:06",
    "modified_on": "2025-12-22 23:02:06",
    "created_by": "data generation",
    "modified_by": "data generation"
}
[ERROR][2025-12-25 04:49:04][case_setup.account_case_setup:account_case_setup:46] An error has been caught in function 'account_case_setup', process 'MainProcess' (36374), thread 'MainThread' (135589678176064):
Traceback (most recent call last):

  File "/home/user/apitestcapprj/main.py", line 15, in <module>
    account_pre_data: Dict = account_case_setup()
                             └ <function account_case_setup at 0x7b5153a06840>

  File "/home/user/apitestcapprj/helpers/logger_wrapper.py", line 14, in wrap
    return func(*args, **kwargs)
           │     │       └ {}
           │     └ ()
           └ <function account_case_setup at 0x7b5153f067a0>

> File "/home/user/apitestcapprj/case_setup/account_case_setup.py", line 46, in account_case_setup
    account_01_info: Dict = admin.AccountResponse.create_new_account_with_check(account_01_request_body)
                            │     │               │                             └ {'role_name': 'admin', 'full_name': 'API predata - admin account 01', 'date_of_birth': '2025-12-25', 'gender': 'nam', 'addres...
                            │     │               └ <function AccountResponse.create_new_account_with_check at 0x7b51539e2b60>
                            │     └ <process_responses.account_process_response.AccountResponse object at 0x7b51571ac910>
                            └ <common.user.User object at 0x7b5153b9cf90>

  File "/home/user/apitestcapprj/helpers/logger_wrapper.py", line 14, in wrap
    return func(*args, **kwargs)
           │     │       └ {}
           │     └ (<process_responses.account_process_response.AccountResponse object at 0x7b51571ac910>, {'role_name': 'admin', 'full_name': '...
           └ <function AccountResponse.create_new_account_with_check at 0x7b51539e2a20>

  File "/home/user/apitestcapprj/process_responses/account_process_response.py", line 49, in create_new_account_with_check
    create_account_res: Response = self.__AccountAPI.create_new_account(request_body)
                                   │                                    └ {'role_name': 'admin', 'full_name': 'API predata - admin account 01', 'date_of_birth': '2025-12-25', 'gender': 'nam', 'addres...
                                   └ <process_responses.account_process_response.AccountResponse object at 0x7b51571ac910>

AttributeError: 'AccountAPI' object has no attribute 'create_new_account'
[ERROR][2025-12-25 04:49:04][__main__:<module>:15] An error has been caught in function '<module>', process 'MainProcess' (36374), thread 'MainThread' (135589678176064):
Traceback (most recent call last):

> File "/home/user/apitestcapprj/main.py", line 15, in <module>
    account_pre_data: Dict = account_case_setup()
                             └ <function account_case_setup at 0x7b5153a06840>

  File "/home/user/apitestcapprj/helpers/logger_wrapper.py", line 14, in wrap
    return func(*args, **kwargs)
           │     │       └ {}
           │     └ ()
           └ <function account_case_setup at 0x7b5153f067a0>

  File "/home/user/apitestcapprj/case_setup/account_case_setup.py", line 48, in account_case_setup
    pre_data["account_01_id"] = account_01_info.get("_id")
    │                           └ None
    └ {'admin_role_name': 'admin', 'student_role_name': 'student', 'teacher_role_name': 'student', 'admin_role_id': '69496b7d3a739f...

AttributeError: 'NoneType' object has no attribute 'get'
[INFO][2025-12-25 04:49:04][common.client:logout:157] User: 'test_user_01@gmail.com', role: 'admin' logout.
[INFO][2025-12-25 04:49:05][common.client:logout:159] Logout info: 200, "User logged out successfully".
[INFO][2025-12-25 04:49:05][common.client:logout:157] User: 'test_user_07@gmail.com', role: 'student' logout.
[INFO][2025-12-25 04:49:05][common.client:logout:159] Logout info: 200, "User logged out successfully".
[INFO][2025-12-25 04:49:05][common.client:logout:157] User: 'test_user_02@gmail.com', role: 'teacher' logout.
[INFO][2025-12-25 04:49:05][common.client:logout:159] Logout info: 200, "User logged out successfully".
[SUCCESS][2025-12-25 04:49:05][__main__:<module>:41] ================== End testing ===================
[INFO][2025-12-25 04:49:45][common.common_setup:<module>:13] Base dir: /home/user/apitestcapprj
[INFO][2025-12-25 04:49:45][helpers.load_data:load_data:35] Loading data from '/home/user/apitestcapprj/configs/user_info.json'.
[SUCCESS][2025-12-25 04:49:45][helpers.load_data:load_data:41] Complete loading data from '/home/user/apitestcapprj/configs/user_info.json'.
[SUCCESS][2025-12-25 04:49:45][common.common_setup:<module>:22] Load client info successfully:
{
    "admin": {
        "email": "test_user_01@gmail.com",
        "password": "123456789"
    },
    "student": {
        "email": "test_user_07@gmail.com",
        "password": "123456789"
    },
    "teacher": {
        "email": "test_user_02@gmail.com",
        "password": "123456789"
    }
}
[INFO][2025-12-25 04:49:45][helpers.load_data:load_data:35] Loading data from '/home/user/apitestcapprj/data/request_body_template/role_request_body_template.json'.
[SUCCESS][2025-12-25 04:49:45][helpers.load_data:load_data:41] Complete loading data from '/home/user/apitestcapprj/data/request_body_template/role_request_body_template.json'.
[SUCCESS][2025-12-25 04:49:45][common.common_setup:<module>:28] Load role predata successfully:
{
    "predata": {
        "role_01": {
            "name": "API predata - role 01"
        }
    },
    "need_clear": [
        "API predata - role 01 - edited",
        "API csv - role 01"
    ]
}
[INFO][2025-12-25 04:49:45][helpers.load_data:load_data:35] Loading data from '/home/user/apitestcapprj/data/request_body_template/account_request_body_template.json'.
[SUCCESS][2025-12-25 04:49:45][helpers.load_data:load_data:41] Complete loading data from '/home/user/apitestcapprj/data/request_body_template/account_request_body_template.json'.
[SUCCESS][2025-12-25 04:49:45][common.common_setup:<module>:33] Load account predata successfully:
{
    "predata": {
        "admin_account_01": {
            "role_name": "{admin_role_name}",
            "full_name": "API predata - admin account 01",
            "date_of_birth": "{datetime(%Y-%m-%d,0)}",
            "gender": "nam",
            "address": "API predata - admin account 01 - address - {random_string(5)}",
            "email": "api_predata_admin_account_01@gmail.com",
            "phone_number": "1234567890",
            "password": "123456789",
            "confirmPassword": "123456789"
        }
    },
    "need_clear": [
        "API predata - admin account 01"
    ]
}
[INFO][2025-12-25 04:49:45][common.client:login:143] Login with role: admin, email: test_user_01@gmail.com and password: 123456789.
[SUCCESS][2025-12-25 04:49:46][common.client:login:154] Login successfully.
[INFO][2025-12-25 04:49:46][common.client:login:143] Login with role: student, email: test_user_07@gmail.com and password: 123456789.
[SUCCESS][2025-12-25 04:49:47][common.client:login:154] Login successfully.
[INFO][2025-12-25 04:49:47][common.client:login:143] Login with role: teacher, email: test_user_02@gmail.com and password: 123456789.
[SUCCESS][2025-12-25 04:49:48][common.client:login:154] Login successfully.
[INFO][2025-12-25 04:49:48][__main__:<module>:9] ================= Start testing ==================
[SUCCESS][2025-12-25 04:49:48][process_responses.account_process_response:clear_data:86] Complete clear data.
[SUCCESS][2025-12-25 04:49:49][process_responses.role_process_responses:get_all_roles:23] Get all roles successfully:
[
    {
        "_id": "69496b7d3a739f3bcffdeef7",
        "name": "admin",
        "created_on": "2025-12-22 23:02:05",
        "modified_on": "2025-12-22 23:02:05",
        "created_by": "data generation",
        "modified_by": "data generation"
    },
    {
        "_id": "69496b7d3a739f3bcffdeef8",
        "name": "teacher",
        "created_on": "2025-12-22 23:02:05",
        "modified_on": "2025-12-22 23:02:05",
        "created_by": "data generation",
        "modified_by": "data generation"
    },
    {
        "_id": "69496b7d3a739f3bcffdeef9",
        "name": "student",
        "created_on": "2025-12-22 23:02:05",
        "modified_on": "2025-12-22 23:02:05",
        "created_by": "data generation",
        "modified_by": "data generation"
    },
    {
        "_id": "694cb7eb9fcc9f9778c3be08",
        "name": "API predata - role 01 - edited",
        "__v": 0
    }
]
[SUCCESS][2025-12-25 04:49:50][process_responses.account_process_response:get_account_by_id:31] Get account by id successfully:
{
    "is_deleted": false,
    "messageFromSystem": [],
    "seenMessage": [],
    "_id": "69496b7e3a739f3bcffdeefa",
    "role_name": "admin",
    "full_name": "test_user_01",
    "date_of_birth": "2012-12-26T00:00:00.000Z",
    "gender": "N\u1eef",
    "address": "Nghe\u0323\u0302 An",
    "email": "test_user_01@gmail.com",
    "phone_number": "1767111009",
    "password": "$2b$10$MwR7xWmmGi9oN16IwVejY.7JWsaNAdnqID85Pt22BJsGX/x4uuRZy",
    "avatar": "https://encrypted-tbn0.gstatic.com/images?q=tbn:ANd9GcTNnNH0c03eYhzzID8_Y6mHwZYYGjXLfnreH7RyT9f9GVRtT0yR7vklbKx3As07G6DCGYY&usqp=CAU",
    "status": "active",
    "created_on": "2025-12-22 23:02:06",
    "modified_on": "2025-12-22 23:02:06",
    "created_by": "data generation",
    "modified_by": "data generation"
}
[SUCCESS][2025-12-25 04:49:51][process_responses.account_process_response:create_new_account_with_check:54] Create new account successfully:
{
    "role_name": "admin",
    "full_name": "API predata - admin account 01",
    "date_of_birth": "2025-12-25T00:00:00.000Z",
    "gender": "nam",
    "address": "API predata - admin account 01 - address - ZlPrg",
    "email": "api_predata_admin_account_01@gmail.com",
    "phone_number": "1234567890",
    "password": "$2b$10$EuUn6nVTyrrQ5F8yCAT.F.9jmEvg74s7RhQxwCMCbpdn6.2ZPq1BK",
    "is_deleted": false,
    "messageFromSystem": [],
    "seenMessage": [],
    "_id": "694cc26fd2cc713a46d325a9",
    "createdAt": "2025-12-25T04:49:51.523Z",
    "updatedAt": "2025-12-25T04:49:51.523Z",
    "__v": 0
}
[INFO][2025-12-25 04:49:51][case_setup.account_case_setup:account_case_setup:51] {
    "admin_role_name": "admin",
    "student_role_name": "student",
    "teacher_role_name": "student",
    "admin_role_id": "69496b7d3a739f3bcffdeef7",
    "student_role_id": "69496b7d3a739f3bcffdeef9",
    "admin_account_id": "69496b7e3a739f3bcffdeefa",
    "student_account_id": "694cb973322b96054111df4d",
    "account_01_id": "694cc26fd2cc713a46d325a9",
    "account_01_name": "API predata - admin account 01"
}
[INFO][2025-12-25 04:49:51][common.client:logout:157] User: 'test_user_01@gmail.com', role: 'admin' logout.
[INFO][2025-12-25 04:49:52][common.client:logout:159] Logout info: 200, "User logged out successfully".
[INFO][2025-12-25 04:49:52][common.client:logout:157] User: 'test_user_07@gmail.com', role: 'student' logout.
[INFO][2025-12-25 04:49:52][common.client:logout:159] Logout info: 200, "User logged out successfully".
[INFO][2025-12-25 04:49:52][common.client:logout:157] User: 'test_user_02@gmail.com', role: 'teacher' logout.
[INFO][2025-12-25 04:49:52][common.client:logout:159] Logout info: 200, "User logged out successfully".
[SUCCESS][2025-12-25 04:49:52][__main__:<module>:41] ================== End testing ===================
[INFO][2025-12-25 04:50:06][common.common_setup:<module>:13] Base dir: /home/user/apitestcapprj
[INFO][2025-12-25 04:50:06][helpers.load_data:load_data:35] Loading data from '/home/user/apitestcapprj/configs/user_info.json'.
[SUCCESS][2025-12-25 04:50:06][helpers.load_data:load_data:41] Complete loading data from '/home/user/apitestcapprj/configs/user_info.json'.
[SUCCESS][2025-12-25 04:50:06][common.common_setup:<module>:22] Load client info successfully:
{
    "admin": {
        "email": "test_user_01@gmail.com",
        "password": "123456789"
    },
    "student": {
        "email": "test_user_07@gmail.com",
        "password": "123456789"
    },
    "teacher": {
        "email": "test_user_02@gmail.com",
        "password": "123456789"
    }
}
[INFO][2025-12-25 04:50:06][helpers.load_data:load_data:35] Loading data from '/home/user/apitestcapprj/data/request_body_template/role_request_body_template.json'.
[SUCCESS][2025-12-25 04:50:06][helpers.load_data:load_data:41] Complete loading data from '/home/user/apitestcapprj/data/request_body_template/role_request_body_template.json'.
[SUCCESS][2025-12-25 04:50:06][common.common_setup:<module>:28] Load role predata successfully:
{
    "predata": {
        "role_01": {
            "name": "API predata - role 01"
        }
    },
    "need_clear": [
        "API predata - role 01 - edited",
        "API csv - role 01"
    ]
}
[INFO][2025-12-25 04:50:06][helpers.load_data:load_data:35] Loading data from '/home/user/apitestcapprj/data/request_body_template/account_request_body_template.json'.
[SUCCESS][2025-12-25 04:50:06][helpers.load_data:load_data:41] Complete loading data from '/home/user/apitestcapprj/data/request_body_template/account_request_body_template.json'.
[SUCCESS][2025-12-25 04:50:06][common.common_setup:<module>:33] Load account predata successfully:
{
    "predata": {
        "admin_account_01": {
            "role_name": "{admin_role_name}",
            "full_name": "API predata - admin account 01",
            "date_of_birth": "{datetime(%Y-%m-%d,0)}",
            "gender": "nam",
            "address": "API predata - admin account 01 - address - {random_string(5)}",
            "email": "api_predata_admin_account_01@gmail.com",
            "phone_number": "1234567890",
            "password": "123456789",
            "confirmPassword": "123456789"
        }
    },
    "need_clear": [
        "API predata - admin account 01"
    ]
}
[INFO][2025-12-25 04:50:06][common.client:login:143] Login with role: admin, email: test_user_01@gmail.com and password: 123456789.
[SUCCESS][2025-12-25 04:50:07][common.client:login:154] Login successfully.
[INFO][2025-12-25 04:50:07][common.client:login:143] Login with role: student, email: test_user_07@gmail.com and password: 123456789.
[SUCCESS][2025-12-25 04:50:08][common.client:login:154] Login successfully.
[INFO][2025-12-25 04:50:08][common.client:login:143] Login with role: teacher, email: test_user_02@gmail.com and password: 123456789.
[SUCCESS][2025-12-25 04:50:09][common.client:login:154] Login successfully.
[INFO][2025-12-25 04:50:09][__main__:<module>:9] ================= Start testing ==================
[INFO][2025-12-25 04:50:09][process_responses.account_process_response:clear_data:83] Clear data: API predata - admin account 01
[INFO][2025-12-25 04:51:50][common.common_setup:<module>:13] Base dir: /home/user/apitestcapprj
[INFO][2025-12-25 04:51:50][helpers.load_data:load_data:35] Loading data from '/home/user/apitestcapprj/configs/user_info.json'.
[SUCCESS][2025-12-25 04:51:50][helpers.load_data:load_data:41] Complete loading data from '/home/user/apitestcapprj/configs/user_info.json'.
[SUCCESS][2025-12-25 04:51:50][common.common_setup:<module>:22] Load client info successfully:
{
    "admin": {
        "email": "test_user_01@gmail.com",
        "password": "123456789"
    },
    "student": {
        "email": "test_user_07@gmail.com",
        "password": "123456789"
    },
    "teacher": {
        "email": "test_user_02@gmail.com",
        "password": "123456789"
    }
}
[INFO][2025-12-25 04:51:50][helpers.load_data:load_data:35] Loading data from '/home/user/apitestcapprj/data/request_body_template/role_request_body_template.json'.
[SUCCESS][2025-12-25 04:51:50][helpers.load_data:load_data:41] Complete loading data from '/home/user/apitestcapprj/data/request_body_template/role_request_body_template.json'.
[SUCCESS][2025-12-25 04:51:50][common.common_setup:<module>:28] Load role predata successfully:
{
    "predata": {
        "role_01": {
            "name": "API predata - role 01"
        }
    },
    "need_clear": [
        "API predata - role 01 - edited",
        "API csv - role 01"
    ]
}
[INFO][2025-12-25 04:51:50][helpers.load_data:load_data:35] Loading data from '/home/user/apitestcapprj/data/request_body_template/account_request_body_template.json'.
[SUCCESS][2025-12-25 04:51:50][helpers.load_data:load_data:41] Complete loading data from '/home/user/apitestcapprj/data/request_body_template/account_request_body_template.json'.
[SUCCESS][2025-12-25 04:51:50][common.common_setup:<module>:33] Load account predata successfully:
{
    "predata": {
        "admin_account_01": {
            "role_name": "{admin_role_name}",
            "full_name": "API predata - admin account 01",
            "date_of_birth": "{datetime(%Y-%m-%d,0)}",
            "gender": "nam",
            "address": "API predata - admin account 01 - address - {random_string(5)}",
            "email": "api_predata_admin_account_01@gmail.com",
            "phone_number": "1234567890",
            "password": "123456789",
            "confirmPassword": "123456789"
        }
    },
    "need_clear": [
        "API predata - admin account 01"
    ]
}
[INFO][2025-12-25 04:51:50][common.client:login:143] Login with role: admin, email: test_user_01@gmail.com and password: 123456789.
[SUCCESS][2025-12-25 04:51:50][common.client:login:154] Login successfully.
[INFO][2025-12-25 04:51:50][common.client:login:143] Login with role: student, email: test_user_07@gmail.com and password: 123456789.
[SUCCESS][2025-12-25 04:51:51][common.client:login:154] Login successfully.
[INFO][2025-12-25 04:51:51][common.client:login:143] Login with role: teacher, email: test_user_02@gmail.com and password: 123456789.
[SUCCESS][2025-12-25 04:51:52][common.client:login:154] Login successfully.
[INFO][2025-12-25 04:51:52][__main__:<module>:9] ================= Start testing ==================
[SUCCESS][2025-12-25 04:51:53][process_responses.account_process_response:clear_data:86] Complete clear data.
[SUCCESS][2025-12-25 04:51:53][process_responses.role_process_responses:get_all_roles:23] Get all roles successfully:
[
    {
        "_id": "69496b7d3a739f3bcffdeef7",
        "name": "admin",
        "created_on": "2025-12-22 23:02:05",
        "modified_on": "2025-12-22 23:02:05",
        "created_by": "data generation",
        "modified_by": "data generation"
    },
    {
        "_id": "69496b7d3a739f3bcffdeef8",
        "name": "teacher",
        "created_on": "2025-12-22 23:02:05",
        "modified_on": "2025-12-22 23:02:05",
        "created_by": "data generation",
        "modified_by": "data generation"
    },
    {
        "_id": "69496b7d3a739f3bcffdeef9",
        "name": "student",
        "created_on": "2025-12-22 23:02:05",
        "modified_on": "2025-12-22 23:02:05",
        "created_by": "data generation",
        "modified_by": "data generation"
    },
    {
        "_id": "694cb7eb9fcc9f9778c3be08",
        "name": "API predata - role 01 - edited",
        "__v": 0
    }
]
[SUCCESS][2025-12-25 04:51:54][process_responses.account_process_response:get_account_by_id:31] Get account by id successfully:
{
    "is_deleted": false,
    "messageFromSystem": [],
    "seenMessage": [],
    "_id": "69496b7e3a739f3bcffdeefa",
    "role_name": "admin",
    "full_name": "test_user_01",
    "date_of_birth": "2012-12-26T00:00:00.000Z",
    "gender": "N\u1eef",
    "address": "Nghe\u0323\u0302 An",
    "email": "test_user_01@gmail.com",
    "phone_number": "1767111009",
    "password": "$2b$10$MwR7xWmmGi9oN16IwVejY.7JWsaNAdnqID85Pt22BJsGX/x4uuRZy",
    "avatar": "https://encrypted-tbn0.gstatic.com/images?q=tbn:ANd9GcTNnNH0c03eYhzzID8_Y6mHwZYYGjXLfnreH7RyT9f9GVRtT0yR7vklbKx3As07G6DCGYY&usqp=CAU",
    "status": "active",
    "created_on": "2025-12-22 23:02:06",
    "modified_on": "2025-12-22 23:02:06",
    "created_by": "data generation",
    "modified_by": "data generation"
}
[SUCCESS][2025-12-25 04:51:56][process_responses.account_process_response:create_new_account_with_check:54] Create new account successfully:
{
    "role_name": "admin",
    "full_name": "API predata - admin account 01",
    "date_of_birth": "2025-12-25T00:00:00.000Z",
    "gender": "nam",
    "address": "API predata - admin account 01 - address - FboSt",
    "email": "api_predata_admin_account_01@gmail.com",
    "phone_number": "1234567890",
    "password": "$2b$10$iFQo5OawANoeQau8yzftkePx.bQ8es0njQOvfVlWTQbbg/4Ia/A8S",
    "is_deleted": false,
    "messageFromSystem": [],
    "seenMessage": [],
    "_id": "694cc2ebe77be7f10c96cb5d",
    "createdAt": "2025-12-25T04:51:55.690Z",
    "updatedAt": "2025-12-25T04:51:55.690Z",
    "__v": 0
}
[INFO][2025-12-25 04:51:56][case_setup.account_case_setup:account_case_setup:51] {
    "admin_role_name": "admin",
    "student_role_name": "student",
    "teacher_role_name": "student",
    "admin_role_id": "69496b7d3a739f3bcffdeef7",
    "student_role_id": "69496b7d3a739f3bcffdeef9",
    "admin_account_id": "69496b7e3a739f3bcffdeefa",
    "student_account_id": "694cb973322b96054111df4d",
    "account_01_id": "694cc2ebe77be7f10c96cb5d",
    "account_01_name": "API predata - admin account 01"
}
[INFO][2025-12-25 04:51:56][common.client:logout:157] User: 'test_user_01@gmail.com', role: 'admin' logout.
[INFO][2025-12-25 04:51:56][common.client:logout:159] Logout info: 200, "User logged out successfully".
[INFO][2025-12-25 04:51:56][common.client:logout:157] User: 'test_user_07@gmail.com', role: 'student' logout.
[INFO][2025-12-25 04:51:56][common.client:logout:159] Logout info: 200, "User logged out successfully".
[INFO][2025-12-25 04:51:56][common.client:logout:157] User: 'test_user_02@gmail.com', role: 'teacher' logout.
[INFO][2025-12-25 04:51:56][common.client:logout:159] Logout info: 200, "User logged out successfully".
[SUCCESS][2025-12-25 04:51:56][__main__:<module>:41] ================== End testing ===================
[INFO][2025-12-25 04:52:10][common.common_setup:<module>:13] Base dir: /home/user/apitestcapprj
[INFO][2025-12-25 04:52:10][helpers.load_data:load_data:35] Loading data from '/home/user/apitestcapprj/configs/user_info.json'.
[SUCCESS][2025-12-25 04:52:10][helpers.load_data:load_data:41] Complete loading data from '/home/user/apitestcapprj/configs/user_info.json'.
[SUCCESS][2025-12-25 04:52:10][common.common_setup:<module>:22] Load client info successfully:
{
    "admin": {
        "email": "test_user_01@gmail.com",
        "password": "123456789"
    },
    "student": {
        "email": "test_user_07@gmail.com",
        "password": "123456789"
    },
    "teacher": {
        "email": "test_user_02@gmail.com",
        "password": "123456789"
    }
}
[INFO][2025-12-25 04:52:10][helpers.load_data:load_data:35] Loading data from '/home/user/apitestcapprj/data/request_body_template/role_request_body_template.json'.
[SUCCESS][2025-12-25 04:52:10][helpers.load_data:load_data:41] Complete loading data from '/home/user/apitestcapprj/data/request_body_template/role_request_body_template.json'.
[SUCCESS][2025-12-25 04:52:10][common.common_setup:<module>:28] Load role predata successfully:
{
    "predata": {
        "role_01": {
            "name": "API predata - role 01"
        }
    },
    "need_clear": [
        "API predata - role 01 - edited",
        "API csv - role 01"
    ]
}
[INFO][2025-12-25 04:52:10][helpers.load_data:load_data:35] Loading data from '/home/user/apitestcapprj/data/request_body_template/account_request_body_template.json'.
[SUCCESS][2025-12-25 04:52:10][helpers.load_data:load_data:41] Complete loading data from '/home/user/apitestcapprj/data/request_body_template/account_request_body_template.json'.
[SUCCESS][2025-12-25 04:52:10][common.common_setup:<module>:33] Load account predata successfully:
{
    "predata": {
        "admin_account_01": {
            "role_name": "{admin_role_name}",
            "full_name": "API predata - admin account 01",
            "date_of_birth": "{datetime(%Y-%m-%d,0)}",
            "gender": "nam",
            "address": "API predata - admin account 01 - address - {random_string(5)}",
            "email": "api_predata_admin_account_01@gmail.com",
            "phone_number": "1234567890",
            "password": "123456789",
            "confirmPassword": "123456789"
        }
    },
    "need_clear": [
        "API predata - admin account 01"
    ]
}
[INFO][2025-12-25 04:52:10][common.client:login:143] Login with role: admin, email: test_user_01@gmail.com and password: 123456789.
[SUCCESS][2025-12-25 04:52:11][common.client:login:154] Login successfully.
[INFO][2025-12-25 04:52:11][common.client:login:143] Login with role: student, email: test_user_07@gmail.com and password: 123456789.
[SUCCESS][2025-12-25 04:52:11][common.client:login:154] Login successfully.
[INFO][2025-12-25 04:52:11][common.client:login:143] Login with role: teacher, email: test_user_02@gmail.com and password: 123456789.
[SUCCESS][2025-12-25 04:52:12][common.client:login:154] Login successfully.
[INFO][2025-12-25 04:52:12][__main__:<module>:9] ================= Start testing ==================
[INFO][2025-12-25 04:52:13][process_responses.account_process_response:clear_data:83] Clear data: API predata - admin account 01
[INFO][2025-12-25 04:56:49][common.common_setup:<module>:13] Base dir: /home/user/apitestcapprj
[INFO][2025-12-25 04:56:50][helpers.load_data:load_data:35] Loading data from '/home/user/apitestcapprj/configs/user_info.json'.
[SUCCESS][2025-12-25 04:56:50][helpers.load_data:load_data:41] Complete loading data from '/home/user/apitestcapprj/configs/user_info.json'.
[SUCCESS][2025-12-25 04:56:52][common.common_setup:<module>:22] Load client info successfully:
{
    "admin": {
        "email": "test_user_01@gmail.com",
        "password": "123456789"
    },
    "student": {
        "email": "test_user_07@gmail.com",
        "password": "123456789"
    },
    "teacher": {
        "email": "test_user_02@gmail.com",
        "password": "123456789"
    }
}
[INFO][2025-12-25 04:56:54][helpers.load_data:load_data:35] Loading data from '/home/user/apitestcapprj/data/request_body_template/role_request_body_template.json'.
[SUCCESS][2025-12-25 04:56:54][helpers.load_data:load_data:41] Complete loading data from '/home/user/apitestcapprj/data/request_body_template/role_request_body_template.json'.
[SUCCESS][2025-12-25 04:56:55][common.common_setup:<module>:28] Load role predata successfully:
{
    "predata": {
        "role_01": {
            "name": "API predata - role 01"
        }
    },
    "need_clear": [
        "API predata - role 01 - edited",
        "API csv - role 01"
    ]
}
[INFO][2025-12-25 04:56:56][helpers.load_data:load_data:35] Loading data from '/home/user/apitestcapprj/data/request_body_template/account_request_body_template.json'.
[SUCCESS][2025-12-25 04:56:56][helpers.load_data:load_data:41] Complete loading data from '/home/user/apitestcapprj/data/request_body_template/account_request_body_template.json'.
[SUCCESS][2025-12-25 04:56:58][common.common_setup:<module>:33] Load account predata successfully:
{
    "predata": {
        "admin_account_01": {
            "role_name": "{admin_role_name}",
            "full_name": "API predata - admin account 01",
            "date_of_birth": "{datetime(%Y-%m-%d,0)}",
            "gender": "nam",
            "address": "API predata - admin account 01 - address - {random_string(5)}",
            "email": "api_predata_admin_account_01@gmail.com",
            "phone_number": "1234567890",
            "password": "123456789",
            "confirmPassword": "123456789"
        }
    },
    "need_clear": [
        "API predata - admin account 01"
    ]
}
[INFO][2025-12-25 04:56:59][common.client:login:143] Login with role: admin, email: test_user_01@gmail.com and password: 123456789.
[SUCCESS][2025-12-25 04:57:06][common.client:login:154] Login successfully.
[INFO][2025-12-25 04:57:07][common.client:login:143] Login with role: student, email: test_user_07@gmail.com and password: 123456789.
[SUCCESS][2025-12-25 04:57:08][common.client:login:154] Login successfully.
[INFO][2025-12-25 04:57:09][common.client:login:143] Login with role: teacher, email: test_user_02@gmail.com and password: 123456789.
[SUCCESS][2025-12-25 04:57:10][common.client:login:154] Login successfully.
[INFO][2025-12-25 04:57:21][__main__:<module>:9] ================= Start testing ==================
[SUCCESS][2025-12-25 04:57:29][process_responses.account_process_response:clear_data:86] Complete clear data.
[SUCCESS][2025-12-25 04:57:38][process_responses.role_process_responses:get_all_roles:23] Get all roles successfully:
[
    {
        "_id": "69496b7d3a739f3bcffdeef7",
        "name": "admin",
        "created_on": "2025-12-22 23:02:05",
        "modified_on": "2025-12-22 23:02:05",
        "created_by": "data generation",
        "modified_by": "data generation"
    },
    {
        "_id": "69496b7d3a739f3bcffdeef8",
        "name": "teacher",
        "created_on": "2025-12-22 23:02:05",
        "modified_on": "2025-12-22 23:02:05",
        "created_by": "data generation",
        "modified_by": "data generation"
    },
    {
        "_id": "69496b7d3a739f3bcffdeef9",
        "name": "student",
        "created_on": "2025-12-22 23:02:05",
        "modified_on": "2025-12-22 23:02:05",
        "created_by": "data generation",
        "modified_by": "data generation"
    },
    {
        "_id": "694cb7eb9fcc9f9778c3be08",
        "name": "API predata - role 01 - edited",
        "__v": 0
    }
]
[SUCCESS][2025-12-25 04:57:40][process_responses.account_process_response:get_account_by_id:31] Get account by id successfully:
{
    "is_deleted": false,
    "messageFromSystem": [],
    "seenMessage": [],
    "_id": "69496b7e3a739f3bcffdeefa",
    "role_name": "admin",
    "full_name": "test_user_01",
    "date_of_birth": "2012-12-26T00:00:00.000Z",
    "gender": "N\u1eef",
    "address": "Nghe\u0323\u0302 An",
    "email": "test_user_01@gmail.com",
    "phone_number": "1767111009",
    "password": "$2b$10$MwR7xWmmGi9oN16IwVejY.7JWsaNAdnqID85Pt22BJsGX/x4uuRZy",
    "avatar": "https://encrypted-tbn0.gstatic.com/images?q=tbn:ANd9GcTNnNH0c03eYhzzID8_Y6mHwZYYGjXLfnreH7RyT9f9GVRtT0yR7vklbKx3As07G6DCGYY&usqp=CAU",
    "status": "active",
    "created_on": "2025-12-22 23:02:06",
    "modified_on": "2025-12-22 23:02:06",
    "created_by": "data generation",
    "modified_by": "data generation"
}
[SUCCESS][2025-12-25 04:57:41][process_responses.account_process_response:create_new_account_with_check:54] Create new account successfully:
{
    "role_name": "admin",
    "full_name": "API predata - admin account 01",
    "date_of_birth": "2025-12-25T00:00:00.000Z",
    "gender": "nam",
    "address": "API predata - admin account 01 - address - qTwoS",
    "email": "api_predata_admin_account_01@gmail.com",
    "phone_number": "1234567890",
    "password": "$2b$10$FzajhchGnfQanRn3G83eYupNhPr./O64ARvPAUNcDUs3fdXsiu4NW",
    "is_deleted": false,
    "messageFromSystem": [],
    "seenMessage": [],
    "_id": "694cc445e4f014995f9f7d71",
    "createdAt": "2025-12-25T04:57:41.618Z",
    "updatedAt": "2025-12-25T04:57:41.618Z",
    "__v": 0
}
[INFO][2025-12-25 04:57:41][case_setup.account_case_setup:account_case_setup:51] {
    "admin_role_name": "admin",
    "student_role_name": "student",
    "teacher_role_name": "student",
    "admin_role_id": "69496b7d3a739f3bcffdeef7",
    "student_role_id": "69496b7d3a739f3bcffdeef9",
    "admin_account_id": "69496b7e3a739f3bcffdeefa",
    "student_account_id": "694cb973322b96054111df4d",
    "account_01_id": "694cc445e4f014995f9f7d71",
    "account_01_name": "API predata - admin account 01"
}
[INFO][2025-12-25 04:57:41][common.client:logout:157] User: 'test_user_01@gmail.com', role: 'admin' logout.
[INFO][2025-12-25 04:57:42][common.client:logout:159] Logout info: 200, "User logged out successfully".
[INFO][2025-12-25 04:57:42][common.client:logout:157] User: 'test_user_07@gmail.com', role: 'student' logout.
[INFO][2025-12-25 04:57:43][common.client:logout:159] Logout info: 200, "User logged out successfully".
[INFO][2025-12-25 04:57:43][common.client:logout:157] User: 'test_user_02@gmail.com', role: 'teacher' logout.
[INFO][2025-12-25 04:57:43][common.client:logout:159] Logout info: 200, "User logged out successfully".
[SUCCESS][2025-12-25 04:57:43][__main__:<module>:41] ================== End testing ===================
[INFO][2025-12-25 04:58:23][common.common_setup:<module>:13] Base dir: /home/user/apitestcapprj
[INFO][2025-12-25 04:58:23][helpers.load_data:load_data:35] Loading data from '/home/user/apitestcapprj/configs/user_info.json'.
[SUCCESS][2025-12-25 04:58:23][helpers.load_data:load_data:41] Complete loading data from '/home/user/apitestcapprj/configs/user_info.json'.
[SUCCESS][2025-12-25 04:58:23][common.common_setup:<module>:22] Load client info successfully:
{
    "admin": {
        "email": "test_user_01@gmail.com",
        "password": "123456789"
    },
    "student": {
        "email": "test_user_07@gmail.com",
        "password": "123456789"
    },
    "teacher": {
        "email": "test_user_02@gmail.com",
        "password": "123456789"
    }
}
[INFO][2025-12-25 04:58:23][helpers.load_data:load_data:35] Loading data from '/home/user/apitestcapprj/data/request_body_template/role_request_body_template.json'.
[SUCCESS][2025-12-25 04:58:23][helpers.load_data:load_data:41] Complete loading data from '/home/user/apitestcapprj/data/request_body_template/role_request_body_template.json'.
[SUCCESS][2025-12-25 04:58:23][common.common_setup:<module>:28] Load role predata successfully:
{
    "predata": {
        "role_01": {
            "name": "API predata - role 01"
        }
    },
    "need_clear": [
        "API predata - role 01 - edited",
        "API csv - role 01"
    ]
}
[INFO][2025-12-25 04:58:23][helpers.load_data:load_data:35] Loading data from '/home/user/apitestcapprj/data/request_body_template/account_request_body_template.json'.
[SUCCESS][2025-12-25 04:58:23][helpers.load_data:load_data:41] Complete loading data from '/home/user/apitestcapprj/data/request_body_template/account_request_body_template.json'.
[SUCCESS][2025-12-25 04:58:23][common.common_setup:<module>:33] Load account predata successfully:
{
    "predata": {
        "admin_account_01": {
            "role_name": "{admin_role_name}",
            "full_name": "API predata - admin account 01",
            "date_of_birth": "{datetime(%Y-%m-%d,0)}",
            "gender": "nam",
            "address": "API predata - admin account 01 - address - {random_string(5)}",
            "email": "api_predata_admin_account_01@gmail.com",
            "phone_number": "1234567890",
            "password": "123456789",
            "confirmPassword": "123456789"
        }
    },
    "need_clear": [
        "API predata - admin account 01"
    ]
}
[INFO][2025-12-25 04:58:23][common.client:login:143] Login with role: admin, email: test_user_01@gmail.com and password: 123456789.
[SUCCESS][2025-12-25 04:58:24][common.client:login:154] Login successfully.
[INFO][2025-12-25 04:58:24][common.client:login:143] Login with role: student, email: test_user_07@gmail.com and password: 123456789.
[SUCCESS][2025-12-25 04:58:25][common.client:login:154] Login successfully.
[INFO][2025-12-25 04:58:25][common.client:login:143] Login with role: teacher, email: test_user_02@gmail.com and password: 123456789.
[SUCCESS][2025-12-25 04:58:26][common.client:login:154] Login successfully.
[INFO][2025-12-25 04:58:26][__main__:<module>:9] ================= Start testing ==================
[INFO][2025-12-25 04:58:32][process_responses.account_process_response:clear_data:83] Clear data: API predata - admin account 01
[INFO][2025-12-25 04:59:00][common.common_setup:<module>:13] Base dir: /home/user/apitestcapprj
[INFO][2025-12-25 04:59:00][helpers.load_data:load_data:35] Loading data from '/home/user/apitestcapprj/configs/user_info.json'.
[SUCCESS][2025-12-25 04:59:00][helpers.load_data:load_data:41] Complete loading data from '/home/user/apitestcapprj/configs/user_info.json'.
[SUCCESS][2025-12-25 04:59:00][common.common_setup:<module>:22] Load client info successfully:
{
    "admin": {
        "email": "test_user_01@gmail.com",
        "password": "123456789"
    },
    "student": {
        "email": "test_user_07@gmail.com",
        "password": "123456789"
    },
    "teacher": {
        "email": "test_user_02@gmail.com",
        "password": "123456789"
    }
}
[INFO][2025-12-25 04:59:00][helpers.load_data:load_data:35] Loading data from '/home/user/apitestcapprj/data/request_body_template/role_request_body_template.json'.
[SUCCESS][2025-12-25 04:59:00][helpers.load_data:load_data:41] Complete loading data from '/home/user/apitestcapprj/data/request_body_template/role_request_body_template.json'.
[SUCCESS][2025-12-25 04:59:00][common.common_setup:<module>:28] Load role predata successfully:
{
    "predata": {
        "role_01": {
            "name": "API predata - role 01"
        }
    },
    "need_clear": [
        "API predata - role 01 - edited",
        "API csv - role 01"
    ]
}
[INFO][2025-12-25 04:59:00][helpers.load_data:load_data:35] Loading data from '/home/user/apitestcapprj/data/request_body_template/account_request_body_template.json'.
[SUCCESS][2025-12-25 04:59:00][helpers.load_data:load_data:41] Complete loading data from '/home/user/apitestcapprj/data/request_body_template/account_request_body_template.json'.
[SUCCESS][2025-12-25 04:59:00][common.common_setup:<module>:33] Load account predata successfully:
{
    "predata": {
        "admin_account_01": {
            "role_name": "{admin_role_name}",
            "full_name": "API predata - admin account 01",
            "date_of_birth": "{datetime(%Y-%m-%d,0)}",
            "gender": "nam",
            "address": "API predata - admin account 01 - address - {random_string(5)}",
            "email": "api_predata_admin_account_01@gmail.com",
            "phone_number": "1234567890",
            "password": "123456789",
            "confirmPassword": "123456789"
        }
    },
    "need_clear": [
        "API predata - admin account 01"
    ]
}
[INFO][2025-12-25 04:59:00][common.client:login:143] Login with role: admin, email: test_user_01@gmail.com and password: 123456789.
[SUCCESS][2025-12-25 04:59:01][common.client:login:154] Login successfully.
[INFO][2025-12-25 04:59:01][common.client:login:143] Login with role: student, email: test_user_07@gmail.com and password: 123456789.
[SUCCESS][2025-12-25 04:59:02][common.client:login:154] Login successfully.
[INFO][2025-12-25 04:59:02][common.client:login:143] Login with role: teacher, email: test_user_02@gmail.com and password: 123456789.
[SUCCESS][2025-12-25 04:59:03][common.client:login:154] Login successfully.
[INFO][2025-12-25 04:59:03][__main__:<module>:9] ================= Start testing ==================
[SUCCESS][2025-12-25 04:59:09][process_responses.account_process_response:clear_data:86] Complete clear data.
[SUCCESS][2025-12-25 04:59:10][process_responses.role_process_responses:get_all_roles:23] Get all roles successfully:
[
    {
        "_id": "69496b7d3a739f3bcffdeef7",
        "name": "admin",
        "created_on": "2025-12-22 23:02:05",
        "modified_on": "2025-12-22 23:02:05",
        "created_by": "data generation",
        "modified_by": "data generation"
    },
    {
        "_id": "69496b7d3a739f3bcffdeef8",
        "name": "teacher",
        "created_on": "2025-12-22 23:02:05",
        "modified_on": "2025-12-22 23:02:05",
        "created_by": "data generation",
        "modified_by": "data generation"
    },
    {
        "_id": "69496b7d3a739f3bcffdeef9",
        "name": "student",
        "created_on": "2025-12-22 23:02:05",
        "modified_on": "2025-12-22 23:02:05",
        "created_by": "data generation",
        "modified_by": "data generation"
    },
    {
        "_id": "694cb7eb9fcc9f9778c3be08",
        "name": "API predata - role 01 - edited",
        "__v": 0
    }
]
[SUCCESS][2025-12-25 04:59:12][process_responses.account_process_response:get_account_by_id:31] Get account by id successfully:
{
    "is_deleted": false,
    "messageFromSystem": [],
    "seenMessage": [],
    "_id": "69496b7e3a739f3bcffdeefa",
    "role_name": "admin",
    "full_name": "test_user_01",
    "date_of_birth": "2012-12-26T00:00:00.000Z",
    "gender": "N\u1eef",
    "address": "Nghe\u0323\u0302 An",
    "email": "test_user_01@gmail.com",
    "phone_number": "1767111009",
    "password": "$2b$10$MwR7xWmmGi9oN16IwVejY.7JWsaNAdnqID85Pt22BJsGX/x4uuRZy",
    "avatar": "https://encrypted-tbn0.gstatic.com/images?q=tbn:ANd9GcTNnNH0c03eYhzzID8_Y6mHwZYYGjXLfnreH7RyT9f9GVRtT0yR7vklbKx3As07G6DCGYY&usqp=CAU",
    "status": "active",
    "created_on": "2025-12-22 23:02:06",
    "modified_on": "2025-12-22 23:02:06",
    "created_by": "data generation",
    "modified_by": "data generation"
}
[SUCCESS][2025-12-25 04:59:13][process_responses.account_process_response:create_new_account_with_check:54] Create new account successfully:
{
    "role_name": "admin",
    "full_name": "API predata - admin account 01",
    "date_of_birth": "2025-12-25T00:00:00.000Z",
    "gender": "nam",
    "address": "API predata - admin account 01 - address - ynGMJ",
    "email": "api_predata_admin_account_01@gmail.com",
    "phone_number": "1234567890",
    "password": "$2b$10$0QBuesKcs57f1fC3MQyclu55izA3Lr1ZvXmA4KZUur4PqmWjaBQiG",
    "is_deleted": false,
    "messageFromSystem": [],
    "seenMessage": [],
    "_id": "694cc4a1e4f014995f9f7d86",
    "createdAt": "2025-12-25T04:59:13.518Z",
    "updatedAt": "2025-12-25T04:59:13.518Z",
    "__v": 0
}
[INFO][2025-12-25 04:59:13][case_setup.account_case_setup:account_case_setup:51] {
    "admin_role_name": "admin",
    "student_role_name": "student",
    "teacher_role_name": "student",
    "admin_role_id": "69496b7d3a739f3bcffdeef7",
    "student_role_id": "69496b7d3a739f3bcffdeef9",
    "admin_account_id": "69496b7e3a739f3bcffdeefa",
    "student_account_id": "694cb973322b96054111df4d",
    "account_01_id": "694cc4a1e4f014995f9f7d86",
    "account_01_name": "API predata - admin account 01"
}
[INFO][2025-12-25 04:59:13][common.client:logout:157] User: 'test_user_01@gmail.com', role: 'admin' logout.
[INFO][2025-12-25 04:59:14][common.client:logout:159] Logout info: 200, "User logged out successfully".
[INFO][2025-12-25 04:59:14][common.client:logout:157] User: 'test_user_07@gmail.com', role: 'student' logout.
[INFO][2025-12-25 04:59:14][common.client:logout:159] Logout info: 200, "User logged out successfully".
[INFO][2025-12-25 04:59:14][common.client:logout:157] User: 'test_user_02@gmail.com', role: 'teacher' logout.
[INFO][2025-12-25 04:59:15][common.client:logout:159] Logout info: 200, "User logged out successfully".
[SUCCESS][2025-12-25 04:59:15][__main__:<module>:41] ================== End testing ===================
[INFO][2025-12-25 04:59:29][common.common_setup:<module>:13] Base dir: /home/user/apitestcapprj
[INFO][2025-12-25 04:59:29][helpers.load_data:load_data:35] Loading data from '/home/user/apitestcapprj/configs/user_info.json'.
[SUCCESS][2025-12-25 04:59:29][helpers.load_data:load_data:41] Complete loading data from '/home/user/apitestcapprj/configs/user_info.json'.
[SUCCESS][2025-12-25 04:59:29][common.common_setup:<module>:22] Load client info successfully:
{
    "admin": {
        "email": "test_user_01@gmail.com",
        "password": "123456789"
    },
    "student": {
        "email": "test_user_07@gmail.com",
        "password": "123456789"
    },
    "teacher": {
        "email": "test_user_02@gmail.com",
        "password": "123456789"
    }
}
[INFO][2025-12-25 04:59:29][helpers.load_data:load_data:35] Loading data from '/home/user/apitestcapprj/data/request_body_template/role_request_body_template.json'.
[SUCCESS][2025-12-25 04:59:29][helpers.load_data:load_data:41] Complete loading data from '/home/user/apitestcapprj/data/request_body_template/role_request_body_template.json'.
[SUCCESS][2025-12-25 04:59:29][common.common_setup:<module>:28] Load role predata successfully:
{
    "predata": {
        "role_01": {
            "name": "API predata - role 01"
        }
    },
    "need_clear": [
        "API predata - role 01 - edited",
        "API csv - role 01"
    ]
}
[INFO][2025-12-25 04:59:29][helpers.load_data:load_data:35] Loading data from '/home/user/apitestcapprj/data/request_body_template/account_request_body_template.json'.
[SUCCESS][2025-12-25 04:59:29][helpers.load_data:load_data:41] Complete loading data from '/home/user/apitestcapprj/data/request_body_template/account_request_body_template.json'.
[SUCCESS][2025-12-25 04:59:29][common.common_setup:<module>:33] Load account predata successfully:
{
    "predata": {
        "admin_account_01": {
            "role_name": "{admin_role_name}",
            "full_name": "API predata - admin account 01",
            "date_of_birth": "{datetime(%Y-%m-%d,0)}",
            "gender": "nam",
            "address": "API predata - admin account 01 - address - {random_string(5)}",
            "email": "api_predata_admin_account_01@gmail.com",
            "phone_number": "1234567890",
            "password": "123456789",
            "confirmPassword": "123456789"
        }
    },
    "need_clear": [
        "API predata - admin account 01"
    ]
}
[INFO][2025-12-25 04:59:29][common.client:login:143] Login with role: admin, email: test_user_01@gmail.com and password: 123456789.
[SUCCESS][2025-12-25 04:59:30][common.client:login:154] Login successfully.
[INFO][2025-12-25 04:59:30][common.client:login:143] Login with role: student, email: test_user_07@gmail.com and password: 123456789.
[SUCCESS][2025-12-25 04:59:31][common.client:login:154] Login successfully.
[INFO][2025-12-25 04:59:31][common.client:login:143] Login with role: teacher, email: test_user_02@gmail.com and password: 123456789.
[SUCCESS][2025-12-25 04:59:32][common.client:login:154] Login successfully.
[INFO][2025-12-25 04:59:32][__main__:<module>:9] ================= Start testing ==================
[INFO][2025-12-25 05:00:24][process_responses.account_process_response:clear_data:83] Clear data: API predata - admin account 01
[INFO][2025-12-25 05:01:38][common.common_setup:<module>:13] Base dir: /home/user/apitestcapprj
[INFO][2025-12-25 05:01:38][helpers.load_data:load_data:35] Loading data from '/home/user/apitestcapprj/configs/user_info.json'.
[SUCCESS][2025-12-25 05:01:38][helpers.load_data:load_data:41] Complete loading data from '/home/user/apitestcapprj/configs/user_info.json'.
[SUCCESS][2025-12-25 05:01:38][common.common_setup:<module>:22] Load client info successfully:
{
    "admin": {
        "email": "test_user_01@gmail.com",
        "password": "123456789"
    },
    "student": {
        "email": "test_user_07@gmail.com",
        "password": "123456789"
    },
    "teacher": {
        "email": "test_user_02@gmail.com",
        "password": "123456789"
    }
}
[INFO][2025-12-25 05:01:38][helpers.load_data:load_data:35] Loading data from '/home/user/apitestcapprj/data/request_body_template/role_request_body_template.json'.
[SUCCESS][2025-12-25 05:01:38][helpers.load_data:load_data:41] Complete loading data from '/home/user/apitestcapprj/data/request_body_template/role_request_body_template.json'.
[SUCCESS][2025-12-25 05:01:38][common.common_setup:<module>:28] Load role predata successfully:
{
    "predata": {
        "role_01": {
            "name": "API predata - role 01"
        }
    },
    "need_clear": [
        "API predata - role 01 - edited",
        "API csv - role 01"
    ]
}
[INFO][2025-12-25 05:01:38][helpers.load_data:load_data:35] Loading data from '/home/user/apitestcapprj/data/request_body_template/account_request_body_template.json'.
[SUCCESS][2025-12-25 05:01:38][helpers.load_data:load_data:41] Complete loading data from '/home/user/apitestcapprj/data/request_body_template/account_request_body_template.json'.
[SUCCESS][2025-12-25 05:01:38][common.common_setup:<module>:33] Load account predata successfully:
{
    "predata": {
        "admin_account_01": {
            "role_name": "{admin_role_name}",
            "full_name": "API predata - admin account 01",
            "date_of_birth": "{datetime(%Y-%m-%d,0)}",
            "gender": "nam",
            "address": "API predata - admin account 01 - address - {random_string(5)}",
            "email": "api_predata_admin_account_01@gmail.com",
            "phone_number": "1234567890",
            "password": "123456789",
            "confirmPassword": "123456789"
        }
    },
    "need_clear": [
        "API predata - admin account 01"
    ]
}
[INFO][2025-12-25 05:01:38][common.client:login:143] Login with role: admin, email: test_user_01@gmail.com and password: 123456789.
[SUCCESS][2025-12-25 05:01:45][common.client:login:154] Login successfully.
[INFO][2025-12-25 05:01:45][common.client:login:143] Login with role: student, email: test_user_07@gmail.com and password: 123456789.
[SUCCESS][2025-12-25 05:01:46][common.client:login:154] Login successfully.
[INFO][2025-12-25 05:01:46][common.client:login:143] Login with role: teacher, email: test_user_02@gmail.com and password: 123456789.
[SUCCESS][2025-12-25 05:01:47][common.client:login:154] Login successfully.
[INFO][2025-12-25 05:01:47][__main__:<module>:9] ================= Start testing ==================
[SUCCESS][2025-12-25 05:01:54][process_responses.account_process_response:clear_data:86] Complete clear data.
[SUCCESS][2025-12-25 05:01:55][process_responses.role_process_responses:get_all_roles:23] Get all roles successfully:
[
    {
        "_id": "69496b7d3a739f3bcffdeef7",
        "name": "admin",
        "created_on": "2025-12-22 23:02:05",
        "modified_on": "2025-12-22 23:02:05",
        "created_by": "data generation",
        "modified_by": "data generation"
    },
    {
        "_id": "69496b7d3a739f3bcffdeef8",
        "name": "teacher",
        "created_on": "2025-12-22 23:02:05",
        "modified_on": "2025-12-22 23:02:05",
        "created_by": "data generation",
        "modified_by": "data generation"
    },
    {
        "_id": "69496b7d3a739f3bcffdeef9",
        "name": "student",
        "created_on": "2025-12-22 23:02:05",
        "modified_on": "2025-12-22 23:02:05",
        "created_by": "data generation",
        "modified_by": "data generation"
    },
    {
        "_id": "694cb7eb9fcc9f9778c3be08",
        "name": "API predata - role 01 - edited",
        "__v": 0
    }
]
[SUCCESS][2025-12-25 05:01:57][process_responses.account_process_response:get_account_by_id:31] Get account by id successfully:
{
    "is_deleted": false,
    "messageFromSystem": [],
    "seenMessage": [],
    "_id": "69496b7e3a739f3bcffdeefa",
    "role_name": "admin",
    "full_name": "test_user_01",
    "date_of_birth": "2012-12-26T00:00:00.000Z",
    "gender": "N\u1eef",
    "address": "Nghe\u0323\u0302 An",
    "email": "test_user_01@gmail.com",
    "phone_number": "1767111009",
    "password": "$2b$10$MwR7xWmmGi9oN16IwVejY.7JWsaNAdnqID85Pt22BJsGX/x4uuRZy",
    "avatar": "https://encrypted-tbn0.gstatic.com/images?q=tbn:ANd9GcTNnNH0c03eYhzzID8_Y6mHwZYYGjXLfnreH7RyT9f9GVRtT0yR7vklbKx3As07G6DCGYY&usqp=CAU",
    "status": "active",
    "created_on": "2025-12-22 23:02:06",
    "modified_on": "2025-12-22 23:02:06",
    "created_by": "data generation",
    "modified_by": "data generation"
}
[SUCCESS][2025-12-25 05:01:58][process_responses.account_process_response:create_new_account_with_check:54] Create new account successfully:
{
    "role_name": "admin",
    "full_name": "API predata - admin account 01",
    "date_of_birth": "2025-12-25T00:00:00.000Z",
    "gender": "nam",
    "address": "API predata - admin account 01 - address - EnBAy",
    "email": "api_predata_admin_account_01@gmail.com",
    "phone_number": "1234567890",
    "password": "$2b$10$i1y7VzK5g2OJ9CYuC32iD.ls0NtD3.4FyKQfpNbWq1Hv22nHPap.q",
    "is_deleted": false,
    "messageFromSystem": [],
    "seenMessage": [],
    "_id": "694cc54665f5391f86b7dbb9",
    "createdAt": "2025-12-25T05:01:58.393Z",
    "updatedAt": "2025-12-25T05:01:58.393Z",
    "__v": 0
}
[INFO][2025-12-25 05:01:58][case_setup.account_case_setup:account_case_setup:51] {
    "admin_role_name": "admin",
    "student_role_name": "student",
    "teacher_role_name": "student",
    "admin_role_id": "69496b7d3a739f3bcffdeef7",
    "student_role_id": "69496b7d3a739f3bcffdeef9",
    "admin_account_id": "69496b7e3a739f3bcffdeefa",
    "student_account_id": "694cb973322b96054111df4d",
    "account_01_id": "694cc54665f5391f86b7dbb9",
    "account_01_name": "API predata - admin account 01"
}
[INFO][2025-12-25 05:01:58][common.client:logout:157] User: 'test_user_01@gmail.com', role: 'admin' logout.
[INFO][2025-12-25 05:01:59][common.client:logout:159] Logout info: 200, "User logged out successfully".
[INFO][2025-12-25 05:01:59][common.client:logout:157] User: 'test_user_07@gmail.com', role: 'student' logout.
[INFO][2025-12-25 05:01:59][common.client:logout:159] Logout info: 200, "User logged out successfully".
[INFO][2025-12-25 05:01:59][common.client:logout:157] User: 'test_user_02@gmail.com', role: 'teacher' logout.
[INFO][2025-12-25 05:02:00][common.client:logout:159] Logout info: 200, "User logged out successfully".
[SUCCESS][2025-12-25 05:02:00][__main__:<module>:41] ================== End testing ===================
[INFO][2025-12-25 05:07:35][common.common_setup:<module>:13] Base dir: /home/user/apitestcapprj
[INFO][2025-12-25 05:07:35][helpers.load_data:load_data:35] Loading data from '/home/user/apitestcapprj/configs/user_info.json'.
[SUCCESS][2025-12-25 05:07:35][helpers.load_data:load_data:41] Complete loading data from '/home/user/apitestcapprj/configs/user_info.json'.
[SUCCESS][2025-12-25 05:07:35][common.common_setup:<module>:22] Load client info successfully:
{
    "admin": {
        "email": "test_user_01@gmail.com",
        "password": "123456789"
    },
    "student": {
        "email": "test_user_07@gmail.com",
        "password": "123456789"
    },
    "teacher": {
        "email": "test_user_02@gmail.com",
        "password": "123456789"
    }
}
[INFO][2025-12-25 05:07:35][helpers.load_data:load_data:35] Loading data from '/home/user/apitestcapprj/data/request_body_template/role_request_body_template.json'.
[SUCCESS][2025-12-25 05:07:35][helpers.load_data:load_data:41] Complete loading data from '/home/user/apitestcapprj/data/request_body_template/role_request_body_template.json'.
[SUCCESS][2025-12-25 05:07:35][common.common_setup:<module>:28] Load role predata successfully:
{
    "predata": {
        "role_01": {
            "name": "API predata - role 01"
        }
    },
    "need_clear": [
        "API predata - role 01 - edited",
        "API csv - role 01"
    ]
}
[INFO][2025-12-25 05:07:35][helpers.load_data:load_data:35] Loading data from '/home/user/apitestcapprj/data/request_body_template/account_request_body_template.json'.
[SUCCESS][2025-12-25 05:07:35][helpers.load_data:load_data:41] Complete loading data from '/home/user/apitestcapprj/data/request_body_template/account_request_body_template.json'.
[SUCCESS][2025-12-25 05:07:35][common.common_setup:<module>:33] Load account predata successfully:
{
    "predata": {
        "admin_account_01": {
            "role_name": "{admin_role_name}",
            "full_name": "API predata - admin account 01",
            "date_of_birth": "{datetime(%Y-%m-%d,0)}",
            "gender": "nam",
            "address": "API predata - admin account 01 - address - {random_string(5)}",
            "email": "api_predata_admin_account_01@gmail.com",
            "phone_number": "1234567890",
            "password": "123456789",
            "confirmPassword": "123456789"
        }
    },
    "need_clear": [
        "API predata - admin account 01"
    ]
}
[INFO][2025-12-25 05:07:35][common.client:login:143] Login with role: admin, email: test_user_01@gmail.com and password: 123456789.
[SUCCESS][2025-12-25 05:07:36][common.client:login:154] Login successfully.
[INFO][2025-12-25 05:07:36][common.client:login:143] Login with role: student, email: test_user_07@gmail.com and password: 123456789.
[SUCCESS][2025-12-25 05:07:37][common.client:login:154] Login successfully.
[INFO][2025-12-25 05:07:37][common.client:login:143] Login with role: teacher, email: test_user_02@gmail.com and password: 123456789.
[SUCCESS][2025-12-25 05:07:38][common.client:login:154] Login successfully.
[INFO][2025-12-25 05:07:38][__main__:<module>:9] ================= Start testing ==================
[INFO][2025-12-25 05:08:45][process_responses.account_process_response:clear_data:83] Clear data: API predata - admin account 01
[INFO][2025-12-25 05:10:05][common.common_setup:<module>:13] Base dir: /home/user/apitestcapprj
[INFO][2025-12-25 05:10:05][helpers.load_data:load_data:35] Loading data from '/home/user/apitestcapprj/configs/user_info.json'.
[SUCCESS][2025-12-25 05:10:05][helpers.load_data:load_data:41] Complete loading data from '/home/user/apitestcapprj/configs/user_info.json'.
[SUCCESS][2025-12-25 05:10:05][common.common_setup:<module>:22] Load client info successfully:
{
    "admin": {
        "email": "test_user_01@gmail.com",
        "password": "123456789"
    },
    "student": {
        "email": "test_user_07@gmail.com",
        "password": "123456789"
    },
    "teacher": {
        "email": "test_user_02@gmail.com",
        "password": "123456789"
    }
}
[INFO][2025-12-25 05:10:05][helpers.load_data:load_data:35] Loading data from '/home/user/apitestcapprj/data/request_body_template/role_request_body_template.json'.
[SUCCESS][2025-12-25 05:10:05][helpers.load_data:load_data:41] Complete loading data from '/home/user/apitestcapprj/data/request_body_template/role_request_body_template.json'.
[SUCCESS][2025-12-25 05:10:05][common.common_setup:<module>:28] Load role predata successfully:
{
    "predata": {
        "role_01": {
            "name": "API predata - role 01"
        }
    },
    "need_clear": [
        "API predata - role 01 - edited",
        "API csv - role 01"
    ]
}
[INFO][2025-12-25 05:10:05][helpers.load_data:load_data:35] Loading data from '/home/user/apitestcapprj/data/request_body_template/account_request_body_template.json'.
[SUCCESS][2025-12-25 05:10:05][helpers.load_data:load_data:41] Complete loading data from '/home/user/apitestcapprj/data/request_body_template/account_request_body_template.json'.
[SUCCESS][2025-12-25 05:10:05][common.common_setup:<module>:33] Load account predata successfully:
{
    "predata": {
        "admin_account_01": {
            "role_name": "{admin_role_name}",
            "full_name": "API predata - admin account 01",
            "date_of_birth": "{datetime(%Y-%m-%d,0)}",
            "gender": "nam",
            "address": "API predata - admin account 01 - address - {random_string(5)}",
            "email": "api_predata_admin_account_01@gmail.com",
            "phone_number": "1234567890",
            "password": "123456789",
            "confirmPassword": "123456789"
        }
    },
    "need_clear": [
        "API predata - admin account 01"
    ]
}
[INFO][2025-12-25 05:10:05][common.client:login:143] Login with role: admin, email: test_user_01@gmail.com and password: 123456789.
[SUCCESS][2025-12-25 05:10:06][common.client:login:154] Login successfully.
[INFO][2025-12-25 05:10:06][common.client:login:143] Login with role: student, email: test_user_07@gmail.com and password: 123456789.
[SUCCESS][2025-12-25 05:10:07][common.client:login:154] Login successfully.
[INFO][2025-12-25 05:10:07][common.client:login:143] Login with role: teacher, email: test_user_02@gmail.com and password: 123456789.
[SUCCESS][2025-12-25 05:10:08][common.client:login:154] Login successfully.
[INFO][2025-12-25 05:10:08][__main__:<module>:9] ================= Start testing ==================
[SUCCESS][2025-12-25 05:10:14][process_responses.account_process_response:clear_data:86] Complete clear data.
[SUCCESS][2025-12-25 05:10:15][process_responses.role_process_responses:get_all_roles:23] Get all roles successfully:
[
    {
        "_id": "69496b7d3a739f3bcffdeef7",
        "name": "admin",
        "created_on": "2025-12-22 23:02:05",
        "modified_on": "2025-12-22 23:02:05",
        "created_by": "data generation",
        "modified_by": "data generation"
    },
    {
        "_id": "69496b7d3a739f3bcffdeef8",
        "name": "teacher",
        "created_on": "2025-12-22 23:02:05",
        "modified_on": "2025-12-22 23:02:05",
        "created_by": "data generation",
        "modified_by": "data generation"
    },
    {
        "_id": "69496b7d3a739f3bcffdeef9",
        "name": "student",
        "created_on": "2025-12-22 23:02:05",
        "modified_on": "2025-12-22 23:02:05",
        "created_by": "data generation",
        "modified_by": "data generation"
    },
    {
        "_id": "694cb7eb9fcc9f9778c3be08",
        "name": "API predata - role 01 - edited",
        "__v": 0
    }
]
[SUCCESS][2025-12-25 05:10:17][process_responses.account_process_response:get_account_by_id:31] Get account by id successfully:
{
    "is_deleted": false,
    "messageFromSystem": [],
    "seenMessage": [],
    "_id": "69496b7e3a739f3bcffdeefa",
    "role_name": "admin",
    "full_name": "test_user_01",
    "date_of_birth": "2012-12-26T00:00:00.000Z",
    "gender": "N\u1eef",
    "address": "Nghe\u0323\u0302 An",
    "email": "test_user_01@gmail.com",
    "phone_number": "1767111009",
    "password": "$2b$10$MwR7xWmmGi9oN16IwVejY.7JWsaNAdnqID85Pt22BJsGX/x4uuRZy",
    "avatar": "https://encrypted-tbn0.gstatic.com/images?q=tbn:ANd9GcTNnNH0c03eYhzzID8_Y6mHwZYYGjXLfnreH7RyT9f9GVRtT0yR7vklbKx3As07G6DCGYY&usqp=CAU",
    "status": "active",
    "created_on": "2025-12-22 23:02:06",
    "modified_on": "2025-12-22 23:02:06",
    "created_by": "data generation",
    "modified_by": "data generation"
}
[SUCCESS][2025-12-25 05:10:18][process_responses.account_process_response:create_new_account_with_check:54] Create new account successfully:
{
    "role_name": "admin",
    "full_name": "API predata - admin account 01",
    "date_of_birth": "2025-12-25T00:00:00.000Z",
    "gender": "nam",
    "address": "API predata - admin account 01 - address - gOycv",
    "email": "api_predata_admin_account_01@gmail.com",
    "phone_number": "1234567890",
    "password": "$2b$10$BShK0QUF9THUnWbeC7C4qeF9CiASfUOgEfZVyon4pC.uitA9Km.ZC",
    "is_deleted": false,
    "messageFromSystem": [],
    "seenMessage": [],
    "_id": "694cc73a81605b2458187a6f",
    "createdAt": "2025-12-25T05:10:18.151Z",
    "updatedAt": "2025-12-25T05:10:18.151Z",
    "__v": 0
}
[INFO][2025-12-25 05:10:18][case_setup.account_case_setup:account_case_setup:51] {
    "admin_role_name": "admin",
    "student_role_name": "student",
    "teacher_role_name": "student",
    "admin_role_id": "69496b7d3a739f3bcffdeef7",
    "student_role_id": "69496b7d3a739f3bcffdeef9",
    "admin_account_id": "69496b7e3a739f3bcffdeefa",
    "student_account_id": "694cb973322b96054111df4d",
    "account_01_id": "694cc73a81605b2458187a6f",
    "account_01_name": "API predata - admin account 01"
}
[INFO][2025-12-25 05:10:18][common.client:logout:157] User: 'test_user_01@gmail.com', role: 'admin' logout.
[INFO][2025-12-25 05:10:18][common.client:logout:159] Logout info: 200, "User logged out successfully".
[INFO][2025-12-25 05:10:18][common.client:logout:157] User: 'test_user_07@gmail.com', role: 'student' logout.
[INFO][2025-12-25 05:10:19][common.client:logout:159] Logout info: 200, "User logged out successfully".
[INFO][2025-12-25 05:10:19][common.client:logout:157] User: 'test_user_02@gmail.com', role: 'teacher' logout.
[INFO][2025-12-25 05:10:19][common.client:logout:159] Logout info: 200, "User logged out successfully".
[SUCCESS][2025-12-25 05:10:19][__main__:<module>:41] ================== End testing ===================
[INFO][2025-12-25 05:10:46][common.common_setup:<module>:13] Base dir: /home/user/apitestcapprj
[INFO][2025-12-25 05:10:46][helpers.load_data:load_data:35] Loading data from '/home/user/apitestcapprj/configs/user_info.json'.
[SUCCESS][2025-12-25 05:10:46][helpers.load_data:load_data:41] Complete loading data from '/home/user/apitestcapprj/configs/user_info.json'.
[SUCCESS][2025-12-25 05:10:46][common.common_setup:<module>:22] Load client info successfully:
{
    "admin": {
        "email": "test_user_01@gmail.com",
        "password": "123456789"
    },
    "student": {
        "email": "test_user_07@gmail.com",
        "password": "123456789"
    },
    "teacher": {
        "email": "test_user_02@gmail.com",
        "password": "123456789"
    }
}
[INFO][2025-12-25 05:10:46][helpers.load_data:load_data:35] Loading data from '/home/user/apitestcapprj/data/request_body_template/role_request_body_template.json'.
[SUCCESS][2025-12-25 05:10:46][helpers.load_data:load_data:41] Complete loading data from '/home/user/apitestcapprj/data/request_body_template/role_request_body_template.json'.
[SUCCESS][2025-12-25 05:10:46][common.common_setup:<module>:28] Load role predata successfully:
{
    "predata": {
        "role_01": {
            "name": "API predata - role 01"
        }
    },
    "need_clear": [
        "API predata - role 01 - edited",
        "API csv - role 01"
    ]
}
[INFO][2025-12-25 05:10:46][helpers.load_data:load_data:35] Loading data from '/home/user/apitestcapprj/data/request_body_template/account_request_body_template.json'.
[SUCCESS][2025-12-25 05:10:46][helpers.load_data:load_data:41] Complete loading data from '/home/user/apitestcapprj/data/request_body_template/account_request_body_template.json'.
[SUCCESS][2025-12-25 05:10:46][common.common_setup:<module>:33] Load account predata successfully:
{
    "predata": {
        "admin_account_01": {
            "role_name": "{admin_role_name}",
            "full_name": "API predata - admin account 01",
            "date_of_birth": "{datetime(%Y-%m-%d,0)}",
            "gender": "nam",
            "address": "API predata - admin account 01 - address - {random_string(5)}",
            "email": "api_predata_admin_account_01@gmail.com",
            "phone_number": "1234567890",
            "password": "123456789",
            "confirmPassword": "123456789"
        }
    },
    "need_clear": [
        "API predata - admin account 01"
    ]
}
[INFO][2025-12-25 05:10:46][common.client:login:143] Login with role: admin, email: test_user_01@gmail.com and password: 123456789.
[SUCCESS][2025-12-25 05:10:48][common.client:login:154] Login successfully.
[INFO][2025-12-25 05:10:48][common.client:login:143] Login with role: student, email: test_user_07@gmail.com and password: 123456789.
[SUCCESS][2025-12-25 05:10:49][common.client:login:154] Login successfully.
[INFO][2025-12-25 05:10:49][common.client:login:143] Login with role: teacher, email: test_user_02@gmail.com and password: 123456789.
[SUCCESS][2025-12-25 05:10:50][common.client:login:154] Login successfully.
[INFO][2025-12-25 05:10:50][__main__:<module>:9] ================= Start testing ==================
[INFO][2025-12-25 05:10:59][process_responses.account_process_response:clear_data:83] Clear data: API predata - admin account 01
[INFO][2025-12-25 05:11:01][common.client:delete:132] https://datn-be-steel.vercel.app/api/accounts/694cc73a81605b2458187a6f
[INFO][2025-12-25 05:13:48][common.common_setup:<module>:13] Base dir: /home/user/apitestcapprj
[INFO][2025-12-25 05:13:48][helpers.load_data:load_data:35] Loading data from '/home/user/apitestcapprj/configs/user_info.json'.
[SUCCESS][2025-12-25 05:13:48][helpers.load_data:load_data:41] Complete loading data from '/home/user/apitestcapprj/configs/user_info.json'.
[SUCCESS][2025-12-25 05:13:48][common.common_setup:<module>:22] Load client info successfully:
{
    "admin": {
        "email": "test_user_01@gmail.com",
        "password": "123456789"
    },
    "student": {
        "email": "test_user_07@gmail.com",
        "password": "123456789"
    },
    "teacher": {
        "email": "test_user_02@gmail.com",
        "password": "123456789"
    }
}
[INFO][2025-12-25 05:13:48][helpers.load_data:load_data:35] Loading data from '/home/user/apitestcapprj/data/request_body_template/role_request_body_template.json'.
[SUCCESS][2025-12-25 05:13:48][helpers.load_data:load_data:41] Complete loading data from '/home/user/apitestcapprj/data/request_body_template/role_request_body_template.json'.
[SUCCESS][2025-12-25 05:13:48][common.common_setup:<module>:28] Load role predata successfully:
{
    "predata": {
        "role_01": {
            "name": "API predata - role 01"
        }
    },
    "need_clear": [
        "API predata - role 01 - edited",
        "API csv - role 01"
    ]
}
[INFO][2025-12-25 05:13:48][helpers.load_data:load_data:35] Loading data from '/home/user/apitestcapprj/data/request_body_template/account_request_body_template.json'.
[SUCCESS][2025-12-25 05:13:48][helpers.load_data:load_data:41] Complete loading data from '/home/user/apitestcapprj/data/request_body_template/account_request_body_template.json'.
[SUCCESS][2025-12-25 05:13:48][common.common_setup:<module>:33] Load account predata successfully:
{
    "predata": {
        "admin_account_01": {
            "role_name": "{admin_role_name}",
            "full_name": "API predata - admin account 01",
            "date_of_birth": "{datetime(%Y-%m-%d,0)}",
            "gender": "nam",
            "address": "API predata - admin account 01 - address - {random_string(5)}",
            "email": "api_predata_admin_account_01@gmail.com",
            "phone_number": "1234567890",
            "password": "123456789",
            "confirmPassword": "123456789"
        }
    },
    "need_clear": [
        "API predata - admin account 01"
    ]
}
[INFO][2025-12-25 05:13:48][common.client:login:143] Login with role: admin, email: test_user_01@gmail.com and password: 123456789.
[SUCCESS][2025-12-25 05:13:53][common.client:login:154] Login successfully.
[INFO][2025-12-25 05:13:53][common.client:login:143] Login with role: student, email: test_user_07@gmail.com and password: 123456789.
[SUCCESS][2025-12-25 05:13:53][common.client:login:154] Login successfully.
[INFO][2025-12-25 05:13:53][common.client:login:143] Login with role: teacher, email: test_user_02@gmail.com and password: 123456789.
[SUCCESS][2025-12-25 05:13:54][common.client:login:154] Login successfully.
[INFO][2025-12-25 05:13:54][__main__:<module>:9] ================= Start testing ==================
[SUCCESS][2025-12-25 05:13:55][process_responses.account_process_response:clear_data:87] Complete clear data.
[SUCCESS][2025-12-25 05:13:56][process_responses.role_process_responses:get_all_roles:23] Get all roles successfully:
[
    {
        "_id": "69496b7d3a739f3bcffdeef7",
        "name": "admin",
        "created_on": "2025-12-22 23:02:05",
        "modified_on": "2025-12-22 23:02:05",
        "created_by": "data generation",
        "modified_by": "data generation"
    },
    {
        "_id": "69496b7d3a739f3bcffdeef8",
        "name": "teacher",
        "created_on": "2025-12-22 23:02:05",
        "modified_on": "2025-12-22 23:02:05",
        "created_by": "data generation",
        "modified_by": "data generation"
    },
    {
        "_id": "69496b7d3a739f3bcffdeef9",
        "name": "student",
        "created_on": "2025-12-22 23:02:05",
        "modified_on": "2025-12-22 23:02:05",
        "created_by": "data generation",
        "modified_by": "data generation"
    },
    {
        "_id": "694cb7eb9fcc9f9778c3be08",
        "name": "API predata - role 01 - edited",
        "__v": 0
    }
]
[SUCCESS][2025-12-25 05:13:57][process_responses.account_process_response:get_account_by_id:31] Get account by id successfully:
{
    "is_deleted": false,
    "messageFromSystem": [],
    "seenMessage": [],
    "_id": "69496b7e3a739f3bcffdeefa",
    "role_name": "admin",
    "full_name": "test_user_01",
    "date_of_birth": "2012-12-26T00:00:00.000Z",
    "gender": "N\u1eef",
    "address": "Nghe\u0323\u0302 An",
    "email": "test_user_01@gmail.com",
    "phone_number": "1767111009",
    "password": "$2b$10$MwR7xWmmGi9oN16IwVejY.7JWsaNAdnqID85Pt22BJsGX/x4uuRZy",
    "avatar": "https://encrypted-tbn0.gstatic.com/images?q=tbn:ANd9GcTNnNH0c03eYhzzID8_Y6mHwZYYGjXLfnreH7RyT9f9GVRtT0yR7vklbKx3As07G6DCGYY&usqp=CAU",
    "status": "active",
    "created_on": "2025-12-22 23:02:06",
    "modified_on": "2025-12-22 23:02:06",
    "created_by": "data generation",
    "modified_by": "data generation"
}
[SUCCESS][2025-12-25 05:13:58][process_responses.account_process_response:create_new_account_with_check:54] Create new account successfully:
{
    "role_name": "admin",
    "full_name": "API predata - admin account 01",
    "date_of_birth": "2025-12-25T00:00:00.000Z",
    "gender": "nam",
    "address": "API predata - admin account 01 - address - vyqMq",
    "email": "api_predata_admin_account_01@gmail.com",
    "phone_number": "1234567890",
    "password": "$2b$10$rHKW9w1OzLPKflmai9cwj.0j.hRujYG.s/kqlDrt70qf2W0LTIsIq",
    "is_deleted": false,
    "messageFromSystem": [],
    "seenMessage": [],
    "_id": "694cc816d92216ca82f980a2",
    "createdAt": "2025-12-25T05:13:58.338Z",
    "updatedAt": "2025-12-25T05:13:58.338Z",
    "__v": 0
}
[INFO][2025-12-25 05:13:58][case_setup.account_case_setup:account_case_setup:51] {
    "admin_role_name": "admin",
    "student_role_name": "student",
    "teacher_role_name": "student",
    "admin_role_id": "69496b7d3a739f3bcffdeef7",
    "student_role_id": "69496b7d3a739f3bcffdeef9",
    "admin_account_id": "69496b7e3a739f3bcffdeefa",
    "student_account_id": "694cb973322b96054111df4d",
    "account_01_id": "694cc816d92216ca82f980a2",
    "account_01_name": "API predata - admin account 01"
}
[INFO][2025-12-25 05:13:58][common.client:logout:157] User: 'test_user_01@gmail.com', role: 'admin' logout.
[INFO][2025-12-25 05:13:59][common.client:logout:159] Logout info: 200, "User logged out successfully".
[INFO][2025-12-25 05:13:59][common.client:logout:157] User: 'test_user_07@gmail.com', role: 'student' logout.
[INFO][2025-12-25 05:13:59][common.client:logout:159] Logout info: 200, "User logged out successfully".
[INFO][2025-12-25 05:13:59][common.client:logout:157] User: 'test_user_02@gmail.com', role: 'teacher' logout.
[INFO][2025-12-25 05:13:59][common.client:logout:159] Logout info: 200, "User logged out successfully".
[SUCCESS][2025-12-25 05:13:59][__main__:<module>:41] ================== End testing ===================
[INFO][2025-12-25 05:14:03][common.common_setup:<module>:13] Base dir: /home/user/apitestcapprj
[INFO][2025-12-25 05:14:03][helpers.load_data:load_data:35] Loading data from '/home/user/apitestcapprj/configs/user_info.json'.
[SUCCESS][2025-12-25 05:14:03][helpers.load_data:load_data:41] Complete loading data from '/home/user/apitestcapprj/configs/user_info.json'.
[SUCCESS][2025-12-25 05:14:03][common.common_setup:<module>:22] Load client info successfully:
{
    "admin": {
        "email": "test_user_01@gmail.com",
        "password": "123456789"
    },
    "student": {
        "email": "test_user_07@gmail.com",
        "password": "123456789"
    },
    "teacher": {
        "email": "test_user_02@gmail.com",
        "password": "123456789"
    }
}
[INFO][2025-12-25 05:14:03][helpers.load_data:load_data:35] Loading data from '/home/user/apitestcapprj/data/request_body_template/role_request_body_template.json'.
[SUCCESS][2025-12-25 05:14:03][helpers.load_data:load_data:41] Complete loading data from '/home/user/apitestcapprj/data/request_body_template/role_request_body_template.json'.
[SUCCESS][2025-12-25 05:14:03][common.common_setup:<module>:28] Load role predata successfully:
{
    "predata": {
        "role_01": {
            "name": "API predata - role 01"
        }
    },
    "need_clear": [
        "API predata - role 01 - edited",
        "API csv - role 01"
    ]
}
[INFO][2025-12-25 05:14:03][helpers.load_data:load_data:35] Loading data from '/home/user/apitestcapprj/data/request_body_template/account_request_body_template.json'.
[SUCCESS][2025-12-25 05:14:03][helpers.load_data:load_data:41] Complete loading data from '/home/user/apitestcapprj/data/request_body_template/account_request_body_template.json'.
[SUCCESS][2025-12-25 05:14:03][common.common_setup:<module>:33] Load account predata successfully:
{
    "predata": {
        "admin_account_01": {
            "role_name": "{admin_role_name}",
            "full_name": "API predata - admin account 01",
            "date_of_birth": "{datetime(%Y-%m-%d,0)}",
            "gender": "nam",
            "address": "API predata - admin account 01 - address - {random_string(5)}",
            "email": "api_predata_admin_account_01@gmail.com",
            "phone_number": "1234567890",
            "password": "123456789",
            "confirmPassword": "123456789"
        }
    },
    "need_clear": [
        "API predata - admin account 01"
    ]
}
[INFO][2025-12-25 05:14:03][common.client:login:143] Login with role: admin, email: test_user_01@gmail.com and password: 123456789.
[SUCCESS][2025-12-25 05:14:04][common.client:login:154] Login successfully.
[INFO][2025-12-25 05:14:04][common.client:login:143] Login with role: student, email: test_user_07@gmail.com and password: 123456789.
[SUCCESS][2025-12-25 05:14:05][common.client:login:154] Login successfully.
[INFO][2025-12-25 05:14:05][common.client:login:143] Login with role: teacher, email: test_user_02@gmail.com and password: 123456789.
[SUCCESS][2025-12-25 05:14:06][common.client:login:154] Login successfully.
[INFO][2025-12-25 05:14:06][__main__:<module>:9] ================= Start testing ==================
[INFO][2025-12-25 05:14:07][process_responses.account_process_response:clear_data:84] Clear data: API predata - admin account 01
[INFO][2025-12-25 05:14:07][common.client:delete:132] https://datn-be-steel.vercel.app/api/accounts/694cc816d92216ca82f980a2
[INFO][2025-12-25 05:14:53][common.common_setup:<module>:13] Base dir: /home/user/apitestcapprj
[INFO][2025-12-25 05:14:53][helpers.load_data:load_data:35] Loading data from '/home/user/apitestcapprj/configs/user_info.json'.
[SUCCESS][2025-12-25 05:14:53][helpers.load_data:load_data:41] Complete loading data from '/home/user/apitestcapprj/configs/user_info.json'.
[SUCCESS][2025-12-25 05:14:53][common.common_setup:<module>:22] Load client info successfully:
{
    "admin": {
        "email": "test_user_01@gmail.com",
        "password": "123456789"
    },
    "student": {
        "email": "test_user_07@gmail.com",
        "password": "123456789"
    },
    "teacher": {
        "email": "test_user_02@gmail.com",
        "password": "123456789"
    }
}
[INFO][2025-12-25 05:14:53][helpers.load_data:load_data:35] Loading data from '/home/user/apitestcapprj/data/request_body_template/role_request_body_template.json'.
[SUCCESS][2025-12-25 05:14:53][helpers.load_data:load_data:41] Complete loading data from '/home/user/apitestcapprj/data/request_body_template/role_request_body_template.json'.
[SUCCESS][2025-12-25 05:14:53][common.common_setup:<module>:28] Load role predata successfully:
{
    "predata": {
        "role_01": {
            "name": "API predata - role 01"
        }
    },
    "need_clear": [
        "API predata - role 01 - edited",
        "API csv - role 01"
    ]
}
[INFO][2025-12-25 05:14:53][helpers.load_data:load_data:35] Loading data from '/home/user/apitestcapprj/data/request_body_template/account_request_body_template.json'.
[SUCCESS][2025-12-25 05:14:53][helpers.load_data:load_data:41] Complete loading data from '/home/user/apitestcapprj/data/request_body_template/account_request_body_template.json'.
[SUCCESS][2025-12-25 05:14:53][common.common_setup:<module>:33] Load account predata successfully:
{
    "predata": {
        "admin_account_01": {
            "role_name": "{admin_role_name}",
            "full_name": "API predata - admin account 01",
            "date_of_birth": "{datetime(%Y-%m-%d,0)}",
            "gender": "nam",
            "address": "API predata - admin account 01 - address - {random_string(5)}",
            "email": "api_predata_admin_account_01@gmail.com",
            "phone_number": "1234567890",
            "password": "123456789",
            "confirmPassword": "123456789"
        }
    },
    "need_clear": [
        "API predata - admin account 01"
    ]
}
[INFO][2025-12-25 05:14:53][common.client:login:143] Login with role: admin, email: test_user_01@gmail.com and password: 123456789.
[SUCCESS][2025-12-25 05:14:54][common.client:login:154] Login successfully.
[INFO][2025-12-25 05:14:54][common.client:login:143] Login with role: student, email: test_user_07@gmail.com and password: 123456789.
[SUCCESS][2025-12-25 05:14:55][common.client:login:154] Login successfully.
[INFO][2025-12-25 05:14:55][common.client:login:143] Login with role: teacher, email: test_user_02@gmail.com and password: 123456789.
[SUCCESS][2025-12-25 05:14:55][common.client:login:154] Login successfully.
[INFO][2025-12-25 05:14:55][__main__:<module>:9] ================= Start testing ==================
[SUCCESS][2025-12-25 05:14:56][process_responses.role_process_responses:get_all_roles:23] Get all roles successfully:
[
    {
        "_id": "69496b7d3a739f3bcffdeef7",
        "name": "admin",
        "created_on": "2025-12-22 23:02:05",
        "modified_on": "2025-12-22 23:02:05",
        "created_by": "data generation",
        "modified_by": "data generation"
    },
    {
        "_id": "69496b7d3a739f3bcffdeef8",
        "name": "teacher",
        "created_on": "2025-12-22 23:02:05",
        "modified_on": "2025-12-22 23:02:05",
        "created_by": "data generation",
        "modified_by": "data generation"
    },
    {
        "_id": "69496b7d3a739f3bcffdeef9",
        "name": "student",
        "created_on": "2025-12-22 23:02:05",
        "modified_on": "2025-12-22 23:02:05",
        "created_by": "data generation",
        "modified_by": "data generation"
    },
    {
        "_id": "694cb7eb9fcc9f9778c3be08",
        "name": "API predata - role 01 - edited",
        "__v": 0
    }
]
[INFO][2025-12-25 05:14:56][process_responses.role_process_responses:clear_data:80] Clear data: API predata - role 01 - edited
[INFO][2025-12-25 05:14:56][common.client:delete:132] https://datn-be-steel.vercel.app/api/roles/694cb7eb9fcc9f9778c3be08
[INFO][2025-12-25 05:14:57][process_responses.role_process_responses:delete_role:67] Delete role response: 200, {"_id":"694cb7eb9fcc9f9778c3be08","name":"API predata - role 01 - edited","__v":0}
[SUCCESS][2025-12-25 05:14:57][process_responses.role_process_responses:clear_data:83] Complete clear data.
[SUCCESS][2025-12-25 05:14:57][process_responses.role_process_responses:get_all_roles:23] Get all roles successfully:
[
    {
        "_id": "69496b7d3a739f3bcffdeef7",
        "name": "admin",
        "created_on": "2025-12-22 23:02:05",
        "modified_on": "2025-12-22 23:02:05",
        "created_by": "data generation",
        "modified_by": "data generation"
    },
    {
        "_id": "69496b7d3a739f3bcffdeef8",
        "name": "teacher",
        "created_on": "2025-12-22 23:02:05",
        "modified_on": "2025-12-22 23:02:05",
        "created_by": "data generation",
        "modified_by": "data generation"
    },
    {
        "_id": "69496b7d3a739f3bcffdeef9",
        "name": "student",
        "created_on": "2025-12-22 23:02:05",
        "modified_on": "2025-12-22 23:02:05",
        "created_by": "data generation",
        "modified_by": "data generation"
    }
]
[SUCCESS][2025-12-25 05:14:58][process_responses.role_process_responses:get_all_roles:23] Get all roles successfully:
[
    {
        "_id": "69496b7d3a739f3bcffdeef7",
        "name": "admin",
        "created_on": "2025-12-22 23:02:05",
        "modified_on": "2025-12-22 23:02:05",
        "created_by": "data generation",
        "modified_by": "data generation"
    },
    {
        "_id": "69496b7d3a739f3bcffdeef8",
        "name": "teacher",
        "created_on": "2025-12-22 23:02:05",
        "modified_on": "2025-12-22 23:02:05",
        "created_by": "data generation",
        "modified_by": "data generation"
    },
    {
        "_id": "69496b7d3a739f3bcffdeef9",
        "name": "student",
        "created_on": "2025-12-22 23:02:05",
        "modified_on": "2025-12-22 23:02:05",
        "created_by": "data generation",
        "modified_by": "data generation"
    }
]
[SUCCESS][2025-12-25 05:14:58][process_responses.role_process_responses:create_new_role_with_check:51] Create new role successfully:
{
    "name": "API predata - role 01",
    "_id": "694cc852d92216ca82f980b6",
    "__v": 0
}
[INFO][2025-12-25 05:14:58][case_setup.role_case_setup:role_case_setup:41] {
    "admin_role_name": "admin",
    "student_role_name": "student",
    "teacher_role_name": "student",
    "admin_role_id": "69496b7d3a739f3bcffdeef7",
    "student_role_id": "69496b7d3a739f3bcffdeef9",
    "role_01_id": "694cc852d92216ca82f980b6",
    "role_01_name": "API predata - role 01"
}
[INFO][2025-12-25 05:14:58][common.client:logout:157] User: 'test_user_01@gmail.com', role: 'admin' logout.
[INFO][2025-12-25 05:14:59][common.client:logout:159] Logout info: 200, "User logged out successfully".
[INFO][2025-12-25 05:14:59][common.client:logout:157] User: 'test_user_07@gmail.com', role: 'student' logout.
[INFO][2025-12-25 05:14:59][common.client:logout:159] Logout info: 200, "User logged out successfully".
[INFO][2025-12-25 05:14:59][common.client:logout:157] User: 'test_user_02@gmail.com', role: 'teacher' logout.
[INFO][2025-12-25 05:15:00][common.client:logout:159] Logout info: 200, "User logged out successfully".
[SUCCESS][2025-12-25 05:15:00][__main__:<module>:41] ================== End testing ===================
[INFO][2025-12-25 05:15:22][common.common_setup:<module>:13] Base dir: /home/user/apitestcapprj
[INFO][2025-12-25 05:15:22][helpers.load_data:load_data:35] Loading data from '/home/user/apitestcapprj/configs/user_info.json'.
[SUCCESS][2025-12-25 05:15:22][helpers.load_data:load_data:41] Complete loading data from '/home/user/apitestcapprj/configs/user_info.json'.
[SUCCESS][2025-12-25 05:15:22][common.common_setup:<module>:22] Load client info successfully:
{
    "admin": {
        "email": "test_user_01@gmail.com",
        "password": "123456789"
    },
    "student": {
        "email": "test_user_07@gmail.com",
        "password": "123456789"
    },
    "teacher": {
        "email": "test_user_02@gmail.com",
        "password": "123456789"
    }
}
[INFO][2025-12-25 05:15:22][helpers.load_data:load_data:35] Loading data from '/home/user/apitestcapprj/data/request_body_template/role_request_body_template.json'.
[SUCCESS][2025-12-25 05:15:22][helpers.load_data:load_data:41] Complete loading data from '/home/user/apitestcapprj/data/request_body_template/role_request_body_template.json'.
[SUCCESS][2025-12-25 05:15:22][common.common_setup:<module>:28] Load role predata successfully:
{
    "predata": {
        "role_01": {
            "name": "API predata - role 01"
        }
    },
    "need_clear": [
        "API predata - role 01 - edited",
        "API csv - role 01"
    ]
}
[INFO][2025-12-25 05:15:22][helpers.load_data:load_data:35] Loading data from '/home/user/apitestcapprj/data/request_body_template/account_request_body_template.json'.
[SUCCESS][2025-12-25 05:15:22][helpers.load_data:load_data:41] Complete loading data from '/home/user/apitestcapprj/data/request_body_template/account_request_body_template.json'.
[SUCCESS][2025-12-25 05:15:22][common.common_setup:<module>:33] Load account predata successfully:
{
    "predata": {
        "admin_account_01": {
            "role_name": "{admin_role_name}",
            "full_name": "API predata - admin account 01",
            "date_of_birth": "{datetime(%Y-%m-%d,0)}",
            "gender": "nam",
            "address": "API predata - admin account 01 - address - {random_string(5)}",
            "email": "api_predata_admin_account_01@gmail.com",
            "phone_number": "1234567890",
            "password": "123456789",
            "confirmPassword": "123456789"
        }
    },
    "need_clear": [
        "API predata - admin account 01"
    ]
}
[INFO][2025-12-25 05:15:22][common.client:login:143] Login with role: admin, email: test_user_01@gmail.com and password: 123456789.
[SUCCESS][2025-12-25 05:15:23][common.client:login:154] Login successfully.
[INFO][2025-12-25 05:15:23][common.client:login:143] Login with role: student, email: test_user_07@gmail.com and password: 123456789.
[SUCCESS][2025-12-25 05:15:24][common.client:login:154] Login successfully.
[INFO][2025-12-25 05:15:24][common.client:login:143] Login with role: teacher, email: test_user_02@gmail.com and password: 123456789.
[SUCCESS][2025-12-25 05:15:25][common.client:login:154] Login successfully.
[INFO][2025-12-25 05:15:25][__main__:<module>:9] ================= Start testing ==================
[SUCCESS][2025-12-25 05:15:26][process_responses.role_process_responses:get_all_roles:23] Get all roles successfully:
[
    {
        "_id": "69496b7d3a739f3bcffdeef7",
        "name": "admin",
        "created_on": "2025-12-22 23:02:05",
        "modified_on": "2025-12-22 23:02:05",
        "created_by": "data generation",
        "modified_by": "data generation"
    },
    {
        "_id": "69496b7d3a739f3bcffdeef8",
        "name": "teacher",
        "created_on": "2025-12-22 23:02:05",
        "modified_on": "2025-12-22 23:02:05",
        "created_by": "data generation",
        "modified_by": "data generation"
    },
    {
        "_id": "69496b7d3a739f3bcffdeef9",
        "name": "student",
        "created_on": "2025-12-22 23:02:05",
        "modified_on": "2025-12-22 23:02:05",
        "created_by": "data generation",
        "modified_by": "data generation"
    },
    {
        "_id": "694cc852d92216ca82f980b6",
        "name": "API predata - role 01",
        "__v": 0
    }
]
[SUCCESS][2025-12-25 05:15:26][process_responses.role_process_responses:clear_data:83] Complete clear data.
[SUCCESS][2025-12-25 05:15:27][process_responses.role_process_responses:get_all_roles:23] Get all roles successfully:
[
    {
        "_id": "69496b7d3a739f3bcffdeef7",
        "name": "admin",
        "created_on": "2025-12-22 23:02:05",
        "modified_on": "2025-12-22 23:02:05",
        "created_by": "data generation",
        "modified_by": "data generation"
    },
    {
        "_id": "69496b7d3a739f3bcffdeef8",
        "name": "teacher",
        "created_on": "2025-12-22 23:02:05",
        "modified_on": "2025-12-22 23:02:05",
        "created_by": "data generation",
        "modified_by": "data generation"
    },
    {
        "_id": "69496b7d3a739f3bcffdeef9",
        "name": "student",
        "created_on": "2025-12-22 23:02:05",
        "modified_on": "2025-12-22 23:02:05",
        "created_by": "data generation",
        "modified_by": "data generation"
    },
    {
        "_id": "694cc852d92216ca82f980b6",
        "name": "API predata - role 01",
        "__v": 0
    }
]
[SUCCESS][2025-12-25 05:15:27][process_responses.role_process_responses:get_all_roles:23] Get all roles successfully:
[
    {
        "_id": "69496b7d3a739f3bcffdeef7",
        "name": "admin",
        "created_on": "2025-12-22 23:02:05",
        "modified_on": "2025-12-22 23:02:05",
        "created_by": "data generation",
        "modified_by": "data generation"
    },
    {
        "_id": "69496b7d3a739f3bcffdeef8",
        "name": "teacher",
        "created_on": "2025-12-22 23:02:05",
        "modified_on": "2025-12-22 23:02:05",
        "created_by": "data generation",
        "modified_by": "data generation"
    },
    {
        "_id": "69496b7d3a739f3bcffdeef9",
        "name": "student",
        "created_on": "2025-12-22 23:02:05",
        "modified_on": "2025-12-22 23:02:05",
        "created_by": "data generation",
        "modified_by": "data generation"
    },
    {
        "_id": "694cc852d92216ca82f980b6",
        "name": "API predata - role 01",
        "__v": 0
    }
]
[WARNING][2025-12-25 05:15:27][process_responses.role_process_responses:create_new_role_with_check:44] Role 'API predata - role 01' already exists.
[INFO][2025-12-25 05:15:27][case_setup.role_case_setup:role_case_setup:41] {
    "admin_role_name": "admin",
    "student_role_name": "student",
    "teacher_role_name": "student",
    "admin_role_id": "69496b7d3a739f3bcffdeef7",
    "student_role_id": "69496b7d3a739f3bcffdeef9",
    "role_01_id": "694cc852d92216ca82f980b6",
    "role_01_name": "API predata - role 01"
}
[INFO][2025-12-25 05:15:27][common.client:logout:157] User: 'test_user_01@gmail.com', role: 'admin' logout.
[INFO][2025-12-25 05:15:28][common.client:logout:159] Logout info: 200, "User logged out successfully".
[INFO][2025-12-25 05:15:28][common.client:logout:157] User: 'test_user_07@gmail.com', role: 'student' logout.
[INFO][2025-12-25 05:15:28][common.client:logout:159] Logout info: 200, "User logged out successfully".
[INFO][2025-12-25 05:15:28][common.client:logout:157] User: 'test_user_02@gmail.com', role: 'teacher' logout.
[INFO][2025-12-25 05:15:28][common.client:logout:159] Logout info: 200, "User logged out successfully".
[SUCCESS][2025-12-25 05:15:28][__main__:<module>:41] ================== End testing ===================
[INFO][2025-12-25 05:16:07][common.common_setup:<module>:13] Base dir: /home/user/apitestcapprj
[INFO][2025-12-25 05:16:07][helpers.load_data:load_data:35] Loading data from '/home/user/apitestcapprj/configs/user_info.json'.
[SUCCESS][2025-12-25 05:16:07][helpers.load_data:load_data:41] Complete loading data from '/home/user/apitestcapprj/configs/user_info.json'.
[SUCCESS][2025-12-25 05:16:07][common.common_setup:<module>:22] Load client info successfully:
{
    "admin": {
        "email": "test_user_01@gmail.com",
        "password": "123456789"
    },
    "student": {
        "email": "test_user_07@gmail.com",
        "password": "123456789"
    },
    "teacher": {
        "email": "test_user_02@gmail.com",
        "password": "123456789"
    }
}
[INFO][2025-12-25 05:16:07][helpers.load_data:load_data:35] Loading data from '/home/user/apitestcapprj/data/request_body_template/role_request_body_template.json'.
[SUCCESS][2025-12-25 05:16:07][helpers.load_data:load_data:41] Complete loading data from '/home/user/apitestcapprj/data/request_body_template/role_request_body_template.json'.
[SUCCESS][2025-12-25 05:16:07][common.common_setup:<module>:28] Load role predata successfully:
{
    "predata": {
        "role_01": {
            "name": "API predata - role 01"
        }
    },
    "need_clear": [
        "API predata - role 01 - edited",
        "API csv - role 01"
    ]
}
[INFO][2025-12-25 05:16:07][helpers.load_data:load_data:35] Loading data from '/home/user/apitestcapprj/data/request_body_template/account_request_body_template.json'.
[SUCCESS][2025-12-25 05:16:07][helpers.load_data:load_data:41] Complete loading data from '/home/user/apitestcapprj/data/request_body_template/account_request_body_template.json'.
[SUCCESS][2025-12-25 05:16:07][common.common_setup:<module>:33] Load account predata successfully:
{
    "predata": {
        "admin_account_01": {
            "role_name": "{admin_role_name}",
            "full_name": "API predata - admin account 01",
            "date_of_birth": "{datetime(%Y-%m-%d,0)}",
            "gender": "nam",
            "address": "API predata - admin account 01 - address - {random_string(5)}",
            "email": "api_predata_admin_account_01@gmail.com",
            "phone_number": "1234567890",
            "password": "123456789",
            "confirmPassword": "123456789"
        }
    },
    "need_clear": [
        "API predata - admin account 01"
    ]
}
[INFO][2025-12-25 05:16:07][common.client:login:143] Login with role: admin, email: test_user_01@gmail.com and password: 123456789.
[SUCCESS][2025-12-25 05:16:08][common.client:login:154] Login successfully.
[INFO][2025-12-25 05:16:08][common.client:login:143] Login with role: student, email: test_user_07@gmail.com and password: 123456789.
[SUCCESS][2025-12-25 05:16:09][common.client:login:154] Login successfully.
[INFO][2025-12-25 05:16:09][common.client:login:143] Login with role: teacher, email: test_user_02@gmail.com and password: 123456789.
[SUCCESS][2025-12-25 05:16:10][common.client:login:154] Login successfully.
[INFO][2025-12-25 05:16:10][__main__:<module>:9] ================= Start testing ==================
[SUCCESS][2025-12-25 05:16:10][process_responses.role_process_responses:get_all_roles:23] Get all roles successfully:
[
    {
        "_id": "69496b7d3a739f3bcffdeef7",
        "name": "admin",
        "created_on": "2025-12-22 23:02:05",
        "modified_on": "2025-12-22 23:02:05",
        "created_by": "data generation",
        "modified_by": "data generation"
    },
    {
        "_id": "69496b7d3a739f3bcffdeef8",
        "name": "teacher",
        "created_on": "2025-12-22 23:02:05",
        "modified_on": "2025-12-22 23:02:05",
        "created_by": "data generation",
        "modified_by": "data generation"
    },
    {
        "_id": "69496b7d3a739f3bcffdeef9",
        "name": "student",
        "created_on": "2025-12-22 23:02:05",
        "modified_on": "2025-12-22 23:02:05",
        "created_by": "data generation",
        "modified_by": "data generation"
    },
    {
        "_id": "694cc852d92216ca82f980b6",
        "name": "API predata - role 01",
        "__v": 0
    }
]
[SUCCESS][2025-12-25 05:16:10][process_responses.role_process_responses:clear_data:83] Complete clear data.
[SUCCESS][2025-12-25 05:16:11][process_responses.role_process_responses:get_all_roles:23] Get all roles successfully:
[
    {
        "_id": "69496b7d3a739f3bcffdeef7",
        "name": "admin",
        "created_on": "2025-12-22 23:02:05",
        "modified_on": "2025-12-22 23:02:05",
        "created_by": "data generation",
        "modified_by": "data generation"
    },
    {
        "_id": "69496b7d3a739f3bcffdeef8",
        "name": "teacher",
        "created_on": "2025-12-22 23:02:05",
        "modified_on": "2025-12-22 23:02:05",
        "created_by": "data generation",
        "modified_by": "data generation"
    },
    {
        "_id": "69496b7d3a739f3bcffdeef9",
        "name": "student",
        "created_on": "2025-12-22 23:02:05",
        "modified_on": "2025-12-22 23:02:05",
        "created_by": "data generation",
        "modified_by": "data generation"
    },
    {
        "_id": "694cc852d92216ca82f980b6",
        "name": "API predata - role 01",
        "__v": 0
    }
]
[SUCCESS][2025-12-25 05:16:12][process_responses.role_process_responses:get_all_roles:23] Get all roles successfully:
[
    {
        "_id": "69496b7d3a739f3bcffdeef7",
        "name": "admin",
        "created_on": "2025-12-22 23:02:05",
        "modified_on": "2025-12-22 23:02:05",
        "created_by": "data generation",
        "modified_by": "data generation"
    },
    {
        "_id": "69496b7d3a739f3bcffdeef8",
        "name": "teacher",
        "created_on": "2025-12-22 23:02:05",
        "modified_on": "2025-12-22 23:02:05",
        "created_by": "data generation",
        "modified_by": "data generation"
    },
    {
        "_id": "69496b7d3a739f3bcffdeef9",
        "name": "student",
        "created_on": "2025-12-22 23:02:05",
        "modified_on": "2025-12-22 23:02:05",
        "created_by": "data generation",
        "modified_by": "data generation"
    },
    {
        "_id": "694cc852d92216ca82f980b6",
        "name": "API predata - role 01",
        "__v": 0
    }
]
[WARNING][2025-12-25 05:16:12][process_responses.role_process_responses:create_new_role_with_check:44] Role 'API predata - role 01' already exists.
[INFO][2025-12-25 05:16:12][case_setup.role_case_setup:role_case_setup:41] {
    "admin_role_name": "admin",
    "student_role_name": "student",
    "teacher_role_name": "student",
    "admin_role_id": "69496b7d3a739f3bcffdeef7",
    "student_role_id": "69496b7d3a739f3bcffdeef9",
    "role_01_id": "694cc852d92216ca82f980b6",
    "role_01_name": "API predata - role 01"
}
[INFO][2025-12-25 05:16:12][common.client:logout:157] User: 'test_user_01@gmail.com', role: 'admin' logout.
[INFO][2025-12-25 05:16:12][common.client:logout:159] Logout info: 200, "User logged out successfully".
[INFO][2025-12-25 05:16:12][common.client:logout:157] User: 'test_user_07@gmail.com', role: 'student' logout.
[INFO][2025-12-25 05:16:13][common.client:logout:159] Logout info: 200, "User logged out successfully".
[INFO][2025-12-25 05:16:13][common.client:logout:157] User: 'test_user_02@gmail.com', role: 'teacher' logout.
[INFO][2025-12-25 05:16:13][common.client:logout:159] Logout info: 200, "User logged out successfully".
[SUCCESS][2025-12-25 05:16:13][__main__:<module>:41] ================== End testing ===================
[INFO][2025-12-25 05:18:14][common.common_setup:<module>:13] Base dir: /home/user/apitestcapprj
[INFO][2025-12-25 05:18:14][helpers.load_data:load_data:35] Loading data from '/home/user/apitestcapprj/configs/user_info.json'.
[SUCCESS][2025-12-25 05:18:14][helpers.load_data:load_data:41] Complete loading data from '/home/user/apitestcapprj/configs/user_info.json'.
[SUCCESS][2025-12-25 05:18:14][common.common_setup:<module>:22] Load client info successfully:
{
    "admin": {
        "email": "test_user_01@gmail.com",
        "password": "123456789"
    },
    "student": {
        "email": "test_user_07@gmail.com",
        "password": "123456789"
    },
    "teacher": {
        "email": "test_user_02@gmail.com",
        "password": "123456789"
    }
}
[INFO][2025-12-25 05:18:14][helpers.load_data:load_data:35] Loading data from '/home/user/apitestcapprj/data/request_body_template/role_request_body_template.json'.
[SUCCESS][2025-12-25 05:18:14][helpers.load_data:load_data:41] Complete loading data from '/home/user/apitestcapprj/data/request_body_template/role_request_body_template.json'.
[SUCCESS][2025-12-25 05:18:14][common.common_setup:<module>:28] Load role predata successfully:
{
    "predata": {
        "role_01": {
            "name": "API predata - role 01"
        }
    },
    "need_clear": [
        "API predata - role 01 - edited",
        "API csv - role 01"
    ]
}
[INFO][2025-12-25 05:18:14][helpers.load_data:load_data:35] Loading data from '/home/user/apitestcapprj/data/request_body_template/account_request_body_template.json'.
[SUCCESS][2025-12-25 05:18:14][helpers.load_data:load_data:41] Complete loading data from '/home/user/apitestcapprj/data/request_body_template/account_request_body_template.json'.
[SUCCESS][2025-12-25 05:18:14][common.common_setup:<module>:33] Load account predata successfully:
{
    "predata": {
        "admin_account_01": {
            "role_name": "{admin_role_name}",
            "full_name": "API predata - admin account 01",
            "date_of_birth": "{datetime(%Y-%m-%d,0)}",
            "gender": "nam",
            "address": "API predata - admin account 01 - address - {random_string(5)}",
            "email": "api_predata_admin_account_01@gmail.com",
            "phone_number": "1234567890",
            "password": "123456789",
            "confirmPassword": "123456789"
        }
    },
    "need_clear": [
        "API predata - admin account 01"
    ]
}
[INFO][2025-12-25 05:18:14][common.client:login:143] Login with role: admin, email: test_user_01@gmail.com and password: 123456789.
[SUCCESS][2025-12-25 05:18:15][common.client:login:154] Login successfully.
[INFO][2025-12-25 05:18:15][common.client:login:143] Login with role: student, email: test_user_07@gmail.com and password: 123456789.
[SUCCESS][2025-12-25 05:18:16][common.client:login:154] Login successfully.
[INFO][2025-12-25 05:18:16][common.client:login:143] Login with role: teacher, email: test_user_02@gmail.com and password: 123456789.
[SUCCESS][2025-12-25 05:18:17][common.client:login:154] Login successfully.
[INFO][2025-12-25 05:18:17][__main__:<module>:9] ================= Start testing ==================
[SUCCESS][2025-12-25 05:18:17][process_responses.account_process_response:clear_data:87] Complete clear data.
[SUCCESS][2025-12-25 05:18:18][process_responses.role_process_responses:get_all_roles:23] Get all roles successfully:
[
    {
        "_id": "69496b7d3a739f3bcffdeef7",
        "name": "admin",
        "created_on": "2025-12-22 23:02:05",
        "modified_on": "2025-12-22 23:02:05",
        "created_by": "data generation",
        "modified_by": "data generation"
    },
    {
        "_id": "69496b7d3a739f3bcffdeef8",
        "name": "teacher",
        "created_on": "2025-12-22 23:02:05",
        "modified_on": "2025-12-22 23:02:05",
        "created_by": "data generation",
        "modified_by": "data generation"
    },
    {
        "_id": "69496b7d3a739f3bcffdeef9",
        "name": "student",
        "created_on": "2025-12-22 23:02:05",
        "modified_on": "2025-12-22 23:02:05",
        "created_by": "data generation",
        "modified_by": "data generation"
    },
    {
        "_id": "694cc852d92216ca82f980b6",
        "name": "API predata - role 01",
        "__v": 0
    }
]
[SUCCESS][2025-12-25 05:18:19][process_responses.account_process_response:get_account_by_id:31] Get account by id successfully:
{
    "is_deleted": false,
    "messageFromSystem": [],
    "seenMessage": [],
    "_id": "69496b7e3a739f3bcffdeefa",
    "role_name": "admin",
    "full_name": "test_user_01",
    "date_of_birth": "2012-12-26T00:00:00.000Z",
    "gender": "N\u1eef",
    "address": "Nghe\u0323\u0302 An",
    "email": "test_user_01@gmail.com",
    "phone_number": "1767111009",
    "password": "$2b$10$MwR7xWmmGi9oN16IwVejY.7JWsaNAdnqID85Pt22BJsGX/x4uuRZy",
    "avatar": "https://encrypted-tbn0.gstatic.com/images?q=tbn:ANd9GcTNnNH0c03eYhzzID8_Y6mHwZYYGjXLfnreH7RyT9f9GVRtT0yR7vklbKx3As07G6DCGYY&usqp=CAU",
    "status": "active",
    "created_on": "2025-12-22 23:02:06",
    "modified_on": "2025-12-22 23:02:06",
    "created_by": "data generation",
    "modified_by": "data generation"
}
[SUCCESS][2025-12-25 05:18:20][process_responses.account_process_response:create_new_account_with_check:54] Create new account successfully:
{
    "role_name": "admin",
    "full_name": "API predata - admin account 01",
    "date_of_birth": "2025-12-25T00:00:00.000Z",
    "gender": "nam",
    "address": "API predata - admin account 01 - address - dmLkY",
    "email": "api_predata_admin_account_01@gmail.com",
    "phone_number": "1234567890",
    "password": "$2b$10$m02TV1ohfkac9FsfDhJ/KuZQTP4eQbiSNYwUNRdHnqV58o4dJOky2",
    "is_deleted": false,
    "messageFromSystem": [],
    "seenMessage": [],
    "_id": "694cc91c3ce9864ce81aebe9",
    "createdAt": "2025-12-25T05:18:20.314Z",
    "updatedAt": "2025-12-25T05:18:20.314Z",
    "__v": 0
}
[INFO][2025-12-25 05:18:20][case_setup.account_case_setup:account_case_setup:51] {
    "admin_role_name": "admin",
    "student_role_name": "student",
    "teacher_role_name": "student",
    "admin_role_id": "69496b7d3a739f3bcffdeef7",
    "student_role_id": "69496b7d3a739f3bcffdeef9",
    "admin_account_id": "69496b7e3a739f3bcffdeefa",
    "student_account_id": "694cb973322b96054111df4d",
    "account_01_id": "694cc91c3ce9864ce81aebe9",
    "account_01_name": "API predata - admin account 01"
}
[INFO][2025-12-25 05:18:20][common.client:logout:157] User: 'test_user_01@gmail.com', role: 'admin' logout.
[INFO][2025-12-25 05:18:20][common.client:logout:159] Logout info: 200, "User logged out successfully".
[INFO][2025-12-25 05:18:20][common.client:logout:157] User: 'test_user_07@gmail.com', role: 'student' logout.
[INFO][2025-12-25 05:18:21][common.client:logout:159] Logout info: 200, "User logged out successfully".
[INFO][2025-12-25 05:18:21][common.client:logout:157] User: 'test_user_02@gmail.com', role: 'teacher' logout.
[INFO][2025-12-25 05:18:21][common.client:logout:159] Logout info: 200, "User logged out successfully".
[SUCCESS][2025-12-25 05:18:21][__main__:<module>:41] ================== End testing ===================
[INFO][2025-12-25 05:18:26][common.common_setup:<module>:13] Base dir: /home/user/apitestcapprj
[INFO][2025-12-25 05:18:26][helpers.load_data:load_data:35] Loading data from '/home/user/apitestcapprj/configs/user_info.json'.
[SUCCESS][2025-12-25 05:18:26][helpers.load_data:load_data:41] Complete loading data from '/home/user/apitestcapprj/configs/user_info.json'.
[SUCCESS][2025-12-25 05:18:26][common.common_setup:<module>:22] Load client info successfully:
{
    "admin": {
        "email": "test_user_01@gmail.com",
        "password": "123456789"
    },
    "student": {
        "email": "test_user_07@gmail.com",
        "password": "123456789"
    },
    "teacher": {
        "email": "test_user_02@gmail.com",
        "password": "123456789"
    }
}
[INFO][2025-12-25 05:18:26][helpers.load_data:load_data:35] Loading data from '/home/user/apitestcapprj/data/request_body_template/role_request_body_template.json'.
[SUCCESS][2025-12-25 05:18:26][helpers.load_data:load_data:41] Complete loading data from '/home/user/apitestcapprj/data/request_body_template/role_request_body_template.json'.
[SUCCESS][2025-12-25 05:18:26][common.common_setup:<module>:28] Load role predata successfully:
{
    "predata": {
        "role_01": {
            "name": "API predata - role 01"
        }
    },
    "need_clear": [
        "API predata - role 01 - edited",
        "API csv - role 01"
    ]
}
[INFO][2025-12-25 05:18:26][helpers.load_data:load_data:35] Loading data from '/home/user/apitestcapprj/data/request_body_template/account_request_body_template.json'.
[SUCCESS][2025-12-25 05:18:26][helpers.load_data:load_data:41] Complete loading data from '/home/user/apitestcapprj/data/request_body_template/account_request_body_template.json'.
[SUCCESS][2025-12-25 05:18:26][common.common_setup:<module>:33] Load account predata successfully:
{
    "predata": {
        "admin_account_01": {
            "role_name": "{admin_role_name}",
            "full_name": "API predata - admin account 01",
            "date_of_birth": "{datetime(%Y-%m-%d,0)}",
            "gender": "nam",
            "address": "API predata - admin account 01 - address - {random_string(5)}",
            "email": "api_predata_admin_account_01@gmail.com",
            "phone_number": "1234567890",
            "password": "123456789",
            "confirmPassword": "123456789"
        }
    },
    "need_clear": [
        "API predata - admin account 01"
    ]
}
[INFO][2025-12-25 05:18:26][common.client:login:143] Login with role: admin, email: test_user_01@gmail.com and password: 123456789.
[SUCCESS][2025-12-25 05:18:27][common.client:login:154] Login successfully.
[INFO][2025-12-25 05:18:27][common.client:login:143] Login with role: student, email: test_user_07@gmail.com and password: 123456789.
[SUCCESS][2025-12-25 05:18:28][common.client:login:154] Login successfully.
[INFO][2025-12-25 05:18:28][common.client:login:143] Login with role: teacher, email: test_user_02@gmail.com and password: 123456789.
[SUCCESS][2025-12-25 05:18:29][common.client:login:154] Login successfully.
[INFO][2025-12-25 05:18:29][__main__:<module>:9] ================= Start testing ==================
[INFO][2025-12-25 05:18:30][process_responses.account_process_response:clear_data:84] Clear data: API predata - admin account 01
[INFO][2025-12-25 05:18:30][common.client:delete:132] https://datn-be-steel.vercel.app/api/accounts/694cc91c3ce9864ce81aebe9
[INFO][2025-12-25 05:22:26][common.common_setup:<module>:13] Base dir: /home/user/apitestcapprj
[INFO][2025-12-25 05:22:26][helpers.load_data:load_data:35] Loading data from '/home/user/apitestcapprj/configs/user_info.json'.
[SUCCESS][2025-12-25 05:22:26][helpers.load_data:load_data:41] Complete loading data from '/home/user/apitestcapprj/configs/user_info.json'.
[SUCCESS][2025-12-25 05:22:26][common.common_setup:<module>:22] Load client info successfully:
{
    "admin": {
        "email": "test_user_01@gmail.com",
        "password": "123456789"
    },
    "student": {
        "email": "test_user_07@gmail.com",
        "password": "123456789"
    },
    "teacher": {
        "email": "test_user_02@gmail.com",
        "password": "123456789"
    }
}
[INFO][2025-12-25 05:22:26][helpers.load_data:load_data:35] Loading data from '/home/user/apitestcapprj/data/request_body_template/role_request_body_template.json'.
[SUCCESS][2025-12-25 05:22:26][helpers.load_data:load_data:41] Complete loading data from '/home/user/apitestcapprj/data/request_body_template/role_request_body_template.json'.
[SUCCESS][2025-12-25 05:22:26][common.common_setup:<module>:28] Load role predata successfully:
{
    "predata": {
        "role_01": {
            "name": "API predata - role 01"
        }
    },
    "need_clear": [
        "API predata - role 01 - edited",
        "API csv - role 01"
    ]
}
[INFO][2025-12-25 05:22:26][helpers.load_data:load_data:35] Loading data from '/home/user/apitestcapprj/data/request_body_template/account_request_body_template.json'.
[SUCCESS][2025-12-25 05:22:26][helpers.load_data:load_data:41] Complete loading data from '/home/user/apitestcapprj/data/request_body_template/account_request_body_template.json'.
[SUCCESS][2025-12-25 05:22:26][common.common_setup:<module>:33] Load account predata successfully:
{
    "predata": {
        "admin_account_01": {
            "role_name": "{admin_role_name}",
            "full_name": "API predata - admin account 01",
            "date_of_birth": "{datetime(%Y-%m-%d,0)}",
            "gender": "nam",
            "address": "API predata - admin account 01 - address - {random_string(5)}",
            "email": "api_predata_admin_account_01@gmail.com",
            "phone_number": "1234567890",
            "password": "123456789",
            "confirmPassword": "123456789"
        }
    },
    "need_clear": [
        "API predata - admin account 01"
    ]
}
[INFO][2025-12-25 05:22:26][common.client:login:143] Login with role: admin, email: test_user_01@gmail.com and password: 123456789.
[SUCCESS][2025-12-25 05:22:27][common.client:login:154] Login successfully.
[INFO][2025-12-25 05:22:27][common.client:login:143] Login with role: student, email: test_user_07@gmail.com and password: 123456789.
[SUCCESS][2025-12-25 05:22:28][common.client:login:154] Login successfully.
[INFO][2025-12-25 05:22:28][common.client:login:143] Login with role: teacher, email: test_user_02@gmail.com and password: 123456789.
[SUCCESS][2025-12-25 05:22:29][common.client:login:154] Login successfully.
[INFO][2025-12-25 05:22:29][__main__:<module>:9] ================= Start testing ==================
[SUCCESS][2025-12-25 05:22:30][process_responses.account_process_response:clear_data:87] Complete clear data.
[SUCCESS][2025-12-25 05:22:30][process_responses.role_process_responses:get_all_roles:23] Get all roles successfully:
[
    {
        "_id": "69496b7d3a739f3bcffdeef7",
        "name": "admin",
        "created_on": "2025-12-22 23:02:05",
        "modified_on": "2025-12-22 23:02:05",
        "created_by": "data generation",
        "modified_by": "data generation"
    },
    {
        "_id": "69496b7d3a739f3bcffdeef8",
        "name": "teacher",
        "created_on": "2025-12-22 23:02:05",
        "modified_on": "2025-12-22 23:02:05",
        "created_by": "data generation",
        "modified_by": "data generation"
    },
    {
        "_id": "69496b7d3a739f3bcffdeef9",
        "name": "student",
        "created_on": "2025-12-22 23:02:05",
        "modified_on": "2025-12-22 23:02:05",
        "created_by": "data generation",
        "modified_by": "data generation"
    },
    {
        "_id": "694cc852d92216ca82f980b6",
        "name": "API predata - role 01",
        "__v": 0
    }
]
[SUCCESS][2025-12-25 05:22:31][process_responses.account_process_response:get_account_by_id:31] Get account by id successfully:
{
    "is_deleted": false,
    "messageFromSystem": [],
    "seenMessage": [],
    "_id": "69496b7e3a739f3bcffdeefa",
    "role_name": "admin",
    "full_name": "test_user_01",
    "date_of_birth": "2012-12-26T00:00:00.000Z",
    "gender": "N\u1eef",
    "address": "Nghe\u0323\u0302 An",
    "email": "test_user_01@gmail.com",
    "phone_number": "1767111009",
    "password": "$2b$10$MwR7xWmmGi9oN16IwVejY.7JWsaNAdnqID85Pt22BJsGX/x4uuRZy",
    "avatar": "https://encrypted-tbn0.gstatic.com/images?q=tbn:ANd9GcTNnNH0c03eYhzzID8_Y6mHwZYYGjXLfnreH7RyT9f9GVRtT0yR7vklbKx3As07G6DCGYY&usqp=CAU",
    "status": "active",
    "created_on": "2025-12-22 23:02:06",
    "modified_on": "2025-12-22 23:02:06",
    "created_by": "data generation",
    "modified_by": "data generation"
}
[SUCCESS][2025-12-25 05:22:33][process_responses.account_process_response:create_new_account_with_check:54] Create new account successfully:
{
    "role_name": "admin",
    "full_name": "API predata - admin account 01",
    "date_of_birth": "2025-12-25T00:00:00.000Z",
    "gender": "nam",
    "address": "API predata - admin account 01 - address - wGxnI",
    "email": "api_predata_admin_account_01@gmail.com",
    "phone_number": "1234567890",
    "password": "$2b$10$vNuHTNrMLvavu8glyh666eKVMXti6HQ7KCsjy7szPbQn5ugJvoOFK",
    "is_deleted": false,
    "messageFromSystem": [],
    "seenMessage": [],
    "_id": "694cca1823f4dac388a8db4b",
    "createdAt": "2025-12-25T05:22:32.774Z",
    "updatedAt": "2025-12-25T05:22:32.774Z",
    "__v": 0
}
[INFO][2025-12-25 05:22:33][case_setup.account_case_setup:account_case_setup:51] {
    "admin_role_name": "admin",
    "student_role_name": "student",
    "teacher_role_name": "student",
    "admin_role_id": "69496b7d3a739f3bcffdeef7",
    "student_role_id": "69496b7d3a739f3bcffdeef9",
    "admin_account_id": "69496b7e3a739f3bcffdeefa",
    "student_account_id": "694cb973322b96054111df4d",
    "account_01_id": "694cca1823f4dac388a8db4b",
    "account_01_name": "API predata - admin account 01"
}
[INFO][2025-12-25 05:22:33][common.client:logout:157] User: 'test_user_01@gmail.com', role: 'admin' logout.
[INFO][2025-12-25 05:22:33][common.client:logout:159] Logout info: 200, "User logged out successfully".
[INFO][2025-12-25 05:22:33][common.client:logout:157] User: 'test_user_07@gmail.com', role: 'student' logout.
[INFO][2025-12-25 05:22:33][common.client:logout:159] Logout info: 200, "User logged out successfully".
[INFO][2025-12-25 05:22:33][common.client:logout:157] User: 'test_user_02@gmail.com', role: 'teacher' logout.
[INFO][2025-12-25 05:22:34][common.client:logout:159] Logout info: 200, "User logged out successfully".
[SUCCESS][2025-12-25 05:22:34][__main__:<module>:41] ================== End testing ===================
[INFO][2025-12-25 05:22:38][common.common_setup:<module>:13] Base dir: /home/user/apitestcapprj
[INFO][2025-12-25 05:22:38][helpers.load_data:load_data:35] Loading data from '/home/user/apitestcapprj/configs/user_info.json'.
[SUCCESS][2025-12-25 05:22:38][helpers.load_data:load_data:41] Complete loading data from '/home/user/apitestcapprj/configs/user_info.json'.
[SUCCESS][2025-12-25 05:22:38][common.common_setup:<module>:22] Load client info successfully:
{
    "admin": {
        "email": "test_user_01@gmail.com",
        "password": "123456789"
    },
    "student": {
        "email": "test_user_07@gmail.com",
        "password": "123456789"
    },
    "teacher": {
        "email": "test_user_02@gmail.com",
        "password": "123456789"
    }
}
[INFO][2025-12-25 05:22:38][helpers.load_data:load_data:35] Loading data from '/home/user/apitestcapprj/data/request_body_template/role_request_body_template.json'.
[SUCCESS][2025-12-25 05:22:38][helpers.load_data:load_data:41] Complete loading data from '/home/user/apitestcapprj/data/request_body_template/role_request_body_template.json'.
[SUCCESS][2025-12-25 05:22:38][common.common_setup:<module>:28] Load role predata successfully:
{
    "predata": {
        "role_01": {
            "name": "API predata - role 01"
        }
    },
    "need_clear": [
        "API predata - role 01 - edited",
        "API csv - role 01"
    ]
}
[INFO][2025-12-25 05:22:38][helpers.load_data:load_data:35] Loading data from '/home/user/apitestcapprj/data/request_body_template/account_request_body_template.json'.
[SUCCESS][2025-12-25 05:22:38][helpers.load_data:load_data:41] Complete loading data from '/home/user/apitestcapprj/data/request_body_template/account_request_body_template.json'.
[SUCCESS][2025-12-25 05:22:38][common.common_setup:<module>:33] Load account predata successfully:
{
    "predata": {
        "admin_account_01": {
            "role_name": "{admin_role_name}",
            "full_name": "API predata - admin account 01",
            "date_of_birth": "{datetime(%Y-%m-%d,0)}",
            "gender": "nam",
            "address": "API predata - admin account 01 - address - {random_string(5)}",
            "email": "api_predata_admin_account_01@gmail.com",
            "phone_number": "1234567890",
            "password": "123456789",
            "confirmPassword": "123456789"
        }
    },
    "need_clear": [
        "API predata - admin account 01"
    ]
}
[INFO][2025-12-25 05:22:38][common.client:login:143] Login with role: admin, email: test_user_01@gmail.com and password: 123456789.
[SUCCESS][2025-12-25 05:22:39][common.client:login:154] Login successfully.
[INFO][2025-12-25 05:22:39][common.client:login:143] Login with role: student, email: test_user_07@gmail.com and password: 123456789.
[SUCCESS][2025-12-25 05:22:40][common.client:login:154] Login successfully.
[INFO][2025-12-25 05:22:40][common.client:login:143] Login with role: teacher, email: test_user_02@gmail.com and password: 123456789.
[SUCCESS][2025-12-25 05:22:40][common.client:login:154] Login successfully.
[INFO][2025-12-25 05:22:40][__main__:<module>:9] ================= Start testing ==================
[INFO][2025-12-25 05:22:41][process_responses.account_process_response:clear_data:84] Clear data: API predata - admin account 01
[INFO][2025-12-25 05:22:41][common.client:delete:132] https://datn-be-steel.vercel.app/api/accounts/694cca1823f4dac388a8db4b
[INFO][2025-12-25 05:25:33][common.common_setup:<module>:13] Base dir: /home/user/apitestcapprj
[INFO][2025-12-25 05:25:33][helpers.load_data:load_data:35] Loading data from '/home/user/apitestcapprj/configs/user_info.json'.
[SUCCESS][2025-12-25 05:25:33][helpers.load_data:load_data:41] Complete loading data from '/home/user/apitestcapprj/configs/user_info.json'.
[SUCCESS][2025-12-25 05:25:33][common.common_setup:<module>:22] Load client info successfully:
{
    "admin": {
        "email": "test_user_01@gmail.com",
        "password": "123456789"
    },
    "student": {
        "email": "test_user_07@gmail.com",
        "password": "123456789"
    },
    "teacher": {
        "email": "test_user_02@gmail.com",
        "password": "123456789"
    }
}
[INFO][2025-12-25 05:25:33][helpers.load_data:load_data:35] Loading data from '/home/user/apitestcapprj/data/request_body_template/role_request_body_template.json'.
[SUCCESS][2025-12-25 05:25:33][helpers.load_data:load_data:41] Complete loading data from '/home/user/apitestcapprj/data/request_body_template/role_request_body_template.json'.
[SUCCESS][2025-12-25 05:25:33][common.common_setup:<module>:28] Load role predata successfully:
{
    "predata": {
        "role_01": {
            "name": "API predata - role 01"
        }
    },
    "need_clear": [
        "API predata - role 01 - edited",
        "API csv - role 01"
    ]
}
[INFO][2025-12-25 05:25:33][helpers.load_data:load_data:35] Loading data from '/home/user/apitestcapprj/data/request_body_template/account_request_body_template.json'.
[SUCCESS][2025-12-25 05:25:33][helpers.load_data:load_data:41] Complete loading data from '/home/user/apitestcapprj/data/request_body_template/account_request_body_template.json'.
[SUCCESS][2025-12-25 05:25:33][common.common_setup:<module>:33] Load account predata successfully:
{
    "predata": {
        "admin_account_01": {
            "role_name": "{student_role_name}",
            "full_name": "API predata - admin account 01",
            "date_of_birth": "{datetime(%Y-%m-%d,0)}",
            "gender": "nam",
            "address": "API predata - admin account 01 - address - {random_string(5)}",
            "email": "api_predata_admin_account_01@gmail.com",
            "phone_number": "1234567890",
            "password": "123456789",
            "confirmPassword": "123456789"
        }
    },
    "need_clear": [
        "API predata - admin account 01"
    ]
}
[INFO][2025-12-25 05:25:33][common.client:login:143] Login with role: admin, email: test_user_01@gmail.com and password: 123456789.
[SUCCESS][2025-12-25 05:25:39][common.client:login:154] Login successfully.
[INFO][2025-12-25 05:25:39][common.client:login:143] Login with role: student, email: test_user_07@gmail.com and password: 123456789.
[SUCCESS][2025-12-25 05:25:40][common.client:login:154] Login successfully.
[INFO][2025-12-25 05:25:40][common.client:login:143] Login with role: teacher, email: test_user_02@gmail.com and password: 123456789.
[SUCCESS][2025-12-25 05:25:41][common.client:login:154] Login successfully.
[INFO][2025-12-25 05:25:41][__main__:<module>:9] ================= Start testing ==================
[SUCCESS][2025-12-25 05:25:42][process_responses.account_process_response:clear_data:87] Complete clear data.
[SUCCESS][2025-12-25 05:25:42][process_responses.role_process_responses:get_all_roles:23] Get all roles successfully:
[
    {
        "_id": "69496b7d3a739f3bcffdeef7",
        "name": "admin",
        "created_on": "2025-12-22 23:02:05",
        "modified_on": "2025-12-22 23:02:05",
        "created_by": "data generation",
        "modified_by": "data generation"
    },
    {
        "_id": "69496b7d3a739f3bcffdeef8",
        "name": "teacher",
        "created_on": "2025-12-22 23:02:05",
        "modified_on": "2025-12-22 23:02:05",
        "created_by": "data generation",
        "modified_by": "data generation"
    },
    {
        "_id": "69496b7d3a739f3bcffdeef9",
        "name": "student",
        "created_on": "2025-12-22 23:02:05",
        "modified_on": "2025-12-22 23:02:05",
        "created_by": "data generation",
        "modified_by": "data generation"
    },
    {
        "_id": "694cc852d92216ca82f980b6",
        "name": "API predata - role 01",
        "__v": 0
    }
]
[SUCCESS][2025-12-25 05:25:43][process_responses.account_process_response:get_account_by_id:31] Get account by id successfully:
{
    "is_deleted": false,
    "messageFromSystem": [],
    "seenMessage": [],
    "_id": "69496b7e3a739f3bcffdeefa",
    "role_name": "admin",
    "full_name": "test_user_01",
    "date_of_birth": "2012-12-26T00:00:00.000Z",
    "gender": "N\u1eef",
    "address": "Nghe\u0323\u0302 An",
    "email": "test_user_01@gmail.com",
    "phone_number": "1767111009",
    "password": "$2b$10$MwR7xWmmGi9oN16IwVejY.7JWsaNAdnqID85Pt22BJsGX/x4uuRZy",
    "avatar": "https://encrypted-tbn0.gstatic.com/images?q=tbn:ANd9GcTNnNH0c03eYhzzID8_Y6mHwZYYGjXLfnreH7RyT9f9GVRtT0yR7vklbKx3As07G6DCGYY&usqp=CAU",
    "status": "active",
    "created_on": "2025-12-22 23:02:06",
    "modified_on": "2025-12-22 23:02:06",
    "created_by": "data generation",
    "modified_by": "data generation"
}
[SUCCESS][2025-12-25 05:25:45][process_responses.account_process_response:create_new_account_with_check:54] Create new account successfully:
{
    "role_name": "student",
    "full_name": "API predata - admin account 01",
    "date_of_birth": "2025-12-25T00:00:00.000Z",
    "gender": "nam",
    "address": "API predata - admin account 01 - address - FYlXx",
    "email": "api_predata_admin_account_01@gmail.com",
    "phone_number": "1234567890",
    "password": "$2b$10$ui2oqxtAGaqaUxzTl5Hw7O4zN/BbDXlokpnkr1CrRTz1bNiKf1Z5i",
    "is_deleted": false,
    "messageFromSystem": [],
    "seenMessage": [],
    "_id": "694ccad84158eba523e4361e",
    "createdAt": "2025-12-25T05:25:44.941Z",
    "updatedAt": "2025-12-25T05:25:44.941Z",
    "__v": 0
}
[INFO][2025-12-25 05:25:45][case_setup.account_case_setup:account_case_setup:51] {
    "admin_role_name": "admin",
    "student_role_name": "student",
    "teacher_role_name": "student",
    "admin_role_id": "69496b7d3a739f3bcffdeef7",
    "student_role_id": "69496b7d3a739f3bcffdeef9",
    "admin_account_id": "69496b7e3a739f3bcffdeefa",
    "student_account_id": "694cb973322b96054111df4d",
    "account_01_id": "694ccad84158eba523e4361e",
    "account_01_name": "API predata - admin account 01"
}
[INFO][2025-12-25 05:25:45][common.client:logout:157] User: 'test_user_01@gmail.com', role: 'admin' logout.
[INFO][2025-12-25 05:25:45][common.client:logout:159] Logout info: 200, "User logged out successfully".
[INFO][2025-12-25 05:25:45][common.client:logout:157] User: 'test_user_07@gmail.com', role: 'student' logout.
[INFO][2025-12-25 05:25:46][common.client:logout:159] Logout info: 200, "User logged out successfully".
[INFO][2025-12-25 05:25:46][common.client:logout:157] User: 'test_user_02@gmail.com', role: 'teacher' logout.
[INFO][2025-12-25 05:25:46][common.client:logout:159] Logout info: 200, "User logged out successfully".
[SUCCESS][2025-12-25 05:25:46][__main__:<module>:41] ================== End testing ===================
[INFO][2025-12-25 05:25:59][common.common_setup:<module>:13] Base dir: /home/user/apitestcapprj
[INFO][2025-12-25 05:25:59][helpers.load_data:load_data:35] Loading data from '/home/user/apitestcapprj/configs/user_info.json'.
[SUCCESS][2025-12-25 05:25:59][helpers.load_data:load_data:41] Complete loading data from '/home/user/apitestcapprj/configs/user_info.json'.
[SUCCESS][2025-12-25 05:25:59][common.common_setup:<module>:22] Load client info successfully:
{
    "admin": {
        "email": "test_user_01@gmail.com",
        "password": "123456789"
    },
    "student": {
        "email": "test_user_07@gmail.com",
        "password": "123456789"
    },
    "teacher": {
        "email": "test_user_02@gmail.com",
        "password": "123456789"
    }
}
[INFO][2025-12-25 05:25:59][helpers.load_data:load_data:35] Loading data from '/home/user/apitestcapprj/data/request_body_template/role_request_body_template.json'.
[SUCCESS][2025-12-25 05:25:59][helpers.load_data:load_data:41] Complete loading data from '/home/user/apitestcapprj/data/request_body_template/role_request_body_template.json'.
[SUCCESS][2025-12-25 05:25:59][common.common_setup:<module>:28] Load role predata successfully:
{
    "predata": {
        "role_01": {
            "name": "API predata - role 01"
        }
    },
    "need_clear": [
        "API predata - role 01 - edited",
        "API csv - role 01"
    ]
}
[INFO][2025-12-25 05:25:59][helpers.load_data:load_data:35] Loading data from '/home/user/apitestcapprj/data/request_body_template/account_request_body_template.json'.
[SUCCESS][2025-12-25 05:25:59][helpers.load_data:load_data:41] Complete loading data from '/home/user/apitestcapprj/data/request_body_template/account_request_body_template.json'.
[SUCCESS][2025-12-25 05:25:59][common.common_setup:<module>:33] Load account predata successfully:
{
    "predata": {
        "admin_account_01": {
            "role_name": "{student_role_name}",
            "full_name": "API predata - admin account 01",
            "date_of_birth": "{datetime(%Y-%m-%d,0)}",
            "gender": "nam",
            "address": "API predata - admin account 01 - address - {random_string(5)}",
            "email": "api_predata_admin_account_01@gmail.com",
            "phone_number": "1234567890",
            "password": "123456789",
            "confirmPassword": "123456789"
        }
    },
    "need_clear": [
        "API predata - admin account 01"
    ]
}
[INFO][2025-12-25 05:25:59][common.client:login:143] Login with role: admin, email: test_user_01@gmail.com and password: 123456789.
[SUCCESS][2025-12-25 05:26:00][common.client:login:154] Login successfully.
[INFO][2025-12-25 05:26:00][common.client:login:143] Login with role: student, email: test_user_07@gmail.com and password: 123456789.
[SUCCESS][2025-12-25 05:26:01][common.client:login:154] Login successfully.
[INFO][2025-12-25 05:26:01][common.client:login:143] Login with role: teacher, email: test_user_02@gmail.com and password: 123456789.
[SUCCESS][2025-12-25 05:26:02][common.client:login:154] Login successfully.
[INFO][2025-12-25 05:26:02][__main__:<module>:9] ================= Start testing ==================
[INFO][2025-12-25 05:26:03][process_responses.account_process_response:clear_data:84] Clear data: API predata - admin account 01
[INFO][2025-12-25 05:26:03][common.client:delete:132] https://datn-be-steel.vercel.app/api/accounts/694ccad84158eba523e4361e
[INFO][2025-12-25 05:26:04][process_responses.account_process_response:delete_account:70] Delete account response: 200
[SUCCESS][2025-12-25 05:26:04][process_responses.account_process_response:clear_data:87] Complete clear data.
[SUCCESS][2025-12-25 05:26:04][process_responses.role_process_responses:get_all_roles:23] Get all roles successfully:
[
    {
        "_id": "69496b7d3a739f3bcffdeef7",
        "name": "admin",
        "created_on": "2025-12-22 23:02:05",
        "modified_on": "2025-12-22 23:02:05",
        "created_by": "data generation",
        "modified_by": "data generation"
    },
    {
        "_id": "69496b7d3a739f3bcffdeef8",
        "name": "teacher",
        "created_on": "2025-12-22 23:02:05",
        "modified_on": "2025-12-22 23:02:05",
        "created_by": "data generation",
        "modified_by": "data generation"
    },
    {
        "_id": "69496b7d3a739f3bcffdeef9",
        "name": "student",
        "created_on": "2025-12-22 23:02:05",
        "modified_on": "2025-12-22 23:02:05",
        "created_by": "data generation",
        "modified_by": "data generation"
    },
    {
        "_id": "694cc852d92216ca82f980b6",
        "name": "API predata - role 01",
        "__v": 0
    }
]
[SUCCESS][2025-12-25 05:26:06][process_responses.account_process_response:get_account_by_id:31] Get account by id successfully:
{
    "is_deleted": false,
    "messageFromSystem": [],
    "seenMessage": [],
    "_id": "69496b7e3a739f3bcffdeefa",
    "role_name": "admin",
    "full_name": "test_user_01",
    "date_of_birth": "2012-12-26T00:00:00.000Z",
    "gender": "N\u1eef",
    "address": "Nghe\u0323\u0302 An",
    "email": "test_user_01@gmail.com",
    "phone_number": "1767111009",
    "password": "$2b$10$MwR7xWmmGi9oN16IwVejY.7JWsaNAdnqID85Pt22BJsGX/x4uuRZy",
    "avatar": "https://encrypted-tbn0.gstatic.com/images?q=tbn:ANd9GcTNnNH0c03eYhzzID8_Y6mHwZYYGjXLfnreH7RyT9f9GVRtT0yR7vklbKx3As07G6DCGYY&usqp=CAU",
    "status": "active",
    "created_on": "2025-12-22 23:02:06",
    "modified_on": "2025-12-22 23:02:06",
    "created_by": "data generation",
    "modified_by": "data generation"
}
[SUCCESS][2025-12-25 05:26:07][process_responses.account_process_response:create_new_account_with_check:54] Create new account successfully:
{
    "role_name": "student",
    "full_name": "API predata - admin account 01",
    "date_of_birth": "2025-12-25T00:00:00.000Z",
    "gender": "nam",
    "address": "API predata - admin account 01 - address - CSuXB",
    "email": "api_predata_admin_account_01@gmail.com",
    "phone_number": "1234567890",
    "password": "$2b$10$RHatU1/r5i/1GLZMYHeX5uAe7E8XygFvg/9Qk.iyoUaAmt0cx36he",
    "is_deleted": false,
    "messageFromSystem": [],
    "seenMessage": [],
    "_id": "694ccaef4158eba523e4362e",
    "createdAt": "2025-12-25T05:26:07.070Z",
    "updatedAt": "2025-12-25T05:26:07.070Z",
    "__v": 0
}
[INFO][2025-12-25 05:26:07][case_setup.account_case_setup:account_case_setup:51] {
    "admin_role_name": "admin",
    "student_role_name": "student",
    "teacher_role_name": "student",
    "admin_role_id": "69496b7d3a739f3bcffdeef7",
    "student_role_id": "69496b7d3a739f3bcffdeef9",
    "admin_account_id": "69496b7e3a739f3bcffdeefa",
    "student_account_id": "694cb973322b96054111df4d",
    "account_01_id": "694ccaef4158eba523e4362e",
    "account_01_name": "API predata - admin account 01"
}
[INFO][2025-12-25 05:26:07][common.client:logout:157] User: 'test_user_01@gmail.com', role: 'admin' logout.
[INFO][2025-12-25 05:26:07][common.client:logout:159] Logout info: 200, "User logged out successfully".
[INFO][2025-12-25 05:26:07][common.client:logout:157] User: 'test_user_07@gmail.com', role: 'student' logout.
[INFO][2025-12-25 05:26:08][common.client:logout:159] Logout info: 200, "User logged out successfully".
[INFO][2025-12-25 05:26:08][common.client:logout:157] User: 'test_user_02@gmail.com', role: 'teacher' logout.
[INFO][2025-12-25 05:26:08][common.client:logout:159] Logout info: 200, "User logged out successfully".
[SUCCESS][2025-12-25 05:26:08][__main__:<module>:41] ================== End testing ===================
[INFO][2025-12-25 05:27:18][common.common_setup:<module>:13] Base dir: /home/user/apitestcapprj
[INFO][2025-12-25 05:27:18][helpers.load_data:load_data:35] Loading data from '/home/user/apitestcapprj/configs/user_info.json'.
[SUCCESS][2025-12-25 05:27:18][helpers.load_data:load_data:41] Complete loading data from '/home/user/apitestcapprj/configs/user_info.json'.
[SUCCESS][2025-12-25 05:27:18][common.common_setup:<module>:22] Load client info successfully:
{
    "admin": {
        "email": "test_user_01@gmail.com",
        "password": "123456789"
    },
    "student": {
        "email": "test_user_07@gmail.com",
        "password": "123456789"
    },
    "teacher": {
        "email": "test_user_02@gmail.com",
        "password": "123456789"
    }
}
[INFO][2025-12-25 05:27:18][helpers.load_data:load_data:35] Loading data from '/home/user/apitestcapprj/data/request_body_template/role_request_body_template.json'.
[SUCCESS][2025-12-25 05:27:18][helpers.load_data:load_data:41] Complete loading data from '/home/user/apitestcapprj/data/request_body_template/role_request_body_template.json'.
[SUCCESS][2025-12-25 05:27:18][common.common_setup:<module>:28] Load role predata successfully:
{
    "predata": {
        "role_01": {
            "name": "API predata - role 01"
        }
    },
    "need_clear": [
        "API predata - role 01 - edited",
        "API csv - role 01"
    ]
}
[INFO][2025-12-25 05:27:18][helpers.load_data:load_data:35] Loading data from '/home/user/apitestcapprj/data/request_body_template/account_request_body_template.json'.
[SUCCESS][2025-12-25 05:27:18][helpers.load_data:load_data:41] Complete loading data from '/home/user/apitestcapprj/data/request_body_template/account_request_body_template.json'.
[SUCCESS][2025-12-25 05:27:18][common.common_setup:<module>:33] Load account predata successfully:
{
    "predata": {
        "account_01": {
            "role_name": "{student_role_name}",
            "full_name": "API predata - student account 01",
            "date_of_birth": "{datetime(%Y-%m-%d,0)}",
            "gender": "nam",
            "address": "API predata - student account 01 - address - {random_string(5)}",
            "email": "api_predata_admin_account_01@gmail.com",
            "phone_number": "1234567890",
            "password": "123456789",
            "confirmPassword": "123456789"
        }
    },
    "need_clear": [
        "API predata - student account 01"
    ]
}
[INFO][2025-12-25 05:27:18][common.client:login:143] Login with role: admin, email: test_user_01@gmail.com and password: 123456789.
[SUCCESS][2025-12-25 05:27:25][common.client:login:154] Login successfully.
[INFO][2025-12-25 05:27:25][common.client:login:143] Login with role: student, email: test_user_07@gmail.com and password: 123456789.
[SUCCESS][2025-12-25 05:27:25][common.client:login:154] Login successfully.
[INFO][2025-12-25 05:27:26][common.client:login:143] Login with role: teacher, email: test_user_02@gmail.com and password: 123456789.
[SUCCESS][2025-12-25 05:27:27][common.client:login:154] Login successfully.
[INFO][2025-12-25 05:27:27][__main__:<module>:9] ================= Start testing ==================
[SUCCESS][2025-12-25 05:27:27][process_responses.account_process_response:clear_data:87] Complete clear data.
[SUCCESS][2025-12-25 05:27:28][process_responses.role_process_responses:get_all_roles:23] Get all roles successfully:
[
    {
        "_id": "69496b7d3a739f3bcffdeef7",
        "name": "admin",
        "created_on": "2025-12-22 23:02:05",
        "modified_on": "2025-12-22 23:02:05",
        "created_by": "data generation",
        "modified_by": "data generation"
    },
    {
        "_id": "69496b7d3a739f3bcffdeef8",
        "name": "teacher",
        "created_on": "2025-12-22 23:02:05",
        "modified_on": "2025-12-22 23:02:05",
        "created_by": "data generation",
        "modified_by": "data generation"
    },
    {
        "_id": "69496b7d3a739f3bcffdeef9",
        "name": "student",
        "created_on": "2025-12-22 23:02:05",
        "modified_on": "2025-12-22 23:02:05",
        "created_by": "data generation",
        "modified_by": "data generation"
    },
    {
        "_id": "694cc852d92216ca82f980b6",
        "name": "API predata - role 01",
        "__v": 0
    }
]
[SUCCESS][2025-12-25 05:27:29][process_responses.account_process_response:get_account_by_id:31] Get account by id successfully:
{
    "is_deleted": false,
    "messageFromSystem": [],
    "seenMessage": [],
    "_id": "69496b7e3a739f3bcffdeefa",
    "role_name": "admin",
    "full_name": "test_user_01",
    "date_of_birth": "2012-12-26T00:00:00.000Z",
    "gender": "N\u1eef",
    "address": "Nghe\u0323\u0302 An",
    "email": "test_user_01@gmail.com",
    "phone_number": "1767111009",
    "password": "$2b$10$MwR7xWmmGi9oN16IwVejY.7JWsaNAdnqID85Pt22BJsGX/x4uuRZy",
    "avatar": "https://encrypted-tbn0.gstatic.com/images?q=tbn:ANd9GcTNnNH0c03eYhzzID8_Y6mHwZYYGjXLfnreH7RyT9f9GVRtT0yR7vklbKx3As07G6DCGYY&usqp=CAU",
    "status": "active",
    "created_on": "2025-12-22 23:02:06",
    "modified_on": "2025-12-22 23:02:06",
    "created_by": "data generation",
    "modified_by": "data generation"
}
[WARNING][2025-12-25 05:27:30][process_responses.account_process_response:create_new_account_with_check:43] Account 'api_predata_admin_account_01@gmail.com' already exists.
[INFO][2025-12-25 05:27:30][case_setup.account_case_setup:account_case_setup:51] {
    "admin_role_name": "admin",
    "student_role_name": "student",
    "teacher_role_name": "student",
    "admin_role_id": "69496b7d3a739f3bcffdeef7",
    "student_role_id": "69496b7d3a739f3bcffdeef9",
    "admin_account_id": "69496b7e3a739f3bcffdeefa",
    "student_account_id": "694ccaef4158eba523e4362e",
    "account_01_id": "694ccaef4158eba523e4362e",
    "account_01_name": "API predata - admin account 01"
}
[INFO][2025-12-25 05:27:30][common.client:logout:157] User: 'test_user_01@gmail.com', role: 'admin' logout.
[INFO][2025-12-25 05:27:30][common.client:logout:159] Logout info: 200, "User logged out successfully".
[INFO][2025-12-25 05:27:30][common.client:logout:157] User: 'test_user_07@gmail.com', role: 'student' logout.
[INFO][2025-12-25 05:27:31][common.client:logout:159] Logout info: 200, "User logged out successfully".
[INFO][2025-12-25 05:27:31][common.client:logout:157] User: 'test_user_02@gmail.com', role: 'teacher' logout.
[INFO][2025-12-25 05:27:31][common.client:logout:159] Logout info: 200, "User logged out successfully".
[SUCCESS][2025-12-25 05:27:31][__main__:<module>:41] ================== End testing ===================
[INFO][2025-12-25 05:28:48][common.common_setup:<module>:13] Base dir: /home/user/apitestcapprj
[INFO][2025-12-25 05:28:48][helpers.load_data:load_data:35] Loading data from '/home/user/apitestcapprj/configs/user_info.json'.
[SUCCESS][2025-12-25 05:28:48][helpers.load_data:load_data:41] Complete loading data from '/home/user/apitestcapprj/configs/user_info.json'.
[SUCCESS][2025-12-25 05:28:48][common.common_setup:<module>:22] Load client info successfully:
{
    "admin": {
        "email": "test_user_01@gmail.com",
        "password": "123456789"
    },
    "student": {
        "email": "test_user_07@gmail.com",
        "password": "123456789"
    },
    "teacher": {
        "email": "test_user_02@gmail.com",
        "password": "123456789"
    }
}
[INFO][2025-12-25 05:28:48][helpers.load_data:load_data:35] Loading data from '/home/user/apitestcapprj/data/request_body_template/role_request_body_template.json'.
[SUCCESS][2025-12-25 05:28:48][helpers.load_data:load_data:41] Complete loading data from '/home/user/apitestcapprj/data/request_body_template/role_request_body_template.json'.
[SUCCESS][2025-12-25 05:28:48][common.common_setup:<module>:28] Load role predata successfully:
{
    "predata": {
        "role_01": {
            "name": "API predata - role 01"
        }
    },
    "need_clear": [
        "API predata - role 01 - edited",
        "API csv - role 01"
    ]
}
[INFO][2025-12-25 05:28:48][helpers.load_data:load_data:35] Loading data from '/home/user/apitestcapprj/data/request_body_template/account_request_body_template.json'.
[SUCCESS][2025-12-25 05:28:48][helpers.load_data:load_data:41] Complete loading data from '/home/user/apitestcapprj/data/request_body_template/account_request_body_template.json'.
[SUCCESS][2025-12-25 05:28:48][common.common_setup:<module>:33] Load account predata successfully:
{
    "predata": {
        "account_01": {
            "role_name": "{student_role_name}",
            "full_name": "API predata - student account 01",
            "date_of_birth": "{datetime(%Y-%m-%d,0)}",
            "gender": "nam",
            "address": "API predata - student account 01 - address - {random_string(5)}",
            "email": "api_predata_admin_account_01@gmail.com",
            "phone_number": "1234567890",
            "password": "123456789",
            "confirmPassword": "123456789"
        }
    },
    "need_clear": [
        "API predata - student account 01",
        "API predata - admin account 01"
    ]
}
[INFO][2025-12-25 05:28:48][common.client:login:143] Login with role: admin, email: test_user_01@gmail.com and password: 123456789.
[SUCCESS][2025-12-25 05:28:49][common.client:login:154] Login successfully.
[INFO][2025-12-25 05:28:49][common.client:login:143] Login with role: student, email: test_user_07@gmail.com and password: 123456789.
[SUCCESS][2025-12-25 05:28:50][common.client:login:154] Login successfully.
[INFO][2025-12-25 05:28:50][common.client:login:143] Login with role: teacher, email: test_user_02@gmail.com and password: 123456789.
[SUCCESS][2025-12-25 05:28:51][common.client:login:154] Login successfully.
[INFO][2025-12-25 05:28:51][__main__:<module>:9] ================= Start testing ==================
[INFO][2025-12-25 05:28:51][process_responses.account_process_response:clear_data:84] Clear data: API predata - admin account 01
[INFO][2025-12-25 05:28:51][common.client:delete:132] https://datn-be-steel.vercel.app/api/accounts/694ccaef4158eba523e4362e
[INFO][2025-12-25 05:28:53][process_responses.account_process_response:delete_account:70] Delete account response: 200
[SUCCESS][2025-12-25 05:28:53][process_responses.account_process_response:clear_data:87] Complete clear data.
[SUCCESS][2025-12-25 05:28:53][process_responses.role_process_responses:get_all_roles:23] Get all roles successfully:
[
    {
        "_id": "69496b7d3a739f3bcffdeef7",
        "name": "admin",
        "created_on": "2025-12-22 23:02:05",
        "modified_on": "2025-12-22 23:02:05",
        "created_by": "data generation",
        "modified_by": "data generation"
    },
    {
        "_id": "69496b7d3a739f3bcffdeef8",
        "name": "teacher",
        "created_on": "2025-12-22 23:02:05",
        "modified_on": "2025-12-22 23:02:05",
        "created_by": "data generation",
        "modified_by": "data generation"
    },
    {
        "_id": "69496b7d3a739f3bcffdeef9",
        "name": "student",
        "created_on": "2025-12-22 23:02:05",
        "modified_on": "2025-12-22 23:02:05",
        "created_by": "data generation",
        "modified_by": "data generation"
    },
    {
        "_id": "694cc852d92216ca82f980b6",
        "name": "API predata - role 01",
        "__v": 0
    }
]
[SUCCESS][2025-12-25 05:28:54][process_responses.account_process_response:get_account_by_id:31] Get account by id successfully:
{
    "is_deleted": false,
    "messageFromSystem": [],
    "seenMessage": [],
    "_id": "69496b7e3a739f3bcffdeefa",
    "role_name": "admin",
    "full_name": "test_user_01",
    "date_of_birth": "2012-12-26T00:00:00.000Z",
    "gender": "N\u1eef",
    "address": "Nghe\u0323\u0302 An",
    "email": "test_user_01@gmail.com",
    "phone_number": "1767111009",
    "password": "$2b$10$MwR7xWmmGi9oN16IwVejY.7JWsaNAdnqID85Pt22BJsGX/x4uuRZy",
    "avatar": "https://encrypted-tbn0.gstatic.com/images?q=tbn:ANd9GcTNnNH0c03eYhzzID8_Y6mHwZYYGjXLfnreH7RyT9f9GVRtT0yR7vklbKx3As07G6DCGYY&usqp=CAU",
    "status": "active",
    "created_on": "2025-12-22 23:02:06",
    "modified_on": "2025-12-22 23:02:06",
    "created_by": "data generation",
    "modified_by": "data generation"
}
[SUCCESS][2025-12-25 05:28:56][process_responses.account_process_response:create_new_account_with_check:54] Create new account successfully:
{
    "role_name": "student",
    "full_name": "API predata - student account 01",
    "date_of_birth": "2025-12-25T00:00:00.000Z",
    "gender": "nam",
    "address": "API predata - student account 01 - address - KzNJQ",
    "email": "api_predata_admin_account_01@gmail.com",
    "phone_number": "1234567890",
    "password": "$2b$10$HQDeHg6uUUVTlwfwXUUfQOkQyBI/GY/JOWRxDq9NfnNaO3V3AvllK",
    "is_deleted": false,
    "messageFromSystem": [],
    "seenMessage": [],
    "_id": "694ccb973a61b2331a08d8d7",
    "createdAt": "2025-12-25T05:28:55.886Z",
    "updatedAt": "2025-12-25T05:28:55.886Z",
    "__v": 0
}
[INFO][2025-12-25 05:28:56][case_setup.account_case_setup:account_case_setup:51] {
    "admin_role_name": "admin",
    "student_role_name": "student",
    "teacher_role_name": "student",
    "admin_role_id": "69496b7d3a739f3bcffdeef7",
    "student_role_id": "69496b7d3a739f3bcffdeef9",
    "admin_account_id": "69496b7e3a739f3bcffdeefa",
    "student_account_id": "694cb973322b96054111df4d",
    "account_01_id": "694ccb973a61b2331a08d8d7",
    "account_01_name": "API predata - student account 01"
}
[INFO][2025-12-25 05:28:56][common.client:logout:157] User: 'test_user_01@gmail.com', role: 'admin' logout.
[INFO][2025-12-25 05:28:56][common.client:logout:159] Logout info: 200, "User logged out successfully".
[INFO][2025-12-25 05:28:56][common.client:logout:157] User: 'test_user_07@gmail.com', role: 'student' logout.
[INFO][2025-12-25 05:28:56][common.client:logout:159] Logout info: 200, "User logged out successfully".
[INFO][2025-12-25 05:28:56][common.client:logout:157] User: 'test_user_02@gmail.com', role: 'teacher' logout.
[INFO][2025-12-25 05:28:57][common.client:logout:159] Logout info: 200, "User logged out successfully".
[SUCCESS][2025-12-25 05:28:57][__main__:<module>:41] ================== End testing ===================
[INFO][2025-12-25 05:29:05][common.common_setup:<module>:13] Base dir: /home/user/apitestcapprj
[INFO][2025-12-25 05:29:05][helpers.load_data:load_data:35] Loading data from '/home/user/apitestcapprj/configs/user_info.json'.
[SUCCESS][2025-12-25 05:29:05][helpers.load_data:load_data:41] Complete loading data from '/home/user/apitestcapprj/configs/user_info.json'.
[SUCCESS][2025-12-25 05:29:05][common.common_setup:<module>:22] Load client info successfully:
{
    "admin": {
        "email": "test_user_01@gmail.com",
        "password": "123456789"
    },
    "student": {
        "email": "test_user_07@gmail.com",
        "password": "123456789"
    },
    "teacher": {
        "email": "test_user_02@gmail.com",
        "password": "123456789"
    }
}
[INFO][2025-12-25 05:29:05][helpers.load_data:load_data:35] Loading data from '/home/user/apitestcapprj/data/request_body_template/role_request_body_template.json'.
[SUCCESS][2025-12-25 05:29:05][helpers.load_data:load_data:41] Complete loading data from '/home/user/apitestcapprj/data/request_body_template/role_request_body_template.json'.
[SUCCESS][2025-12-25 05:29:05][common.common_setup:<module>:28] Load role predata successfully:
{
    "predata": {
        "role_01": {
            "name": "API predata - role 01"
        }
    },
    "need_clear": [
        "API predata - role 01 - edited",
        "API csv - role 01"
    ]
}
[INFO][2025-12-25 05:29:05][helpers.load_data:load_data:35] Loading data from '/home/user/apitestcapprj/data/request_body_template/account_request_body_template.json'.
[SUCCESS][2025-12-25 05:29:05][helpers.load_data:load_data:41] Complete loading data from '/home/user/apitestcapprj/data/request_body_template/account_request_body_template.json'.
[SUCCESS][2025-12-25 05:29:05][common.common_setup:<module>:33] Load account predata successfully:
{
    "predata": {
        "account_01": {
            "role_name": "{student_role_name}",
            "full_name": "API predata - student account 01",
            "date_of_birth": "{datetime(%Y-%m-%d,0)}",
            "gender": "nam",
            "address": "API predata - student account 01 - address - {random_string(5)}",
            "email": "api_predata_admin_account_01@gmail.com",
            "phone_number": "1234567890",
            "password": "123456789",
            "confirmPassword": "123456789"
        }
    },
    "need_clear": [
        "API predata - student account 01",
        "API predata - admin account 01"
    ]
}
[INFO][2025-12-25 05:29:05][common.client:login:143] Login with role: admin, email: test_user_01@gmail.com and password: 123456789.
[SUCCESS][2025-12-25 05:29:06][common.client:login:154] Login successfully.
[INFO][2025-12-25 05:29:06][common.client:login:143] Login with role: student, email: test_user_07@gmail.com and password: 123456789.
[SUCCESS][2025-12-25 05:29:07][common.client:login:154] Login successfully.
[INFO][2025-12-25 05:29:07][common.client:login:143] Login with role: teacher, email: test_user_02@gmail.com and password: 123456789.
[SUCCESS][2025-12-25 05:29:08][common.client:login:154] Login successfully.
[INFO][2025-12-25 05:29:08][__main__:<module>:9] ================= Start testing ==================
[INFO][2025-12-25 05:29:08][process_responses.account_process_response:clear_data:84] Clear data: API predata - student account 01
[INFO][2025-12-25 05:29:08][common.client:delete:132] https://datn-be-steel.vercel.app/api/accounts/694ccb973a61b2331a08d8d7
[INFO][2025-12-25 05:29:10][process_responses.account_process_response:delete_account:70] Delete account response: 200
[SUCCESS][2025-12-25 05:29:10][process_responses.account_process_response:clear_data:87] Complete clear data.
[SUCCESS][2025-12-25 05:29:10][process_responses.role_process_responses:get_all_roles:23] Get all roles successfully:
[
    {
        "_id": "69496b7d3a739f3bcffdeef7",
        "name": "admin",
        "created_on": "2025-12-22 23:02:05",
        "modified_on": "2025-12-22 23:02:05",
        "created_by": "data generation",
        "modified_by": "data generation"
    },
    {
        "_id": "69496b7d3a739f3bcffdeef8",
        "name": "teacher",
        "created_on": "2025-12-22 23:02:05",
        "modified_on": "2025-12-22 23:02:05",
        "created_by": "data generation",
        "modified_by": "data generation"
    },
    {
        "_id": "69496b7d3a739f3bcffdeef9",
        "name": "student",
        "created_on": "2025-12-22 23:02:05",
        "modified_on": "2025-12-22 23:02:05",
        "created_by": "data generation",
        "modified_by": "data generation"
    },
    {
        "_id": "694cc852d92216ca82f980b6",
        "name": "API predata - role 01",
        "__v": 0
    }
]
[SUCCESS][2025-12-25 05:29:11][process_responses.account_process_response:get_account_by_id:31] Get account by id successfully:
{
    "is_deleted": false,
    "messageFromSystem": [],
    "seenMessage": [],
    "_id": "69496b7e3a739f3bcffdeefa",
    "role_name": "admin",
    "full_name": "test_user_01",
    "date_of_birth": "2012-12-26T00:00:00.000Z",
    "gender": "N\u1eef",
    "address": "Nghe\u0323\u0302 An",
    "email": "test_user_01@gmail.com",
    "phone_number": "1767111009",
    "password": "$2b$10$MwR7xWmmGi9oN16IwVejY.7JWsaNAdnqID85Pt22BJsGX/x4uuRZy",
    "avatar": "https://encrypted-tbn0.gstatic.com/images?q=tbn:ANd9GcTNnNH0c03eYhzzID8_Y6mHwZYYGjXLfnreH7RyT9f9GVRtT0yR7vklbKx3As07G6DCGYY&usqp=CAU",
    "status": "active",
    "created_on": "2025-12-22 23:02:06",
    "modified_on": "2025-12-22 23:02:06",
    "created_by": "data generation",
    "modified_by": "data generation"
}
[SUCCESS][2025-12-25 05:29:13][process_responses.account_process_response:create_new_account_with_check:54] Create new account successfully:
{
    "role_name": "student",
    "full_name": "API predata - student account 01",
    "date_of_birth": "2025-12-25T00:00:00.000Z",
    "gender": "nam",
    "address": "API predata - student account 01 - address - sxxFO",
    "email": "api_predata_admin_account_01@gmail.com",
    "phone_number": "1234567890",
    "password": "$2b$10$fjzC.iYQCL1wOsOm7vUsa.5XIvDT7z10nhna5HchbRnSD92qnjUbS",
    "is_deleted": false,
    "messageFromSystem": [],
    "seenMessage": [],
    "_id": "694ccba83a61b2331a08d8e7",
    "createdAt": "2025-12-25T05:29:12.841Z",
    "updatedAt": "2025-12-25T05:29:12.841Z",
    "__v": 0
}
[INFO][2025-12-25 05:29:13][case_setup.account_case_setup:account_case_setup:51] {
    "admin_role_name": "admin",
    "student_role_name": "student",
    "teacher_role_name": "student",
    "admin_role_id": "69496b7d3a739f3bcffdeef7",
    "student_role_id": "69496b7d3a739f3bcffdeef9",
    "admin_account_id": "69496b7e3a739f3bcffdeefa",
    "student_account_id": "694cb973322b96054111df4d",
    "account_01_id": "694ccba83a61b2331a08d8e7",
    "account_01_name": "API predata - student account 01"
}
[INFO][2025-12-25 05:29:13][common.client:logout:157] User: 'test_user_01@gmail.com', role: 'admin' logout.
[INFO][2025-12-25 05:29:13][common.client:logout:159] Logout info: 200, "User logged out successfully".
[INFO][2025-12-25 05:29:13][common.client:logout:157] User: 'test_user_07@gmail.com', role: 'student' logout.
[INFO][2025-12-25 05:29:13][common.client:logout:159] Logout info: 200, "User logged out successfully".
[INFO][2025-12-25 05:29:13][common.client:logout:157] User: 'test_user_02@gmail.com', role: 'teacher' logout.
[INFO][2025-12-25 05:29:14][common.client:logout:159] Logout info: 200, "User logged out successfully".
[SUCCESS][2025-12-25 05:29:14][__main__:<module>:41] ================== End testing ===================
[INFO][2025-12-25 07:54:28][common.common_setup:<module>:13] Base dir: /home/user/apitestcapprj
[INFO][2025-12-25 07:54:28][helpers.load_data:load_data:35] Loading data from '/home/user/apitestcapprj/configs/user_info.json'.
[SUCCESS][2025-12-25 07:54:28][helpers.load_data:load_data:41] Complete loading data from '/home/user/apitestcapprj/configs/user_info.json'.
[SUCCESS][2025-12-25 07:54:28][common.common_setup:<module>:22] Load client info successfully:
{
    "admin": {
        "email": "test_user_01@gmail.com",
        "password": "123456789"
    },
    "student": {
        "email": "test_user_07@gmail.com",
        "password": "123456789"
    },
    "teacher": {
        "email": "test_user_02@gmail.com",
        "password": "123456789"
    }
}
[INFO][2025-12-25 07:54:28][helpers.load_data:load_data:35] Loading data from '/home/user/apitestcapprj/data/request_body_template/role_request_body_template.json'.
[SUCCESS][2025-12-25 07:54:28][helpers.load_data:load_data:41] Complete loading data from '/home/user/apitestcapprj/data/request_body_template/role_request_body_template.json'.
[SUCCESS][2025-12-25 07:54:28][common.common_setup:<module>:28] Load role predata successfully:
{
    "predata": {
        "role_01": {
            "name": "API predata - role 01"
        }
    },
    "need_clear": [
        "API predata - role 01 - edited",
        "API csv - role 01"
    ]
}
[INFO][2025-12-25 07:54:28][helpers.load_data:load_data:35] Loading data from '/home/user/apitestcapprj/data/request_body_template/account_request_body_template.json'.
[SUCCESS][2025-12-25 07:54:28][helpers.load_data:load_data:41] Complete loading data from '/home/user/apitestcapprj/data/request_body_template/account_request_body_template.json'.
[SUCCESS][2025-12-25 07:54:28][common.common_setup:<module>:33] Load account predata successfully:
{
    "predata": {
        "account_01": {
            "role_name": "{student_role_name}",
            "full_name": "API predata - student account 01",
            "date_of_birth": "{datetime(%Y-%m-%d,0)}",
            "gender": "nam",
            "address": "API predata - student account 01 - address - {random_string(5)}",
            "email": "api_predata_admin_account_01@gmail.com",
            "phone_number": "1234567890",
            "password": "123456789",
            "confirmPassword": "123456789"
        }
    },
    "need_clear": [
        "API predata - student account 01"
    ]
}
[INFO][2025-12-25 07:54:28][common.client:login:143] Login with role: admin, email: test_user_01@gmail.com and password: 123456789.
[SUCCESS][2025-12-25 07:54:34][common.client:login:154] Login successfully.
[INFO][2025-12-25 07:54:34][common.client:login:143] Login with role: student, email: test_user_07@gmail.com and password: 123456789.
[SUCCESS][2025-12-25 07:54:35][common.client:login:154] Login successfully.
[INFO][2025-12-25 07:54:35][common.client:login:143] Login with role: teacher, email: test_user_02@gmail.com and password: 123456789.
[SUCCESS][2025-12-25 07:54:36][common.client:login:154] Login successfully.
[INFO][2025-12-25 07:54:36][__main__:<module>:9] ================= Start testing ==================
[ERROR][2025-12-25 07:54:36][__main__:<module>:14] An error has been caught in function '<module>', process 'MainProcess' (81750), thread 'MainThread' (138257503393600):
Traceback (most recent call last):

> File "/home/user/apitestcapprj/main.py", line 14, in <module>
    role_pre_data: Dict = role_case_setup()
                          └ <function role_case_setup at 0x7dbe7a681f80>

  File "/home/user/apitestcapprj/helpers/logger_wrapper.py", line 14, in wrap
    return func(*args, **kwargs)
           │     │       └ {}
           │     └ ()
           └ <function role_case_setup at 0x7dbe7a681ee0>

  File "/home/user/apitestcapprj/case_setup/role_case_setup.py", line 16, in role_case_setup
    admin.RoleProcessResponse.clear_data(need_clear_data_info)
    │     │                   │          └ ['API predata - role 01 - edited', 'API csv - role 01']
    │     │                   └ <function RoleProcessResponse.clear_data at 0x7dbe7a6800e0>
    │     └ <process_responses.role_process_responses.RoleProcessResponse object at 0x7dbe80013890>
    └ <common.user.User object at 0x7dbe7cd3f9d0>

  File "/home/user/apitestcapprj/process_responses/role_process_responses.py", line 32, in clear_data
    return super().clear(need_clear_data=data, id_key="name")
                                         └ ['API predata - role 01 - edited', 'API csv - role 01']

  File "/home/user/apitestcapprj/common/base_response.py", line 86, in clear
    current_data: List = self.get_all()
                         │    └ <function BaseService.get_all at 0x7dbe7a64ba60>
                         └ <process_responses.role_process_responses.RoleProcessResponse object at 0x7dbe80013890>

  File "/home/user/apitestcapprj/common/base_response.py", line 15, in get_all
    res: Response = self._api.get_all()
                    │    └ <apis.role_apis.RoleAPI object at 0x7dbe7a654a90>
                    └ <process_responses.role_process_responses.RoleProcessResponse object at 0x7dbe80013890>

AttributeError: 'RoleAPI' object has no attribute 'get_all'
[INFO][2025-12-25 07:54:36][common.client:logout:157] User: 'test_user_01@gmail.com', role: 'admin' logout.
[INFO][2025-12-25 07:54:36][common.client:logout:159] Logout info: 200, "User logged out successfully".
[INFO][2025-12-25 07:54:36][common.client:logout:157] User: 'test_user_07@gmail.com', role: 'student' logout.
[INFO][2025-12-25 07:54:37][common.client:logout:159] Logout info: 200, "User logged out successfully".
[INFO][2025-12-25 07:54:37][common.client:logout:157] User: 'test_user_02@gmail.com', role: 'teacher' logout.
[INFO][2025-12-25 07:54:37][common.client:logout:159] Logout info: 200, "User logged out successfully".
[SUCCESS][2025-12-25 07:54:37][__main__:<module>:41] ================== End testing ===================
[INFO][2025-12-25 07:57:40][common.common_setup:<module>:13] Base dir: /home/user/apitestcapprj
[INFO][2025-12-25 07:57:40][helpers.load_data:load_data:35] Loading data from '/home/user/apitestcapprj/configs/user_info.json'.
[SUCCESS][2025-12-25 07:57:40][helpers.load_data:load_data:41] Complete loading data from '/home/user/apitestcapprj/configs/user_info.json'.
[SUCCESS][2025-12-25 07:57:40][common.common_setup:<module>:22] Load client info successfully:
{
    "admin": {
        "email": "test_user_01@gmail.com",
        "password": "123456789"
    },
    "student": {
        "email": "test_user_07@gmail.com",
        "password": "123456789"
    },
    "teacher": {
        "email": "test_user_02@gmail.com",
        "password": "123456789"
    }
}
[INFO][2025-12-25 07:57:40][helpers.load_data:load_data:35] Loading data from '/home/user/apitestcapprj/data/request_body_template/role_request_body_template.json'.
[SUCCESS][2025-12-25 07:57:40][helpers.load_data:load_data:41] Complete loading data from '/home/user/apitestcapprj/data/request_body_template/role_request_body_template.json'.
[SUCCESS][2025-12-25 07:57:40][common.common_setup:<module>:28] Load role predata successfully:
{
    "predata": {
        "role_01": {
            "name": "API predata - role 01"
        }
    },
    "need_clear": [
        "API predata - role 01 - edited",
        "API csv - role 01"
    ]
}
[INFO][2025-12-25 07:57:40][helpers.load_data:load_data:35] Loading data from '/home/user/apitestcapprj/data/request_body_template/account_request_body_template.json'.
[SUCCESS][2025-12-25 07:57:40][helpers.load_data:load_data:41] Complete loading data from '/home/user/apitestcapprj/data/request_body_template/account_request_body_template.json'.
[SUCCESS][2025-12-25 07:57:40][common.common_setup:<module>:33] Load account predata successfully:
{
    "predata": {
        "account_01": {
            "role_name": "{student_role_name}",
            "full_name": "API predata - student account 01",
            "date_of_birth": "{datetime(%Y-%m-%d,0)}",
            "gender": "nam",
            "address": "API predata - student account 01 - address - {random_string(5)}",
            "email": "api_predata_admin_account_01@gmail.com",
            "phone_number": "1234567890",
            "password": "123456789",
            "confirmPassword": "123456789"
        }
    },
    "need_clear": [
        "API predata - student account 01"
    ]
}
[INFO][2025-12-25 07:57:40][common.client:login:143] Login with role: admin, email: test_user_01@gmail.com and password: 123456789.
[SUCCESS][2025-12-25 07:57:41][common.client:login:154] Login successfully.
[INFO][2025-12-25 07:57:41][common.client:login:143] Login with role: student, email: test_user_07@gmail.com and password: 123456789.
[SUCCESS][2025-12-25 07:57:42][common.client:login:154] Login successfully.
[INFO][2025-12-25 07:57:42][common.client:login:143] Login with role: teacher, email: test_user_02@gmail.com and password: 123456789.
[SUCCESS][2025-12-25 07:57:43][common.client:login:154] Login successfully.
[INFO][2025-12-25 07:57:43][__main__:<module>:9] ================= Start testing ==================
[ERROR][2025-12-25 07:57:43][__main__:<module>:14] An error has been caught in function '<module>', process 'MainProcess' (82603), thread 'MainThread' (136280566712128):
Traceback (most recent call last):

> File "/home/user/apitestcapprj/main.py", line 14, in <module>
    role_pre_data: Dict = role_case_setup()
                          └ <function role_case_setup at 0x7bf22fcba0c0>

  File "/home/user/apitestcapprj/helpers/logger_wrapper.py", line 14, in wrap
    return func(*args, **kwargs)
           │     │       └ {}
           │     └ ()
           └ <function role_case_setup at 0x7bf22fcb9f80>

  File "/home/user/apitestcapprj/case_setup/role_case_setup.py", line 16, in role_case_setup
    admin.RoleProcessResponse.clear_data(need_clear_data_info)
    │     │                   │          └ ['API predata - role 01 - edited', 'API csv - role 01']
    │     │                   └ <function RoleProcessResponse.clear_data at 0x7bf22fcb8180>
    │     └ <process_responses.role_process_responses.RoleProcessResponse object at 0x7bf2355c73d0>
    └ <common.user.User object at 0x7bf2354aba10>

  File "/home/user/apitestcapprj/process_responses/role_process_responses.py", line 32, in clear_data
    return super().clear(need_clear_data=data, id_key="name")
                                         └ ['API predata - role 01 - edited', 'API csv - role 01']

  File "/home/user/apitestcapprj/common/base_response.py", line 91, in clear
    current_data: List = self.get_all()
                         │    └ <function BaseService.get_all at 0x7bf22fc83b00>
                         └ <process_responses.role_process_responses.RoleProcessResponse object at 0x7bf2355c73d0>

TypeError: BaseService.get_all() missing 1 required positional argument: 'api_func'
[INFO][2025-12-25 07:57:43][common.client:logout:157] User: 'test_user_01@gmail.com', role: 'admin' logout.
[INFO][2025-12-25 07:57:43][common.client:logout:159] Logout info: 200, "User logged out successfully".
[INFO][2025-12-25 07:57:43][common.client:logout:157] User: 'test_user_07@gmail.com', role: 'student' logout.
[INFO][2025-12-25 07:57:44][common.client:logout:159] Logout info: 200, "User logged out successfully".
[INFO][2025-12-25 07:57:44][common.client:logout:157] User: 'test_user_02@gmail.com', role: 'teacher' logout.
[INFO][2025-12-25 07:57:44][common.client:logout:159] Logout info: 200, "User logged out successfully".
[SUCCESS][2025-12-25 07:57:44][__main__:<module>:41] ================== End testing ===================
[INFO][2025-12-25 07:57:58][common.common_setup:<module>:13] Base dir: /home/user/apitestcapprj
[INFO][2025-12-25 07:57:58][helpers.load_data:load_data:35] Loading data from '/home/user/apitestcapprj/configs/user_info.json'.
[SUCCESS][2025-12-25 07:57:58][helpers.load_data:load_data:41] Complete loading data from '/home/user/apitestcapprj/configs/user_info.json'.
[SUCCESS][2025-12-25 07:57:58][common.common_setup:<module>:22] Load client info successfully:
{
    "admin": {
        "email": "test_user_01@gmail.com",
        "password": "123456789"
    },
    "student": {
        "email": "test_user_07@gmail.com",
        "password": "123456789"
    },
    "teacher": {
        "email": "test_user_02@gmail.com",
        "password": "123456789"
    }
}
[INFO][2025-12-25 07:57:58][helpers.load_data:load_data:35] Loading data from '/home/user/apitestcapprj/data/request_body_template/role_request_body_template.json'.
[SUCCESS][2025-12-25 07:57:58][helpers.load_data:load_data:41] Complete loading data from '/home/user/apitestcapprj/data/request_body_template/role_request_body_template.json'.
[SUCCESS][2025-12-25 07:57:58][common.common_setup:<module>:28] Load role predata successfully:
{
    "predata": {
        "role_01": {
            "name": "API predata - role 01"
        }
    },
    "need_clear": [
        "API predata - role 01 - edited",
        "API csv - role 01"
    ]
}
[INFO][2025-12-25 07:57:58][helpers.load_data:load_data:35] Loading data from '/home/user/apitestcapprj/data/request_body_template/account_request_body_template.json'.
[SUCCESS][2025-12-25 07:57:58][helpers.load_data:load_data:41] Complete loading data from '/home/user/apitestcapprj/data/request_body_template/account_request_body_template.json'.
[SUCCESS][2025-12-25 07:57:58][common.common_setup:<module>:33] Load account predata successfully:
{
    "predata": {
        "account_01": {
            "role_name": "{student_role_name}",
            "full_name": "API predata - student account 01",
            "date_of_birth": "{datetime(%Y-%m-%d,0)}",
            "gender": "nam",
            "address": "API predata - student account 01 - address - {random_string(5)}",
            "email": "api_predata_admin_account_01@gmail.com",
            "phone_number": "1234567890",
            "password": "123456789",
            "confirmPassword": "123456789"
        }
    },
    "need_clear": [
        "API predata - student account 01"
    ]
}
[INFO][2025-12-25 07:57:58][common.client:login:143] Login with role: admin, email: test_user_01@gmail.com and password: 123456789.
[SUCCESS][2025-12-25 07:57:59][common.client:login:154] Login successfully.
[INFO][2025-12-25 07:57:59][common.client:login:143] Login with role: student, email: test_user_07@gmail.com and password: 123456789.
[SUCCESS][2025-12-25 07:58:00][common.client:login:154] Login successfully.
[INFO][2025-12-25 07:58:00][common.client:login:143] Login with role: teacher, email: test_user_02@gmail.com and password: 123456789.
[SUCCESS][2025-12-25 07:58:00][common.client:login:154] Login successfully.
[INFO][2025-12-25 07:58:00][__main__:<module>:9] ================= Start testing ==================
[ERROR][2025-12-25 07:58:00][__main__:<module>:14] An error has been caught in function '<module>', process 'MainProcess' (82713), thread 'MainThread' (137027824256832):
Traceback (most recent call last):

> File "/home/user/apitestcapprj/main.py", line 14, in <module>
    role_pre_data: Dict = role_case_setup()
                          └ <function role_case_setup at 0x7ca02bd060c0>

  File "/home/user/apitestcapprj/helpers/logger_wrapper.py", line 14, in wrap
    return func(*args, **kwargs)
           │     │       └ {}
           │     └ ()
           └ <function role_case_setup at 0x7ca02bd05f80>

  File "/home/user/apitestcapprj/case_setup/role_case_setup.py", line 16, in role_case_setup
    admin.RoleProcessResponse.clear_data(need_clear_data_info)
    │     │                   │          └ ['API predata - role 01 - edited', 'API csv - role 01']
    │     │                   └ <function RoleProcessResponse.clear_data at 0x7ca02bd04180>
    │     └ <process_responses.role_process_responses.RoleProcessResponse object at 0x7ca031783f50>
    └ <common.user.User object at 0x7ca02d554890>

  File "/home/user/apitestcapprj/process_responses/role_process_responses.py", line 32, in clear_data
    return super().clear(need_clear_data=data, id_key="name")
                                         └ ['API predata - role 01 - edited', 'API csv - role 01']

  File "/home/user/apitestcapprj/common/base_response.py", line 91, in clear
    current_data: List = self.get_all()
                         │    └ <function BaseService.get_all at 0x7ca02bcd3b00>
                         └ <process_responses.role_process_responses.RoleProcessResponse object at 0x7ca031783f50>

TypeError: BaseService.get_all() missing 1 required positional argument: 'api_func'
[INFO][2025-12-25 07:58:00][common.client:logout:157] User: 'test_user_01@gmail.com', role: 'admin' logout.
[INFO][2025-12-25 07:58:01][common.client:logout:159] Logout info: 200, "User logged out successfully".
[INFO][2025-12-25 07:58:01][common.client:logout:157] User: 'test_user_07@gmail.com', role: 'student' logout.
[INFO][2025-12-25 07:58:01][common.client:logout:159] Logout info: 200, "User logged out successfully".
[INFO][2025-12-25 07:58:01][common.client:logout:157] User: 'test_user_02@gmail.com', role: 'teacher' logout.
[INFO][2025-12-25 07:58:02][common.client:logout:159] Logout info: 200, "User logged out successfully".
[SUCCESS][2025-12-25 07:58:02][__main__:<module>:41] ================== End testing ===================
[INFO][2025-12-25 07:59:59][common.common_setup:<module>:13] Base dir: /home/user/apitestcapprj
[INFO][2025-12-25 07:59:59][helpers.load_data:load_data:35] Loading data from '/home/user/apitestcapprj/configs/user_info.json'.
[SUCCESS][2025-12-25 07:59:59][helpers.load_data:load_data:41] Complete loading data from '/home/user/apitestcapprj/configs/user_info.json'.
[SUCCESS][2025-12-25 07:59:59][common.common_setup:<module>:22] Load client info successfully:
{
    "admin": {
        "email": "test_user_01@gmail.com",
        "password": "123456789"
    },
    "student": {
        "email": "test_user_07@gmail.com",
        "password": "123456789"
    },
    "teacher": {
        "email": "test_user_02@gmail.com",
        "password": "123456789"
    }
}
[INFO][2025-12-25 07:59:59][helpers.load_data:load_data:35] Loading data from '/home/user/apitestcapprj/data/request_body_template/role_request_body_template.json'.
[SUCCESS][2025-12-25 07:59:59][helpers.load_data:load_data:41] Complete loading data from '/home/user/apitestcapprj/data/request_body_template/role_request_body_template.json'.
[SUCCESS][2025-12-25 07:59:59][common.common_setup:<module>:28] Load role predata successfully:
{
    "predata": {
        "role_01": {
            "name": "API predata - role 01"
        }
    },
    "need_clear": [
        "API predata - role 01 - edited",
        "API csv - role 01"
    ]
}
[INFO][2025-12-25 07:59:59][helpers.load_data:load_data:35] Loading data from '/home/user/apitestcapprj/data/request_body_template/account_request_body_template.json'.
[SUCCESS][2025-12-25 07:59:59][helpers.load_data:load_data:41] Complete loading data from '/home/user/apitestcapprj/data/request_body_template/account_request_body_template.json'.
[SUCCESS][2025-12-25 07:59:59][common.common_setup:<module>:33] Load account predata successfully:
{
    "predata": {
        "account_01": {
            "role_name": "{student_role_name}",
            "full_name": "API predata - student account 01",
            "date_of_birth": "{datetime(%Y-%m-%d,0)}",
            "gender": "nam",
            "address": "API predata - student account 01 - address - {random_string(5)}",
            "email": "api_predata_admin_account_01@gmail.com",
            "phone_number": "1234567890",
            "password": "123456789",
            "confirmPassword": "123456789"
        }
    },
    "need_clear": [
        "API predata - student account 01"
    ]
}
[INFO][2025-12-25 07:59:59][common.client:login:143] Login with role: admin, email: test_user_01@gmail.com and password: 123456789.
[SUCCESS][2025-12-25 08:00:00][common.client:login:154] Login successfully.
[INFO][2025-12-25 08:00:00][common.client:login:143] Login with role: student, email: test_user_07@gmail.com and password: 123456789.
[SUCCESS][2025-12-25 08:00:01][common.client:login:154] Login successfully.
[INFO][2025-12-25 08:00:01][common.client:login:143] Login with role: teacher, email: test_user_02@gmail.com and password: 123456789.
[SUCCESS][2025-12-25 08:00:02][common.client:login:154] Login successfully.
[INFO][2025-12-25 08:00:02][__main__:<module>:9] ================= Start testing ==================
[ERROR][2025-12-25 08:00:02][__main__:<module>:14] An error has been caught in function '<module>', process 'MainProcess' (83137), thread 'MainThread' (140382391912256):
Traceback (most recent call last):

> File "/home/user/apitestcapprj/main.py", line 14, in <module>
    role_pre_data: Dict = role_case_setup()
                          └ <function role_case_setup at 0x7fad379fe0c0>

  File "/home/user/apitestcapprj/helpers/logger_wrapper.py", line 14, in wrap
    return func(*args, **kwargs)
           │     │       └ {}
           │     └ ()
           └ <function role_case_setup at 0x7fad379fdf80>

  File "/home/user/apitestcapprj/case_setup/role_case_setup.py", line 16, in role_case_setup
    admin.RoleProcessResponse.clear_data(need_clear_data_info)
    │     │                   │          └ ['API predata - role 01 - edited', 'API csv - role 01']
    │     │                   └ <function RoleProcessResponse.clear_data at 0x7fad379fc180>
    │     └ <process_responses.role_process_responses.RoleProcessResponse object at 0x7fad379fb250>
    └ <common.user.User object at 0x7fad38258c50>

  File "/home/user/apitestcapprj/process_responses/role_process_responses.py", line 32, in clear_data
    return super().clear(need_clear_data=data, id_key="name")
                                         └ ['API predata - role 01 - edited', 'API csv - role 01']

  File "/home/user/apitestcapprj/common/base_response.py", line 91, in clear
    current_data: List = self.get_all()
                         │    └ <function BaseService.get_all at 0x7fad37bcbb00>
                         └ <process_responses.role_process_responses.RoleProcessResponse object at 0x7fad379fb250>

TypeError: BaseService.get_all() missing 1 required positional argument: 'api_func'
[INFO][2025-12-25 08:00:02][common.client:logout:157] User: 'test_user_01@gmail.com', role: 'admin' logout.
[INFO][2025-12-25 08:00:02][common.client:logout:159] Logout info: 200, "User logged out successfully".
[INFO][2025-12-25 08:00:02][common.client:logout:157] User: 'test_user_07@gmail.com', role: 'student' logout.
[INFO][2025-12-25 08:00:02][common.client:logout:159] Logout info: 200, "User logged out successfully".
[INFO][2025-12-25 08:00:02][common.client:logout:157] User: 'test_user_02@gmail.com', role: 'teacher' logout.
[INFO][2025-12-25 08:00:03][common.client:logout:159] Logout info: 200, "User logged out successfully".
[SUCCESS][2025-12-25 08:00:03][__main__:<module>:41] ================== End testing ===================
[INFO][2025-12-25 08:08:32][common.common_setup:<module>:13] Base dir: /home/user/apitestcapprj
[INFO][2025-12-25 08:08:32][helpers.load_data:load_data:35] Loading data from '/home/user/apitestcapprj/configs/user_info.json'.
[SUCCESS][2025-12-25 08:08:32][helpers.load_data:load_data:41] Complete loading data from '/home/user/apitestcapprj/configs/user_info.json'.
[SUCCESS][2025-12-25 08:08:32][common.common_setup:<module>:22] Load client info successfully:
{
    "admin": {
        "email": "test_user_01@gmail.com",
        "password": "123456789"
    },
    "student": {
        "email": "test_user_07@gmail.com",
        "password": "123456789"
    },
    "teacher": {
        "email": "test_user_02@gmail.com",
        "password": "123456789"
    }
}
[INFO][2025-12-25 08:08:32][helpers.load_data:load_data:35] Loading data from '/home/user/apitestcapprj/data/request_body_template/role_request_body_template.json'.
[SUCCESS][2025-12-25 08:08:32][helpers.load_data:load_data:41] Complete loading data from '/home/user/apitestcapprj/data/request_body_template/role_request_body_template.json'.
[SUCCESS][2025-12-25 08:08:32][common.common_setup:<module>:28] Load role predata successfully:
{
    "predata": {
        "role_01": {
            "name": "API predata - role 01"
        }
    },
    "need_clear": [
        "API predata - role 01 - edited",
        "API csv - role 01"
    ]
}
[INFO][2025-12-25 08:08:32][helpers.load_data:load_data:35] Loading data from '/home/user/apitestcapprj/data/request_body_template/account_request_body_template.json'.
[SUCCESS][2025-12-25 08:08:32][helpers.load_data:load_data:41] Complete loading data from '/home/user/apitestcapprj/data/request_body_template/account_request_body_template.json'.
[SUCCESS][2025-12-25 08:08:32][common.common_setup:<module>:33] Load account predata successfully:
{
    "predata": {
        "account_01": {
            "role_name": "{student_role_name}",
            "full_name": "API predata - student account 01",
            "date_of_birth": "{datetime(%Y-%m-%d,0)}",
            "gender": "nam",
            "address": "API predata - student account 01 - address - {random_string(5)}",
            "email": "api_predata_admin_account_01@gmail.com",
            "phone_number": "1234567890",
            "password": "123456789",
            "confirmPassword": "123456789"
        }
    },
    "need_clear": [
        "API predata - student account 01"
    ]
}
[INFO][2025-12-25 08:08:32][common.client:login:143] Login with role: admin, email: test_user_01@gmail.com and password: 123456789.
[SUCCESS][2025-12-25 08:08:39][common.client:login:154] Login successfully.
[INFO][2025-12-25 08:08:39][common.client:login:143] Login with role: student, email: test_user_07@gmail.com and password: 123456789.
[SUCCESS][2025-12-25 08:08:40][common.client:login:154] Login successfully.
[INFO][2025-12-25 08:08:40][common.client:login:143] Login with role: teacher, email: test_user_02@gmail.com and password: 123456789.
[SUCCESS][2025-12-25 08:08:41][common.client:login:154] Login successfully.
[INFO][2025-12-25 08:08:41][__main__:<module>:9] ================= Start testing ==================
[SUCCESS][2025-12-25 08:08:41][process_responses.role_process_responses:get_all_roles:24] Get all roles successfully:
[
    {
        "_id": "69496b7d3a739f3bcffdeef7",
        "name": "admin",
        "created_on": "2025-12-22 23:02:05",
        "modified_on": "2025-12-22 23:02:05",
        "created_by": "data generation",
        "modified_by": "data generation"
    },
    {
        "_id": "69496b7d3a739f3bcffdeef8",
        "name": "teacher",
        "created_on": "2025-12-22 23:02:05",
        "modified_on": "2025-12-22 23:02:05",
        "created_by": "data generation",
        "modified_by": "data generation"
    },
    {
        "_id": "69496b7d3a739f3bcffdeef9",
        "name": "student",
        "created_on": "2025-12-22 23:02:05",
        "modified_on": "2025-12-22 23:02:05",
        "created_by": "data generation",
        "modified_by": "data generation"
    },
    {
        "_id": "694cc852d92216ca82f980b6",
        "name": "API predata - role 01",
        "__v": 0
    }
]
[SUCCESS][2025-12-25 08:08:41][process_responses.role_process_responses:clear_data:84] Complete clear data.
[INFO][2025-12-25 08:08:41][case_setup.role_case_setup:role_case_setup:40] {
    "admin_role_name": "admin",
    "student_role_name": "student",
    "teacher_role_name": "student"
}
[INFO][2025-12-25 08:08:41][common.client:logout:157] User: 'test_user_01@gmail.com', role: 'admin' logout.
[INFO][2025-12-25 08:08:42][common.client:logout:159] Logout info: 200, "User logged out successfully".
[INFO][2025-12-25 08:08:42][common.client:logout:157] User: 'test_user_07@gmail.com', role: 'student' logout.
[INFO][2025-12-25 08:08:42][common.client:logout:159] Logout info: 200, "User logged out successfully".
[INFO][2025-12-25 08:08:42][common.client:logout:157] User: 'test_user_02@gmail.com', role: 'teacher' logout.
[INFO][2025-12-25 08:08:43][common.client:logout:159] Logout info: 200, "User logged out successfully".
[SUCCESS][2025-12-25 08:08:43][__main__:<module>:41] ================== End testing ===================
[INFO][2025-12-25 08:13:05][common.common_setup:<module>:13] Base dir: /home/user/apitestcapprj
[INFO][2025-12-25 08:13:05][helpers.load_data:load_data:35] Loading data from '/home/user/apitestcapprj/configs/user_info.json'.
[SUCCESS][2025-12-25 08:13:05][helpers.load_data:load_data:41] Complete loading data from '/home/user/apitestcapprj/configs/user_info.json'.
[SUCCESS][2025-12-25 08:13:05][common.common_setup:<module>:22] Load client info successfully:
{
    "admin": {
        "email": "test_user_01@gmail.com",
        "password": "123456789"
    },
    "student": {
        "email": "test_user_07@gmail.com",
        "password": "123456789"
    },
    "teacher": {
        "email": "test_user_02@gmail.com",
        "password": "123456789"
    }
}
[INFO][2025-12-25 08:13:05][helpers.load_data:load_data:35] Loading data from '/home/user/apitestcapprj/data/request_body_template/role_request_body_template.json'.
[SUCCESS][2025-12-25 08:13:05][helpers.load_data:load_data:41] Complete loading data from '/home/user/apitestcapprj/data/request_body_template/role_request_body_template.json'.
[SUCCESS][2025-12-25 08:13:05][common.common_setup:<module>:28] Load role predata successfully:
{
    "predata": {
        "role_01": {
            "name": "API predata - role 01"
        }
    },
    "need_clear": [
        "API predata - role 01 - edited",
        "API csv - role 01"
    ]
}
[INFO][2025-12-25 08:13:05][helpers.load_data:load_data:35] Loading data from '/home/user/apitestcapprj/data/request_body_template/account_request_body_template.json'.
[SUCCESS][2025-12-25 08:13:05][helpers.load_data:load_data:41] Complete loading data from '/home/user/apitestcapprj/data/request_body_template/account_request_body_template.json'.
[SUCCESS][2025-12-25 08:13:05][common.common_setup:<module>:33] Load account predata successfully:
{
    "predata": {
        "account_01": {
            "role_name": "{student_role_name}",
            "full_name": "API predata - student account 01",
            "date_of_birth": "{datetime(%Y-%m-%d,0)}",
            "gender": "nam",
            "address": "API predata - student account 01 - address - {random_string(5)}",
            "email": "api_predata_admin_account_01@gmail.com",
            "phone_number": "1234567890",
            "password": "123456789",
            "confirmPassword": "123456789"
        }
    },
    "need_clear": [
        "API predata - student account 01"
    ]
}
[INFO][2025-12-25 08:13:05][common.client:login:143] Login with role: admin, email: test_user_01@gmail.com and password: 123456789.
[SUCCESS][2025-12-25 08:13:05][common.client:login:154] Login successfully.
[INFO][2025-12-25 08:13:05][common.client:login:143] Login with role: student, email: test_user_07@gmail.com and password: 123456789.
[SUCCESS][2025-12-25 08:13:06][common.client:login:154] Login successfully.
[INFO][2025-12-25 08:13:06][common.client:login:143] Login with role: teacher, email: test_user_02@gmail.com and password: 123456789.
[SUCCESS][2025-12-25 08:13:07][common.client:login:154] Login successfully.
[INFO][2025-12-25 08:13:07][__main__:<module>:9] ================= Start testing ==================
[INFO][2025-12-25 08:13:08][process_responses.account_process_response:clear_data:84] Clear data: API predata - student account 01
[INFO][2025-12-25 08:13:09][process_responses.account_process_response:delete_account:70] Delete account response: 200
[SUCCESS][2025-12-25 08:13:09][process_responses.account_process_response:clear_data:87] Complete clear data.
[SUCCESS][2025-12-25 08:13:09][process_responses.role_process_responses:get_all_roles:24] Get all roles successfully:
[
    {
        "_id": "69496b7d3a739f3bcffdeef7",
        "name": "admin",
        "created_on": "2025-12-22 23:02:05",
        "modified_on": "2025-12-22 23:02:05",
        "created_by": "data generation",
        "modified_by": "data generation"
    },
    {
        "_id": "69496b7d3a739f3bcffdeef8",
        "name": "teacher",
        "created_on": "2025-12-22 23:02:05",
        "modified_on": "2025-12-22 23:02:05",
        "created_by": "data generation",
        "modified_by": "data generation"
    },
    {
        "_id": "69496b7d3a739f3bcffdeef9",
        "name": "student",
        "created_on": "2025-12-22 23:02:05",
        "modified_on": "2025-12-22 23:02:05",
        "created_by": "data generation",
        "modified_by": "data generation"
    },
    {
        "_id": "694cc852d92216ca82f980b6",
        "name": "API predata - role 01",
        "__v": 0
    }
]
[SUCCESS][2025-12-25 08:13:11][process_responses.account_process_response:create_new_account_with_check:54] Create new account successfully:
{
    "role_name": "student",
    "full_name": "API predata - student account 01",
    "date_of_birth": "2025-12-25T00:00:00.000Z",
    "gender": "nam",
    "address": "API predata - student account 01 - address - ZxLGS",
    "email": "api_predata_admin_account_01@gmail.com",
    "phone_number": "1234567890",
    "password": "$2b$10$WYUyqFGfQqpzidQcqCCiKeRj06xxF0Dfojmo2/VJnSp8TmUAE5.am",
    "is_deleted": false,
    "messageFromSystem": [],
    "seenMessage": [],
    "_id": "694cf217aeb730170e912657",
    "createdAt": "2025-12-25T08:13:11.365Z",
    "updatedAt": "2025-12-25T08:13:11.365Z",
    "__v": 0
}
[INFO][2025-12-25 08:13:11][case_setup.account_case_setup:account_case_setup:52] {
    "admin_role_name": "admin",
    "student_role_name": "student",
    "teacher_role_name": "student",
    "admin_role_id": "69496b7d3a739f3bcffdeef7",
    "student_role_id": "69496b7d3a739f3bcffdeef9",
    "admin_account_id": "69496b7e3a739f3bcffdeefa",
    "student_account_id": "694cb973322b96054111df4d",
    "account_01_id": "694cf217aeb730170e912657",
    "account_01_name": "API predata - student account 01"
}
[INFO][2025-12-25 08:13:11][helpers.load_data:load_data:35] Loading data from '/home/user/apitestcapprj/data/test_cases/account_test_cases.xlsx'.
[SUCCESS][2025-12-25 08:13:12][helpers.load_data:load_data:41] Complete loading data from '/home/user/apitestcapprj/data/test_cases/account_test_cases.xlsx'.
[SUCCESS][2025-12-25 08:13:12][case_setup.test_case_setup:test_case_setup:32] Test case setup successfully.
[INFO][2025-12-25 08:13:12][case_setup.test_case_setup:test_case_setup:33] Test case info:
[
    {
        "status": "Done",
        "case_no": "Account01",
        "author": "Nhat",
        "role": "admin",
        "title": "GetAllRoles",
        "description": "Get all accounts",
        "method": "GET",
        "api": "https://datn-be-steel.vercel.app/api/accounts",
        "request_body": null,
        "expected_result": {
            "_id": "69496b7e3a739f3bcffdeefa",
            "status_code": 200
        },
        "jira_number": NaN,
        "note": NaN
    },
    {
        "status": "Done",
        "case_no": "Account02",
        "author": "Nhat",
        "role": "admin",
        "title": "GetRoleById",
        "description": "Get account by id",
        "method": "GET",
        "api": "https://datn-be-steel.vercel.app/api/accounts/69496b7e3a739f3bcffdeefa",
        "request_body": null,
        "expected_result": {
            "_id": "69496b7e3a739f3bcffdeefa",
            "status_code": 200
        },
        "jira_number": NaN,
        "note": NaN
    }
]
[INFO][2025-12-25 08:13:12][case_setup.run_case:run_case:45] Run case: Account01 - Get all accounts
[INFO][2025-12-25 08:13:12][case_setup.run_case:run_case:56] Request body:
null
[INFO][2025-12-25 08:13:12][case_setup.run_case:run_case:68] Response:
200, [{"is_deleted":false,"messageFromSystem":[],"seenMessage":[],"_id":"69496b7e3a739f3bcffdeefa","role_name":"admin","full_name":"test_user_01","date_of_birth":"2012-12-26T00:00:00.000Z","gender":"Nữ","address":"Nghệ An","email":"test_user_01@gmail.com","phone_number":"1767111009","password":"$2b$10$MwR7xWmmGi9oN16IwVejY.7JWsaNAdnqID85Pt22BJsGX/x4uuRZy","avatar":"https://encrypted-tbn0.gstatic.com/images?q=tbn:ANd9GcTNnNH0c03eYhzzID8_Y6mHwZYYGjXLfnreH7RyT9f9GVRtT0yR7vklbKx3As07G6DCGYY&usqp=CAU","status":"active","created_on":"2025-12-22 23:02:06","modified_on":"2025-12-22 23:02:06","created_by":"data generation","modified_by":"data generation"},{"messageFromSystem":[],"seenMessage":[],"_id":"69496b7e3a739f3bcffdeefb","role_name":"teacher","full_name":"test_user_02","date_of_birth":"1932-09-16T00:00:00.000Z","gender":"Khác","address":"Gia Lai","email":"test_user_02@gmail.com","phone_number":"1767111020","password":"$2b$10$EVDd4TA2zsZoOFQEfa1/W.3DG.xgUt2ocWQf/SxShkDob9dlVPBZu","avatar":"https://encrypted-tbn0.gstatic.com/images?q=tbn:ANd9GcTNnNH0c03eYhzzID8_Y6mHwZYYGjXLfnreH7RyT9f9GVRtT0yR7vklbKx3As07G6DCGYY&usqp=CAU","status":"active","created_on":"2025-12-22 23:02:06","modified_on":"2025-12-22 23:02:06","created_by":"data generation","modified_by":"data generation","is_deleted":false,"updatedAt":"2025-12-24T07:53:53.287Z"},{"is_deleted":false,"messageFromSystem":[],"seenMessage":[],"_id":"69496b7e3a739f3bcffdeefc","role_name":"teacher","full_name":"test_user_03","date_of_birth":"2003-01-21T00:00:00.000Z","gender":"Nữ","address":"Vĩnh Long","email":"test_user_03@gmail.com","phone_number":"1767111025","password":"$2b$10$duxQOhN02rXJ6iFrHFcUUei2QzmtL37bpExOX4QBygXlvKmcchNpC","avatar":"https://encrypted-tbn0.gstatic.com/images?q=tbn:ANd9GcTNnNH0c03eYhzzID8_Y6mHwZYYGjXLfnreH7RyT9f9GVRtT0yR7vklbKx3As07G6DCGYY&usqp=CAU","status":"active","created_on":"2025-12-22 23:02:06","modified_on":"2025-12-22 23:02:06","created_by":"data generation","modified_by":"data generation"},{"is_deleted":false,"messageFromSystem":[],"seenMessage":[],"_id":"69496b7e3a739f3bcffdeefd","role_name":"teacher","full_name":"test_user_04","date_of_birth":"1956-12-05T00:00:00.000Z","gender":"Nam","address":"Đồng Nai","email":"test_user_04@gmail.com","phone_number":"1767111027","password":"$2b$10$G55YIQRomjn1SksdoO2YMeWGg45GMZC9oeh1b/hvIiyIkmLv6xR.e","avatar":"https://encrypted-tbn0.gstatic.com/images?q=tbn:ANd9GcTNnNH0c03eYhzzID8_Y6mHwZYYGjXLfnreH7RyT9f9GVRtT0yR7vklbKx3As07G6DCGYY&usqp=CAU","status":"active","created_on":"2025-12-22 23:02:06","modified_on":"2025-12-22 23:02:06","created_by":"data generation","modified_by":"data generation"},{"messageFromSystem":[],"seenMessage":[],"_id":"69496b7e3a739f3bcffdeefe","role_name":"teacher","full_name":"test_user_05","date_of_birth":"1929-12-25T00:00:00.000Z","gender":"Khác","address":"Khánh Hòa","email":"test_user_05@gmail.com","phone_number":"1767111029","password":"$2b$10$PE8VygYXhkNCcgxZliFQBunTg2HEJctZGSmsYJgSjlrywha4.PHHu","avatar":"https://encrypted-tbn0.gstatic.com/images?q=tbn:ANd9GcTNnNH0c03eYhzzID8_Y6mHwZYYGjXLfnreH7RyT9f9GVRtT0yR7vklbKx3As07G6DCGYY&usqp=CAU","status":"active","created_on":"2025-12-22 23:02:06","modified_on":"2025-12-22 23:02:06","created_by":"data generation","modified_by":"data generation","is_deleted":false,"updatedAt":"2025-12-23T11:18:16.591Z"},{"messageFromSystem":[],"seenMessage":[],"_id":"69496b7e3a739f3bcffdeeff","role_name":"teacher","full_name":"test_user_06","date_of_birth":"1945-12-15T00:00:00.000Z","gender":"Khác","address":"Thanh Hóa","email":"test_user_06@gmail.com","phone_number":"1767111031","password":"$2b$10$ktVlok3HlNQrWDM6t.B2UuIauOOfOmH1gBm49YgpZRqs6tQAmlFwa","avatar":"https://encrypted-tbn0.gstatic.com/images?q=tbn:ANd9GcTNnNH0c03eYhzzID8_Y6mHwZYYGjXLfnreH7RyT9f9GVRtT0yR7vklbKx3As07G6DCGYY&usqp=CAU","status":"active","created_on":"2025-12-22 23:02:06","modified_on":"2025-12-22 23:02:06","created_by":"data generation","modified_by":"data generation","is_deleted":false,"updatedAt":"2025-12-23T11:18:15.327Z"},{"seenMessage":[],"_id":"69496b7e3a739f3bcffdef00","role_name":"student","full_name":"test_user_07","date_of_birth":"1999-12-13T00:00:00.000Z","gender":"Nữ","address":"Nghệ An","email":"test_user_07@gmail.com","phone_number":"1767111032","password":"$2b$10$Pq/jhIbiwyQEQxdPpPRiJ.nHROYgbmxNS2R8PxCwcQNCMlzn0ZOdS","avatar":"https://encrypted-tbn0.gstatic.com/images?q=tbn:ANd9GcTNnNH0c03eYhzzID8_Y6mHwZYYGjXLfnreH7RyT9f9GVRtT0yR7vklbKx3As07G6DCGYY&usqp=CAU","status":"active","created_on":"2025-12-22 23:02:06","modified_on":"2025-12-22 23:02:06","created_by":"data generation","modified_by":"data generation","messageFromSystem":[" do có đánh giá bị báo xấu 2 lần trở lên"],"updatedAt":"2025-12-23T11:18:11.133Z","is_deleted":false},{"messageFromSystem":[],"seenMessage":[],"_id":"69496b7e3a739f3bcffdef01","role_name":"student","full_name":"test_user_08","date_of_birth":"1963-01-26T00:00:00.000Z","gender":"Khác","address":"Tuyên Quang","email":"test_user_08@gmail.com","phone_number":"1767111034","password":"$2b$10$4./7IPHl.ADVgoPrQMif3eoISExVbfQ53JAfBc6HxNVUW8.ZinnAS","avatar":"https://encrypted-tbn0.gstatic.com/images?q=tbn:ANd9GcTNnNH0c03eYhzzID8_Y6mHwZYYGjXLfnreH7RyT9f9GVRtT0yR7vklbKx3As07G6DCGYY&usqp=CAU","status":"active","created_on":"2025-12-22 23:02:06","modified_on":"2025-12-22 23:02:06","created_by":"data generation","modified_by":"data generation","is_deleted":false,"updatedAt":"2025-12-23T11:18:13.439Z"},{"seenMessage":[],"_id":"69496b7e3a739f3bcffdef02","role_name":"student","full_name":"test_user_09","date_of_birth":"2005-09-27T00:00:00.000Z","gender":"Nam","address":"Lào Cai","email":"test_user_09@gmail.com","phone_number":"1767111035","password":"$2b$10$b2fDKAJnbZ9sgFUA.RKAxeRYeTpUUb7EOOBcloE1YERklwMV6YXVe","avatar":"https://encrypted-tbn0.gstatic.com/images?q=tbn:ANd9GcTNnNH0c03eYhzzID8_Y6mHwZYYGjXLfnreH7RyT9f9GVRtT0yR7vklbKx3As07G6DCGYY&usqp=CAU","status":"active","created_on":"2025-12-22 23:02:06","modified_on":"2025-12-22 23:02:06","created_by":"data generation","modified_by":"data generation","is_deleted":false,"messageFromSystem":[],"updatedAt":"2025-12-23T11:19:38.416Z"},{"is_deleted":false,"messageFromSystem":[],"seenMessage":[],"_id":"69496b7e3a739f3bcffdef03","role_name":"student","full_name":"test_user_10","date_of_birth":"1929-08-13T00:00:00.000Z","gender":"Khác","address":"Đà Nẵng","email":"test_user_10@gmail.com","phone_number":"1767111036","password":"$2b$10$0BZXNWxLvaupT6jujMMskOsDSIWiIR7TCYG1J9882mckQaIyK..ui","avatar":"https://encrypted-tbn0.gstatic.com/images?q=tbn:ANd9GcTNnNH0c03eYhzzID8_Y6mHwZYYGjXLfnreH7RyT9f9GVRtT0yR7vklbKx3As07G6DCGYY&usqp=CAU","status":"active","created_on":"2025-12-22 23:02:06","modified_on":"2025-12-22 23:02:06","created_by":"data generation","modified_by":"data generation"},{"is_deleted":false,"messageFromSystem":[],"seenMessage":[],"_id":"69496b7e3a739f3bcffdef04","role_name":"student","full_name":"test_user_11","date_of_birth":"1994-02-17T00:00:00.000Z","gender":"Khác","address":"Thái Nguyên","email":"test_user_11@gmail.com","phone_number":"1767111038","password":"$2b$10$0.hDZrxibxZNMFGQzrilF.FXnl7Numy/pUNgiGRE5d7dVjz1OxLDC","avatar":"https://encrypted-tbn0.gstatic.com/images?q=tbn:ANd9GcTNnNH0c03eYhzzID8_Y6mHwZYYGjXLfnreH7RyT9f9GVRtT0yR7vklbKx3As07G6DCGYY&usqp=CAU","status":"active","created_on":"2025-12-22 23:02:06","modified_on":"2025-12-22 23:02:06","created_by":"data generation","modified_by":"data generation"},{"_id":"694a00a7d74fc315fb27dd3d","role_name":"student","full_name":"manual_test_student_01","date_of_birth":"2009-01-23T00:00:00.000Z","gender":"nam","address":"DaNang","email":"manual_test_student_01@gmail.com","phone_number":"1234567890","password":"$2b$10$yw4WSEKSkjQzdGHWMyLOs.WwhMis/qjYe83gNtQbZt7z1sykZKyxC","is_deleted":false,"messageFromSystem":[],"seenMessage":[],"createdAt":"2025-12-23T02:38:31.796Z","updatedAt":"2025-12-23T02:38:31.796Z","__v":0},{"_id":"694cb973322b96054111df4d","role_name":"student","full_name":"manual_test_student_02","date_of_birth":"2022-01-25T00:00:00.000Z","gender":"nữ","address":"DNN","email":"manual_test_student_02@gmail.com","phone_number":"1234567890","password":"$2b$10$Y6t.P652NkhgEiY0kw0RpOoKwwzYMbJKqBfRTr/RPf9qaFXt3.gua","is_deleted":false,"messageFromSystem":[],"seenMessage":[],"createdAt":"2025-12-25T04:11:31.940Z","updatedAt":"2025-12-25T04:11:31.940Z","__v":0},{"_id":"694cf217aeb730170e912657","role_name":"student","full_name":"API predata - student account 01","date_of_birth":"2025-12-25T00:00:00.000Z","gender":"nam","address":"API predata - student account 01 - address - ZxLGS","email":"api_predata_admin_account_01@gmail.com","phone_number":"1234567890","password":"$2b$10$WYUyqFGfQqpzidQcqCCiKeRj06xxF0Dfojmo2/VJnSp8TmUAE5.am","is_deleted":false,"messageFromSystem":[],"seenMessage":[],"createdAt":"2025-12-25T08:13:11.365Z","updatedAt":"2025-12-25T08:13:11.365Z","__v":0}]
[INFO][2025-12-25 08:13:12][case_setup.run_case:run_case:71] Expected result: {'_id': '69496b7e3a739f3bcffdeefa', 'status_code': 200}
[INFO][2025-12-25 08:13:12][case_setup.run_case:run_case:73] Key: _id, Value: 69496b7e3a739f3bcffdeefa
[SUCCESS][2025-12-25 08:13:12][case_setup.run_case:run_case:97] [PASSED] Key: '_id' is in list of keys: dict_keys(['is_deleted', 'messageFromSystem', 'seenMessage', '_id', 'role_name', 'full_name', 'date_of_birth', 'gender', 'address', 'email', 'phone_number', 'password', 'avatar', 'status', 'created_on', 'modified_on', 'created_by', 'modified_by']).
[SUCCESS][2025-12-25 08:13:12][case_setup.run_case:run_case:106] [PASSED] Value: '['69496b7e3a739f3bcffdeefa', '69496b7e3a739f3bcffdeefb', '69496b7e3a739f3bcffdeefc', '69496b7e3a739f3bcffdeefd', '69496b7e3a739f3bcffdeefe', '69496b7e3a739f3bcffdeeff', '69496b7e3a739f3bcffdef00', '69496b7e3a739f3bcffdef01', '69496b7e3a739f3bcffdef02', '69496b7e3a739f3bcffdef03', '69496b7e3a739f3bcffdef04', '694a00a7d74fc315fb27dd3d', '694cb973322b96054111df4d', '694cf217aeb730170e912657']' is in list of values: '69496b7e3a739f3bcffdeefa'.
[INFO][2025-12-25 08:13:12][case_setup.run_case:run_case:73] Key: status_code, Value: 200
[SUCCESS][2025-12-25 08:13:12][case_setup.run_case:run_case:80] [PASSED] Status code is equal. Expected: 200, Actual: 200.
[SUCCESS][2025-12-25 08:13:12][case_setup.run_case:run_case:117] Done case: Account01 - Get all accounts
[INFO][2025-12-25 08:13:12][case_setup.run_case:run_case:45] Run case: Account02 - Get account by id
[INFO][2025-12-25 08:13:12][case_setup.run_case:run_case:56] Request body:
null
[INFO][2025-12-25 08:13:13][case_setup.run_case:run_case:68] Response:
200, {"is_deleted":false,"messageFromSystem":[],"seenMessage":[],"_id":"69496b7e3a739f3bcffdeefa","role_name":"admin","full_name":"test_user_01","date_of_birth":"2012-12-26T00:00:00.000Z","gender":"Nữ","address":"Nghệ An","email":"test_user_01@gmail.com","phone_number":"1767111009","password":"$2b$10$MwR7xWmmGi9oN16IwVejY.7JWsaNAdnqID85Pt22BJsGX/x4uuRZy","avatar":"https://encrypted-tbn0.gstatic.com/images?q=tbn:ANd9GcTNnNH0c03eYhzzID8_Y6mHwZYYGjXLfnreH7RyT9f9GVRtT0yR7vklbKx3As07G6DCGYY&usqp=CAU","status":"active","created_on":"2025-12-22 23:02:06","modified_on":"2025-12-22 23:02:06","created_by":"data generation","modified_by":"data generation"}
[INFO][2025-12-25 08:13:13][case_setup.run_case:run_case:71] Expected result: {'_id': '69496b7e3a739f3bcffdeefa', 'status_code': 200}
[INFO][2025-12-25 08:13:13][case_setup.run_case:run_case:73] Key: _id, Value: 69496b7e3a739f3bcffdeefa
[SUCCESS][2025-12-25 08:13:13][case_setup.run_case:run_case:97] [PASSED] Key: '_id' is in list of keys: dict_keys(['is_deleted', 'messageFromSystem', 'seenMessage', '_id', 'role_name', 'full_name', 'date_of_birth', 'gender', 'address', 'email', 'phone_number', 'password', 'avatar', 'status', 'created_on', 'modified_on', 'created_by', 'modified_by']).
[SUCCESS][2025-12-25 08:13:13][case_setup.run_case:run_case:114] [PASSED] Value is equal. Expected: '69496b7e3a739f3bcffdeefa', Actual: '69496b7e3a739f3bcffdeefa'.
[INFO][2025-12-25 08:13:13][case_setup.run_case:run_case:73] Key: status_code, Value: 200
[SUCCESS][2025-12-25 08:13:13][case_setup.run_case:run_case:80] [PASSED] Status code is equal. Expected: 200, Actual: 200.
[SUCCESS][2025-12-25 08:13:13][case_setup.run_case:run_case:117] Done case: Account02 - Get account by id
[SUCCESS][2025-12-25 08:13:13][case_setup.run_case:run_case:121] All test cases are done.
[INFO][2025-12-25 08:13:13][__main__:<module>:39] Total cases: 2
[INFO][2025-12-25 08:13:13][__main__:<module>:40] Pass cases: 2
[INFO][2025-12-25 08:13:13][__main__:<module>:41] Failed cases: 0
[INFO][2025-12-25 08:13:13][__main__:<module>:42] Skip cases: 0
[INFO][2025-12-25 08:13:13][__main__:<module>:43] Detail result:
   index    case_no  ... detail             datetime
0      1  Account01  ...         2025-12-25 08:13:12
1      2  Account02  ...         2025-12-25 08:13:12

[2 rows x 6 columns]
[INFO][2025-12-25 08:13:13][common.client:logout:157] User: 'test_user_01@gmail.com', role: 'admin' logout.
[INFO][2025-12-25 08:13:13][common.client:logout:159] Logout info: 200, "User logged out successfully".
[INFO][2025-12-25 08:13:13][common.client:logout:157] User: 'test_user_07@gmail.com', role: 'student' logout.
[INFO][2025-12-25 08:13:14][common.client:logout:159] Logout info: 200, "User logged out successfully".
[INFO][2025-12-25 08:13:14][common.client:logout:157] User: 'test_user_02@gmail.com', role: 'teacher' logout.
[INFO][2025-12-25 08:13:14][common.client:logout:159] Logout info: 200, "User logged out successfully".
[SUCCESS][2025-12-25 08:13:14][__main__:<module>:52] ================== End testing ===================
[INFO][2025-12-25 08:15:22][common.common_setup:<module>:13] Base dir: /home/user/apitestcapprj
[INFO][2025-12-25 08:15:22][helpers.load_data:load_data:35] Loading data from '/home/user/apitestcapprj/configs/user_info.json'.
[SUCCESS][2025-12-25 08:15:22][helpers.load_data:load_data:41] Complete loading data from '/home/user/apitestcapprj/configs/user_info.json'.
[SUCCESS][2025-12-25 08:15:22][common.common_setup:<module>:22] Load client info successfully:
{
    "admin": {
        "email": "test_user_01@gmail.com",
        "password": "123456789"
    },
    "student": {
        "email": "test_user_07@gmail.com",
        "password": "123456789"
    },
    "teacher": {
        "email": "test_user_02@gmail.com",
        "password": "123456789"
    }
}
[INFO][2025-12-25 08:15:22][helpers.load_data:load_data:35] Loading data from '/home/user/apitestcapprj/data/request_body_template/role_request_body_template.json'.
[SUCCESS][2025-12-25 08:15:22][helpers.load_data:load_data:41] Complete loading data from '/home/user/apitestcapprj/data/request_body_template/role_request_body_template.json'.
[SUCCESS][2025-12-25 08:15:22][common.common_setup:<module>:28] Load role predata successfully:
{
    "predata": {
        "role_01": {
            "name": "API predata - role 01"
        }
    },
    "need_clear": [
        "API predata - role 01 - edited",
        "API csv - role 01"
    ]
}
[INFO][2025-12-25 08:15:22][helpers.load_data:load_data:35] Loading data from '/home/user/apitestcapprj/data/request_body_template/account_request_body_template.json'.
[SUCCESS][2025-12-25 08:15:22][helpers.load_data:load_data:41] Complete loading data from '/home/user/apitestcapprj/data/request_body_template/account_request_body_template.json'.
[SUCCESS][2025-12-25 08:15:22][common.common_setup:<module>:33] Load account predata successfully:
{
    "predata": {
        "account_01": {
            "role_name": "{student_role_name}",
            "full_name": "API predata - student account 01",
            "date_of_birth": "{datetime(%Y-%m-%d,0)}",
            "gender": "nam",
            "address": "API predata - student account 01 - address - {random_string(5)}",
            "email": "api_predata_admin_account_01@gmail.com",
            "phone_number": "1234567890",
            "password": "123456789",
            "confirmPassword": "123456789"
        }
    },
    "need_clear": [
        "API predata - student account 01"
    ]
}
[INFO][2025-12-25 08:15:22][common.client:login:143] Login with role: admin, email: test_user_01@gmail.com and password: 123456789.
[SUCCESS][2025-12-25 08:15:23][common.client:login:154] Login successfully.
[INFO][2025-12-25 08:15:23][common.client:login:143] Login with role: student, email: test_user_07@gmail.com and password: 123456789.
[SUCCESS][2025-12-25 08:15:24][common.client:login:154] Login successfully.
[INFO][2025-12-25 08:15:24][common.client:login:143] Login with role: teacher, email: test_user_02@gmail.com and password: 123456789.
[SUCCESS][2025-12-25 08:15:25][common.client:login:154] Login successfully.
[INFO][2025-12-25 08:15:25][__main__:<module>:9] ================= Start testing ==================
[INFO][2025-12-25 08:15:25][process_responses.account_process_response:clear_data:84] Clear data: API predata - student account 01
[INFO][2025-12-25 08:15:26][process_responses.account_process_response:delete_account:70] Delete account response: 200
[SUCCESS][2025-12-25 08:15:26][process_responses.account_process_response:clear_data:87] Complete clear data.
[SUCCESS][2025-12-25 08:15:27][process_responses.role_process_responses:get_all_roles:24] Get all roles successfully:
[
    {
        "_id": "69496b7d3a739f3bcffdeef7",
        "name": "admin",
        "created_on": "2025-12-22 23:02:05",
        "modified_on": "2025-12-22 23:02:05",
        "created_by": "data generation",
        "modified_by": "data generation"
    },
    {
        "_id": "69496b7d3a739f3bcffdeef8",
        "name": "teacher",
        "created_on": "2025-12-22 23:02:05",
        "modified_on": "2025-12-22 23:02:05",
        "created_by": "data generation",
        "modified_by": "data generation"
    },
    {
        "_id": "69496b7d3a739f3bcffdeef9",
        "name": "student",
        "created_on": "2025-12-22 23:02:05",
        "modified_on": "2025-12-22 23:02:05",
        "created_by": "data generation",
        "modified_by": "data generation"
    },
    {
        "_id": "694cc852d92216ca82f980b6",
        "name": "API predata - role 01",
        "__v": 0
    }
]
[SUCCESS][2025-12-25 08:15:29][process_responses.account_process_response:create_new_account_with_check:54] Create new account successfully:
{
    "role_name": "student",
    "full_name": "API predata - student account 01",
    "date_of_birth": "2025-12-25T00:00:00.000Z",
    "gender": "nam",
    "address": "API predata - student account 01 - address - uAHPF",
    "email": "api_predata_admin_account_01@gmail.com",
    "phone_number": "1234567890",
    "password": "$2b$10$lLURoManCJkPNlGLeSnfuOao9oxadsNN1vg9wuyK72cpTA.Z1X0z.",
    "is_deleted": false,
    "messageFromSystem": [],
    "seenMessage": [],
    "_id": "694cf2a0aeb730170e912668",
    "createdAt": "2025-12-25T08:15:28.840Z",
    "updatedAt": "2025-12-25T08:15:28.840Z",
    "__v": 0
}
[INFO][2025-12-25 08:15:29][case_setup.account_case_setup:account_case_setup:52] {
    "admin_role_name": "admin",
    "student_role_name": "student",
    "teacher_role_name": "student",
    "admin_role_id": "69496b7d3a739f3bcffdeef7",
    "student_role_id": "69496b7d3a739f3bcffdeef9",
    "admin_account_id": "69496b7e3a739f3bcffdeefa",
    "student_account_id": "694cb973322b96054111df4d",
    "account_01_id": "694cf2a0aeb730170e912668",
    "account_01_name": "API predata - student account 01"
}
[INFO][2025-12-25 08:15:29][helpers.load_data:load_data:35] Loading data from '/home/user/apitestcapprj/data/test_cases/account_test_cases.xlsx'.
[SUCCESS][2025-12-25 08:15:29][helpers.load_data:load_data:41] Complete loading data from '/home/user/apitestcapprj/data/test_cases/account_test_cases.xlsx'.
[SUCCESS][2025-12-25 08:15:29][case_setup.test_case_setup:test_case_setup:32] Test case setup successfully.
[INFO][2025-12-25 08:15:29][case_setup.test_case_setup:test_case_setup:33] Test case info:
[
    {
        "status": "Done",
        "case_no": "Account01",
        "author": "Nhat",
        "role": "admin",
        "title": "GetAllRoles",
        "description": "Get all accounts",
        "method": "GET",
        "api": "https://datn-be-steel.vercel.app/api/accounts",
        "request_body": null,
        "expected_result": {
            "_id": "69496b7e3a739f3bcffdeefa",
            "status_code": 200
        },
        "jira_number": NaN,
        "note": NaN
    },
    {
        "status": "Done",
        "case_no": "Account02",
        "author": "Nhat",
        "role": "admin",
        "title": "GetRoleById",
        "description": "Get account by id",
        "method": "GET",
        "api": "https://datn-be-steel.vercel.app/api/accounts/69496b7e3a739f3bcffdeefa",
        "request_body": null,
        "expected_result": {
            "_id": "69496b7e3a739f3bcffdeefa",
            "status_code": 200
        },
        "jira_number": NaN,
        "note": NaN
    }
]
[INFO][2025-12-25 08:15:29][case_setup.run_case:run_case:45] Run case: Account01 - Get all accounts
[INFO][2025-12-25 08:15:29][case_setup.run_case:run_case:56] Request body:
null
[INFO][2025-12-25 08:15:29][case_setup.run_case:run_case:68] Response:
200, [{"is_deleted":false,"messageFromSystem":[],"seenMessage":[],"_id":"69496b7e3a739f3bcffdeefa","role_name":"admin","full_name":"test_user_01","date_of_birth":"2012-12-26T00:00:00.000Z","gender":"Nữ","address":"Nghệ An","email":"test_user_01@gmail.com","phone_number":"1767111009","password":"$2b$10$MwR7xWmmGi9oN16IwVejY.7JWsaNAdnqID85Pt22BJsGX/x4uuRZy","avatar":"https://encrypted-tbn0.gstatic.com/images?q=tbn:ANd9GcTNnNH0c03eYhzzID8_Y6mHwZYYGjXLfnreH7RyT9f9GVRtT0yR7vklbKx3As07G6DCGYY&usqp=CAU","status":"active","created_on":"2025-12-22 23:02:06","modified_on":"2025-12-22 23:02:06","created_by":"data generation","modified_by":"data generation"},{"messageFromSystem":[],"seenMessage":[],"_id":"69496b7e3a739f3bcffdeefb","role_name":"teacher","full_name":"test_user_02","date_of_birth":"1932-09-16T00:00:00.000Z","gender":"Khác","address":"Gia Lai","email":"test_user_02@gmail.com","phone_number":"1767111020","password":"$2b$10$EVDd4TA2zsZoOFQEfa1/W.3DG.xgUt2ocWQf/SxShkDob9dlVPBZu","avatar":"https://encrypted-tbn0.gstatic.com/images?q=tbn:ANd9GcTNnNH0c03eYhzzID8_Y6mHwZYYGjXLfnreH7RyT9f9GVRtT0yR7vklbKx3As07G6DCGYY&usqp=CAU","status":"active","created_on":"2025-12-22 23:02:06","modified_on":"2025-12-22 23:02:06","created_by":"data generation","modified_by":"data generation","is_deleted":false,"updatedAt":"2025-12-24T07:53:53.287Z"},{"is_deleted":false,"messageFromSystem":[],"seenMessage":[],"_id":"69496b7e3a739f3bcffdeefc","role_name":"teacher","full_name":"test_user_03","date_of_birth":"2003-01-21T00:00:00.000Z","gender":"Nữ","address":"Vĩnh Long","email":"test_user_03@gmail.com","phone_number":"1767111025","password":"$2b$10$duxQOhN02rXJ6iFrHFcUUei2QzmtL37bpExOX4QBygXlvKmcchNpC","avatar":"https://encrypted-tbn0.gstatic.com/images?q=tbn:ANd9GcTNnNH0c03eYhzzID8_Y6mHwZYYGjXLfnreH7RyT9f9GVRtT0yR7vklbKx3As07G6DCGYY&usqp=CAU","status":"active","created_on":"2025-12-22 23:02:06","modified_on":"2025-12-22 23:02:06","created_by":"data generation","modified_by":"data generation"},{"is_deleted":false,"messageFromSystem":[],"seenMessage":[],"_id":"69496b7e3a739f3bcffdeefd","role_name":"teacher","full_name":"test_user_04","date_of_birth":"1956-12-05T00:00:00.000Z","gender":"Nam","address":"Đồng Nai","email":"test_user_04@gmail.com","phone_number":"1767111027","password":"$2b$10$G55YIQRomjn1SksdoO2YMeWGg45GMZC9oeh1b/hvIiyIkmLv6xR.e","avatar":"https://encrypted-tbn0.gstatic.com/images?q=tbn:ANd9GcTNnNH0c03eYhzzID8_Y6mHwZYYGjXLfnreH7RyT9f9GVRtT0yR7vklbKx3As07G6DCGYY&usqp=CAU","status":"active","created_on":"2025-12-22 23:02:06","modified_on":"2025-12-22 23:02:06","created_by":"data generation","modified_by":"data generation"},{"messageFromSystem":[],"seenMessage":[],"_id":"69496b7e3a739f3bcffdeefe","role_name":"teacher","full_name":"test_user_05","date_of_birth":"1929-12-25T00:00:00.000Z","gender":"Khác","address":"Khánh Hòa","email":"test_user_05@gmail.com","phone_number":"1767111029","password":"$2b$10$PE8VygYXhkNCcgxZliFQBunTg2HEJctZGSmsYJgSjlrywha4.PHHu","avatar":"https://encrypted-tbn0.gstatic.com/images?q=tbn:ANd9GcTNnNH0c03eYhzzID8_Y6mHwZYYGjXLfnreH7RyT9f9GVRtT0yR7vklbKx3As07G6DCGYY&usqp=CAU","status":"active","created_on":"2025-12-22 23:02:06","modified_on":"2025-12-22 23:02:06","created_by":"data generation","modified_by":"data generation","is_deleted":false,"updatedAt":"2025-12-23T11:18:16.591Z"},{"messageFromSystem":[],"seenMessage":[],"_id":"69496b7e3a739f3bcffdeeff","role_name":"teacher","full_name":"test_user_06","date_of_birth":"1945-12-15T00:00:00.000Z","gender":"Khác","address":"Thanh Hóa","email":"test_user_06@gmail.com","phone_number":"1767111031","password":"$2b$10$ktVlok3HlNQrWDM6t.B2UuIauOOfOmH1gBm49YgpZRqs6tQAmlFwa","avatar":"https://encrypted-tbn0.gstatic.com/images?q=tbn:ANd9GcTNnNH0c03eYhzzID8_Y6mHwZYYGjXLfnreH7RyT9f9GVRtT0yR7vklbKx3As07G6DCGYY&usqp=CAU","status":"active","created_on":"2025-12-22 23:02:06","modified_on":"2025-12-22 23:02:06","created_by":"data generation","modified_by":"data generation","is_deleted":false,"updatedAt":"2025-12-23T11:18:15.327Z"},{"seenMessage":[],"_id":"69496b7e3a739f3bcffdef00","role_name":"student","full_name":"test_user_07","date_of_birth":"1999-12-13T00:00:00.000Z","gender":"Nữ","address":"Nghệ An","email":"test_user_07@gmail.com","phone_number":"1767111032","password":"$2b$10$Pq/jhIbiwyQEQxdPpPRiJ.nHROYgbmxNS2R8PxCwcQNCMlzn0ZOdS","avatar":"https://encrypted-tbn0.gstatic.com/images?q=tbn:ANd9GcTNnNH0c03eYhzzID8_Y6mHwZYYGjXLfnreH7RyT9f9GVRtT0yR7vklbKx3As07G6DCGYY&usqp=CAU","status":"active","created_on":"2025-12-22 23:02:06","modified_on":"2025-12-22 23:02:06","created_by":"data generation","modified_by":"data generation","messageFromSystem":[" do có đánh giá bị báo xấu 2 lần trở lên"],"updatedAt":"2025-12-23T11:18:11.133Z","is_deleted":false},{"messageFromSystem":[],"seenMessage":[],"_id":"69496b7e3a739f3bcffdef01","role_name":"student","full_name":"test_user_08","date_of_birth":"1963-01-26T00:00:00.000Z","gender":"Khác","address":"Tuyên Quang","email":"test_user_08@gmail.com","phone_number":"1767111034","password":"$2b$10$4./7IPHl.ADVgoPrQMif3eoISExVbfQ53JAfBc6HxNVUW8.ZinnAS","avatar":"https://encrypted-tbn0.gstatic.com/images?q=tbn:ANd9GcTNnNH0c03eYhzzID8_Y6mHwZYYGjXLfnreH7RyT9f9GVRtT0yR7vklbKx3As07G6DCGYY&usqp=CAU","status":"active","created_on":"2025-12-22 23:02:06","modified_on":"2025-12-22 23:02:06","created_by":"data generation","modified_by":"data generation","is_deleted":false,"updatedAt":"2025-12-23T11:18:13.439Z"},{"seenMessage":[],"_id":"69496b7e3a739f3bcffdef02","role_name":"student","full_name":"test_user_09","date_of_birth":"2005-09-27T00:00:00.000Z","gender":"Nam","address":"Lào Cai","email":"test_user_09@gmail.com","phone_number":"1767111035","password":"$2b$10$b2fDKAJnbZ9sgFUA.RKAxeRYeTpUUb7EOOBcloE1YERklwMV6YXVe","avatar":"https://encrypted-tbn0.gstatic.com/images?q=tbn:ANd9GcTNnNH0c03eYhzzID8_Y6mHwZYYGjXLfnreH7RyT9f9GVRtT0yR7vklbKx3As07G6DCGYY&usqp=CAU","status":"active","created_on":"2025-12-22 23:02:06","modified_on":"2025-12-22 23:02:06","created_by":"data generation","modified_by":"data generation","is_deleted":false,"messageFromSystem":[],"updatedAt":"2025-12-23T11:19:38.416Z"},{"is_deleted":false,"messageFromSystem":[],"seenMessage":[],"_id":"69496b7e3a739f3bcffdef03","role_name":"student","full_name":"test_user_10","date_of_birth":"1929-08-13T00:00:00.000Z","gender":"Khác","address":"Đà Nẵng","email":"test_user_10@gmail.com","phone_number":"1767111036","password":"$2b$10$0BZXNWxLvaupT6jujMMskOsDSIWiIR7TCYG1J9882mckQaIyK..ui","avatar":"https://encrypted-tbn0.gstatic.com/images?q=tbn:ANd9GcTNnNH0c03eYhzzID8_Y6mHwZYYGjXLfnreH7RyT9f9GVRtT0yR7vklbKx3As07G6DCGYY&usqp=CAU","status":"active","created_on":"2025-12-22 23:02:06","modified_on":"2025-12-22 23:02:06","created_by":"data generation","modified_by":"data generation"},{"is_deleted":false,"messageFromSystem":[],"seenMessage":[],"_id":"69496b7e3a739f3bcffdef04","role_name":"student","full_name":"test_user_11","date_of_birth":"1994-02-17T00:00:00.000Z","gender":"Khác","address":"Thái Nguyên","email":"test_user_11@gmail.com","phone_number":"1767111038","password":"$2b$10$0.hDZrxibxZNMFGQzrilF.FXnl7Numy/pUNgiGRE5d7dVjz1OxLDC","avatar":"https://encrypted-tbn0.gstatic.com/images?q=tbn:ANd9GcTNnNH0c03eYhzzID8_Y6mHwZYYGjXLfnreH7RyT9f9GVRtT0yR7vklbKx3As07G6DCGYY&usqp=CAU","status":"active","created_on":"2025-12-22 23:02:06","modified_on":"2025-12-22 23:02:06","created_by":"data generation","modified_by":"data generation"},{"_id":"694a00a7d74fc315fb27dd3d","role_name":"student","full_name":"manual_test_student_01","date_of_birth":"2009-01-23T00:00:00.000Z","gender":"nam","address":"DaNang","email":"manual_test_student_01@gmail.com","phone_number":"1234567890","password":"$2b$10$yw4WSEKSkjQzdGHWMyLOs.WwhMis/qjYe83gNtQbZt7z1sykZKyxC","is_deleted":false,"messageFromSystem":[],"seenMessage":[],"createdAt":"2025-12-23T02:38:31.796Z","updatedAt":"2025-12-23T02:38:31.796Z","__v":0},{"_id":"694cb973322b96054111df4d","role_name":"student","full_name":"manual_test_student_02","date_of_birth":"2022-01-25T00:00:00.000Z","gender":"nữ","address":"DNN","email":"manual_test_student_02@gmail.com","phone_number":"1234567890","password":"$2b$10$Y6t.P652NkhgEiY0kw0RpOoKwwzYMbJKqBfRTr/RPf9qaFXt3.gua","is_deleted":false,"messageFromSystem":[],"seenMessage":[],"createdAt":"2025-12-25T04:11:31.940Z","updatedAt":"2025-12-25T04:11:31.940Z","__v":0},{"_id":"694cf2a0aeb730170e912668","role_name":"student","full_name":"API predata - student account 01","date_of_birth":"2025-12-25T00:00:00.000Z","gender":"nam","address":"API predata - student account 01 - address - uAHPF","email":"api_predata_admin_account_01@gmail.com","phone_number":"1234567890","password":"$2b$10$lLURoManCJkPNlGLeSnfuOao9oxadsNN1vg9wuyK72cpTA.Z1X0z.","is_deleted":false,"messageFromSystem":[],"seenMessage":[],"createdAt":"2025-12-25T08:15:28.840Z","updatedAt":"2025-12-25T08:15:28.840Z","__v":0}]
[INFO][2025-12-25 08:15:29][case_setup.run_case:run_case:71] Expected result: {'_id': '69496b7e3a739f3bcffdeefa', 'status_code': 200}
[INFO][2025-12-25 08:15:29][case_setup.run_case:run_case:73] Key: _id, Value: 69496b7e3a739f3bcffdeefa
[SUCCESS][2025-12-25 08:15:29][case_setup.run_case:run_case:97] [PASSED] Key: '_id' is in list of keys: dict_keys(['is_deleted', 'messageFromSystem', 'seenMessage', '_id', 'role_name', 'full_name', 'date_of_birth', 'gender', 'address', 'email', 'phone_number', 'password', 'avatar', 'status', 'created_on', 'modified_on', 'created_by', 'modified_by']).
[SUCCESS][2025-12-25 08:15:29][case_setup.run_case:run_case:106] [PASSED] Value: '['69496b7e3a739f3bcffdeefa', '69496b7e3a739f3bcffdeefb', '69496b7e3a739f3bcffdeefc', '69496b7e3a739f3bcffdeefd', '69496b7e3a739f3bcffdeefe', '69496b7e3a739f3bcffdeeff', '69496b7e3a739f3bcffdef00', '69496b7e3a739f3bcffdef01', '69496b7e3a739f3bcffdef02', '69496b7e3a739f3bcffdef03', '69496b7e3a739f3bcffdef04', '694a00a7d74fc315fb27dd3d', '694cb973322b96054111df4d', '694cf2a0aeb730170e912668']' is in list of values: '69496b7e3a739f3bcffdeefa'.
[INFO][2025-12-25 08:15:29][case_setup.run_case:run_case:73] Key: status_code, Value: 200
[SUCCESS][2025-12-25 08:15:29][case_setup.run_case:run_case:80] [PASSED] Status code is equal. Expected: 200, Actual: 200.
[SUCCESS][2025-12-25 08:15:29][case_setup.run_case:run_case:117] Done case: Account01 - Get all accounts
[INFO][2025-12-25 08:15:29][case_setup.run_case:run_case:45] Run case: Account02 - Get account by id
[INFO][2025-12-25 08:15:29][case_setup.run_case:run_case:56] Request body:
null
[INFO][2025-12-25 08:15:30][case_setup.run_case:run_case:68] Response:
200, {"is_deleted":false,"messageFromSystem":[],"seenMessage":[],"_id":"69496b7e3a739f3bcffdeefa","role_name":"admin","full_name":"test_user_01","date_of_birth":"2012-12-26T00:00:00.000Z","gender":"Nữ","address":"Nghệ An","email":"test_user_01@gmail.com","phone_number":"1767111009","password":"$2b$10$MwR7xWmmGi9oN16IwVejY.7JWsaNAdnqID85Pt22BJsGX/x4uuRZy","avatar":"https://encrypted-tbn0.gstatic.com/images?q=tbn:ANd9GcTNnNH0c03eYhzzID8_Y6mHwZYYGjXLfnreH7RyT9f9GVRtT0yR7vklbKx3As07G6DCGYY&usqp=CAU","status":"active","created_on":"2025-12-22 23:02:06","modified_on":"2025-12-22 23:02:06","created_by":"data generation","modified_by":"data generation"}
[INFO][2025-12-25 08:15:30][case_setup.run_case:run_case:71] Expected result: {'_id': '69496b7e3a739f3bcffdeefa', 'status_code': 200}
[INFO][2025-12-25 08:15:30][case_setup.run_case:run_case:73] Key: _id, Value: 69496b7e3a739f3bcffdeefa
[SUCCESS][2025-12-25 08:15:30][case_setup.run_case:run_case:97] [PASSED] Key: '_id' is in list of keys: dict_keys(['is_deleted', 'messageFromSystem', 'seenMessage', '_id', 'role_name', 'full_name', 'date_of_birth', 'gender', 'address', 'email', 'phone_number', 'password', 'avatar', 'status', 'created_on', 'modified_on', 'created_by', 'modified_by']).
[SUCCESS][2025-12-25 08:15:30][case_setup.run_case:run_case:114] [PASSED] Value is equal. Expected: '69496b7e3a739f3bcffdeefa', Actual: '69496b7e3a739f3bcffdeefa'.
[INFO][2025-12-25 08:15:30][case_setup.run_case:run_case:73] Key: status_code, Value: 200
[SUCCESS][2025-12-25 08:15:30][case_setup.run_case:run_case:80] [PASSED] Status code is equal. Expected: 200, Actual: 200.
[SUCCESS][2025-12-25 08:15:30][case_setup.run_case:run_case:117] Done case: Account02 - Get account by id
[SUCCESS][2025-12-25 08:15:30][case_setup.run_case:run_case:121] All test cases are done.
[INFO][2025-12-25 08:15:30][__main__:<module>:38] Total cases: 2
[INFO][2025-12-25 08:15:30][__main__:<module>:39] Pass cases: 2
[INFO][2025-12-25 08:15:30][__main__:<module>:40] Failed cases: 0
[INFO][2025-12-25 08:15:30][__main__:<module>:41] Detail result:
   index  result  ... detail             datetime
0      1  Passed  ...         2025-12-25 08:15:29
1      2  Passed  ...         2025-12-25 08:15:29

[2 rows x 6 columns]
[INFO][2025-12-25 08:15:30][common.client:logout:157] User: 'test_user_01@gmail.com', role: 'admin' logout.
[INFO][2025-12-25 08:15:30][common.client:logout:159] Logout info: 200, "User logged out successfully".
[INFO][2025-12-25 08:15:30][common.client:logout:157] User: 'test_user_07@gmail.com', role: 'student' logout.
[INFO][2025-12-25 08:15:31][common.client:logout:159] Logout info: 200, "User logged out successfully".
[INFO][2025-12-25 08:15:31][common.client:logout:157] User: 'test_user_02@gmail.com', role: 'teacher' logout.
[INFO][2025-12-25 08:15:31][common.client:logout:159] Logout info: 200, "User logged out successfully".
[SUCCESS][2025-12-25 08:15:31][__main__:<module>:50] ================== End testing ===================
[INFO][2025-12-25 08:18:14][common.common_setup:<module>:13] Base dir: /home/user/apitestcapprj
[INFO][2025-12-25 08:18:14][helpers.load_data:load_data:35] Loading data from '/home/user/apitestcapprj/configs/user_info.json'.
[SUCCESS][2025-12-25 08:18:14][helpers.load_data:load_data:41] Complete loading data from '/home/user/apitestcapprj/configs/user_info.json'.
[SUCCESS][2025-12-25 08:18:14][common.common_setup:<module>:22] Load client info successfully:
{
    "admin": {
        "email": "test_user_01@gmail.com",
        "password": "123456789"
    },
    "student": {
        "email": "test_user_07@gmail.com",
        "password": "123456789"
    },
    "teacher": {
        "email": "test_user_02@gmail.com",
        "password": "123456789"
    }
}
[INFO][2025-12-25 08:18:14][helpers.load_data:load_data:35] Loading data from '/home/user/apitestcapprj/data/request_body_template/role_request_body_template.json'.
[SUCCESS][2025-12-25 08:18:14][helpers.load_data:load_data:41] Complete loading data from '/home/user/apitestcapprj/data/request_body_template/role_request_body_template.json'.
[SUCCESS][2025-12-25 08:18:14][common.common_setup:<module>:28] Load role predata successfully:
{
    "predata": {
        "role_01": {
            "name": "API predata - role 01"
        }
    },
    "need_clear": [
        "API predata - role 01 - edited",
        "API csv - role 01"
    ]
}
[INFO][2025-12-25 08:18:14][helpers.load_data:load_data:35] Loading data from '/home/user/apitestcapprj/data/request_body_template/account_request_body_template.json'.
[SUCCESS][2025-12-25 08:18:14][helpers.load_data:load_data:41] Complete loading data from '/home/user/apitestcapprj/data/request_body_template/account_request_body_template.json'.
[SUCCESS][2025-12-25 08:18:14][common.common_setup:<module>:33] Load account predata successfully:
{
    "predata": {
        "account_01": {
            "role_name": "{student_role_name}",
            "full_name": "API predata - student account 01",
            "date_of_birth": "{datetime(%Y-%m-%d,0)}",
            "gender": "nam",
            "address": "API predata - student account 01 - address - {random_string(5)}",
            "email": "api_predata_admin_account_01@gmail.com",
            "phone_number": "1234567890",
            "password": "123456789",
            "confirmPassword": "123456789"
        }
    },
    "need_clear": [
        "API predata - student account 01"
    ]
}
[INFO][2025-12-25 08:18:14][common.client:login:143] Login with role: admin, email: test_user_01@gmail.com and password: 123456789.
[SUCCESS][2025-12-25 08:18:15][common.client:login:154] Login successfully.
[INFO][2025-12-25 08:18:15][common.client:login:143] Login with role: student, email: test_user_07@gmail.com and password: 123456789.
[SUCCESS][2025-12-25 08:18:16][common.client:login:154] Login successfully.
[INFO][2025-12-25 08:18:16][common.client:login:143] Login with role: teacher, email: test_user_02@gmail.com and password: 123456789.
[SUCCESS][2025-12-25 08:18:17][common.client:login:154] Login successfully.
[INFO][2025-12-25 08:18:17][__main__:<module>:9] ================= Start testing ==================
[INFO][2025-12-25 08:18:18][process_responses.account_process_response:clear_data:84] Clear data: API predata - student account 01
[INFO][2025-12-25 08:18:19][process_responses.account_process_response:delete_account:70] Delete account response: 200
[SUCCESS][2025-12-25 08:18:19][process_responses.account_process_response:clear_data:87] Complete clear data.
[SUCCESS][2025-12-25 08:18:19][process_responses.role_process_responses:get_all_roles:24] Get all roles successfully:
[
    {
        "_id": "69496b7d3a739f3bcffdeef7",
        "name": "admin",
        "created_on": "2025-12-22 23:02:05",
        "modified_on": "2025-12-22 23:02:05",
        "created_by": "data generation",
        "modified_by": "data generation"
    },
    {
        "_id": "69496b7d3a739f3bcffdeef8",
        "name": "teacher",
        "created_on": "2025-12-22 23:02:05",
        "modified_on": "2025-12-22 23:02:05",
        "created_by": "data generation",
        "modified_by": "data generation"
    },
    {
        "_id": "69496b7d3a739f3bcffdeef9",
        "name": "student",
        "created_on": "2025-12-22 23:02:05",
        "modified_on": "2025-12-22 23:02:05",
        "created_by": "data generation",
        "modified_by": "data generation"
    },
    {
        "_id": "694cc852d92216ca82f980b6",
        "name": "API predata - role 01",
        "__v": 0
    }
]
[SUCCESS][2025-12-25 08:18:21][process_responses.account_process_response:create_new_account_with_check:54] Create new account successfully:
{
    "role_name": "student",
    "full_name": "API predata - student account 01",
    "date_of_birth": "2025-12-25T00:00:00.000Z",
    "gender": "nam",
    "address": "API predata - student account 01 - address - uzwZm",
    "email": "api_predata_admin_account_01@gmail.com",
    "phone_number": "1234567890",
    "password": "$2b$10$fxjkni5xCJHv7QJST5HMDOA6ci1JjPZGfyLtFeqjG/LRe1WyVxm7y",
    "is_deleted": false,
    "messageFromSystem": [],
    "seenMessage": [],
    "_id": "694cf34daeb730170e912679",
    "createdAt": "2025-12-25T08:18:21.309Z",
    "updatedAt": "2025-12-25T08:18:21.309Z",
    "__v": 0
}
[INFO][2025-12-25 08:18:21][case_setup.account_case_setup:account_case_setup:52] {
    "admin_role_name": "admin",
    "student_role_name": "student",
    "teacher_role_name": "student",
    "admin_role_id": "69496b7d3a739f3bcffdeef7",
    "student_role_id": "69496b7d3a739f3bcffdeef9",
    "admin_account_id": "69496b7e3a739f3bcffdeefa",
    "student_account_id": "694cb973322b96054111df4d",
    "account_01_id": "694cf34daeb730170e912679",
    "account_01_name": "API predata - student account 01"
}
[INFO][2025-12-25 08:18:21][helpers.load_data:load_data:35] Loading data from '/home/user/apitestcapprj/data/test_cases/account_test_cases.xlsx'.
[SUCCESS][2025-12-25 08:18:21][helpers.load_data:load_data:41] Complete loading data from '/home/user/apitestcapprj/data/test_cases/account_test_cases.xlsx'.
[SUCCESS][2025-12-25 08:18:21][case_setup.test_case_setup:test_case_setup:32] Test case setup successfully.
[INFO][2025-12-25 08:18:21][case_setup.test_case_setup:test_case_setup:33] Test case info:
[
    {
        "status": "Done",
        "case_no": "Account01",
        "author": "Nhat",
        "role": "admin",
        "title": "GetAllRoles",
        "description": "Get all accounts",
        "method": "GET",
        "api": "https://datn-be-steel.vercel.app/api/accounts",
        "request_body": null,
        "expected_result": {
            "_id": "69496b7e3a739f3bcffdeefa",
            "status_code": 200
        },
        "jira_number": NaN,
        "note": NaN
    },
    {
        "status": "Done",
        "case_no": "Account02",
        "author": "Nhat",
        "role": "admin",
        "title": "GetRoleById",
        "description": "Get account by id",
        "method": "GET",
        "api": "https://datn-be-steel.vercel.app/api/accounts/69496b7e3a739f3bcffdeefa",
        "request_body": null,
        "expected_result": {
            "_id": "69496b7e3a739f3bcffdeefa",
            "status_code": 200
        },
        "jira_number": NaN,
        "note": NaN
    }
]
[INFO][2025-12-25 08:18:21][case_setup.run_case:run_case:45] Run case: Account01 - Get all accounts
[INFO][2025-12-25 08:18:21][case_setup.run_case:run_case:56] Request body:
null
[INFO][2025-12-25 08:18:22][case_setup.run_case:run_case:68] Response:
200, [{"is_deleted":false,"messageFromSystem":[],"seenMessage":[],"_id":"69496b7e3a739f3bcffdeefa","role_name":"admin","full_name":"test_user_01","date_of_birth":"2012-12-26T00:00:00.000Z","gender":"Nữ","address":"Nghệ An","email":"test_user_01@gmail.com","phone_number":"1767111009","password":"$2b$10$MwR7xWmmGi9oN16IwVejY.7JWsaNAdnqID85Pt22BJsGX/x4uuRZy","avatar":"https://encrypted-tbn0.gstatic.com/images?q=tbn:ANd9GcTNnNH0c03eYhzzID8_Y6mHwZYYGjXLfnreH7RyT9f9GVRtT0yR7vklbKx3As07G6DCGYY&usqp=CAU","status":"active","created_on":"2025-12-22 23:02:06","modified_on":"2025-12-22 23:02:06","created_by":"data generation","modified_by":"data generation"},{"messageFromSystem":[],"seenMessage":[],"_id":"69496b7e3a739f3bcffdeefb","role_name":"teacher","full_name":"test_user_02","date_of_birth":"1932-09-16T00:00:00.000Z","gender":"Khác","address":"Gia Lai","email":"test_user_02@gmail.com","phone_number":"1767111020","password":"$2b$10$EVDd4TA2zsZoOFQEfa1/W.3DG.xgUt2ocWQf/SxShkDob9dlVPBZu","avatar":"https://encrypted-tbn0.gstatic.com/images?q=tbn:ANd9GcTNnNH0c03eYhzzID8_Y6mHwZYYGjXLfnreH7RyT9f9GVRtT0yR7vklbKx3As07G6DCGYY&usqp=CAU","status":"active","created_on":"2025-12-22 23:02:06","modified_on":"2025-12-22 23:02:06","created_by":"data generation","modified_by":"data generation","is_deleted":false,"updatedAt":"2025-12-24T07:53:53.287Z"},{"is_deleted":false,"messageFromSystem":[],"seenMessage":[],"_id":"69496b7e3a739f3bcffdeefc","role_name":"teacher","full_name":"test_user_03","date_of_birth":"2003-01-21T00:00:00.000Z","gender":"Nữ","address":"Vĩnh Long","email":"test_user_03@gmail.com","phone_number":"1767111025","password":"$2b$10$duxQOhN02rXJ6iFrHFcUUei2QzmtL37bpExOX4QBygXlvKmcchNpC","avatar":"https://encrypted-tbn0.gstatic.com/images?q=tbn:ANd9GcTNnNH0c03eYhzzID8_Y6mHwZYYGjXLfnreH7RyT9f9GVRtT0yR7vklbKx3As07G6DCGYY&usqp=CAU","status":"active","created_on":"2025-12-22 23:02:06","modified_on":"2025-12-22 23:02:06","created_by":"data generation","modified_by":"data generation"},{"is_deleted":false,"messageFromSystem":[],"seenMessage":[],"_id":"69496b7e3a739f3bcffdeefd","role_name":"teacher","full_name":"test_user_04","date_of_birth":"1956-12-05T00:00:00.000Z","gender":"Nam","address":"Đồng Nai","email":"test_user_04@gmail.com","phone_number":"1767111027","password":"$2b$10$G55YIQRomjn1SksdoO2YMeWGg45GMZC9oeh1b/hvIiyIkmLv6xR.e","avatar":"https://encrypted-tbn0.gstatic.com/images?q=tbn:ANd9GcTNnNH0c03eYhzzID8_Y6mHwZYYGjXLfnreH7RyT9f9GVRtT0yR7vklbKx3As07G6DCGYY&usqp=CAU","status":"active","created_on":"2025-12-22 23:02:06","modified_on":"2025-12-22 23:02:06","created_by":"data generation","modified_by":"data generation"},{"messageFromSystem":[],"seenMessage":[],"_id":"69496b7e3a739f3bcffdeefe","role_name":"teacher","full_name":"test_user_05","date_of_birth":"1929-12-25T00:00:00.000Z","gender":"Khác","address":"Khánh Hòa","email":"test_user_05@gmail.com","phone_number":"1767111029","password":"$2b$10$PE8VygYXhkNCcgxZliFQBunTg2HEJctZGSmsYJgSjlrywha4.PHHu","avatar":"https://encrypted-tbn0.gstatic.com/images?q=tbn:ANd9GcTNnNH0c03eYhzzID8_Y6mHwZYYGjXLfnreH7RyT9f9GVRtT0yR7vklbKx3As07G6DCGYY&usqp=CAU","status":"active","created_on":"2025-12-22 23:02:06","modified_on":"2025-12-22 23:02:06","created_by":"data generation","modified_by":"data generation","is_deleted":false,"updatedAt":"2025-12-23T11:18:16.591Z"},{"messageFromSystem":[],"seenMessage":[],"_id":"69496b7e3a739f3bcffdeeff","role_name":"teacher","full_name":"test_user_06","date_of_birth":"1945-12-15T00:00:00.000Z","gender":"Khác","address":"Thanh Hóa","email":"test_user_06@gmail.com","phone_number":"1767111031","password":"$2b$10$ktVlok3HlNQrWDM6t.B2UuIauOOfOmH1gBm49YgpZRqs6tQAmlFwa","avatar":"https://encrypted-tbn0.gstatic.com/images?q=tbn:ANd9GcTNnNH0c03eYhzzID8_Y6mHwZYYGjXLfnreH7RyT9f9GVRtT0yR7vklbKx3As07G6DCGYY&usqp=CAU","status":"active","created_on":"2025-12-22 23:02:06","modified_on":"2025-12-22 23:02:06","created_by":"data generation","modified_by":"data generation","is_deleted":false,"updatedAt":"2025-12-23T11:18:15.327Z"},{"seenMessage":[],"_id":"69496b7e3a739f3bcffdef00","role_name":"student","full_name":"test_user_07","date_of_birth":"1999-12-13T00:00:00.000Z","gender":"Nữ","address":"Nghệ An","email":"test_user_07@gmail.com","phone_number":"1767111032","password":"$2b$10$Pq/jhIbiwyQEQxdPpPRiJ.nHROYgbmxNS2R8PxCwcQNCMlzn0ZOdS","avatar":"https://encrypted-tbn0.gstatic.com/images?q=tbn:ANd9GcTNnNH0c03eYhzzID8_Y6mHwZYYGjXLfnreH7RyT9f9GVRtT0yR7vklbKx3As07G6DCGYY&usqp=CAU","status":"active","created_on":"2025-12-22 23:02:06","modified_on":"2025-12-22 23:02:06","created_by":"data generation","modified_by":"data generation","messageFromSystem":[" do có đánh giá bị báo xấu 2 lần trở lên"],"updatedAt":"2025-12-23T11:18:11.133Z","is_deleted":false},{"messageFromSystem":[],"seenMessage":[],"_id":"69496b7e3a739f3bcffdef01","role_name":"student","full_name":"test_user_08","date_of_birth":"1963-01-26T00:00:00.000Z","gender":"Khác","address":"Tuyên Quang","email":"test_user_08@gmail.com","phone_number":"1767111034","password":"$2b$10$4./7IPHl.ADVgoPrQMif3eoISExVbfQ53JAfBc6HxNVUW8.ZinnAS","avatar":"https://encrypted-tbn0.gstatic.com/images?q=tbn:ANd9GcTNnNH0c03eYhzzID8_Y6mHwZYYGjXLfnreH7RyT9f9GVRtT0yR7vklbKx3As07G6DCGYY&usqp=CAU","status":"active","created_on":"2025-12-22 23:02:06","modified_on":"2025-12-22 23:02:06","created_by":"data generation","modified_by":"data generation","is_deleted":false,"updatedAt":"2025-12-23T11:18:13.439Z"},{"seenMessage":[],"_id":"69496b7e3a739f3bcffdef02","role_name":"student","full_name":"test_user_09","date_of_birth":"2005-09-27T00:00:00.000Z","gender":"Nam","address":"Lào Cai","email":"test_user_09@gmail.com","phone_number":"1767111035","password":"$2b$10$b2fDKAJnbZ9sgFUA.RKAxeRYeTpUUb7EOOBcloE1YERklwMV6YXVe","avatar":"https://encrypted-tbn0.gstatic.com/images?q=tbn:ANd9GcTNnNH0c03eYhzzID8_Y6mHwZYYGjXLfnreH7RyT9f9GVRtT0yR7vklbKx3As07G6DCGYY&usqp=CAU","status":"active","created_on":"2025-12-22 23:02:06","modified_on":"2025-12-22 23:02:06","created_by":"data generation","modified_by":"data generation","is_deleted":false,"messageFromSystem":[],"updatedAt":"2025-12-23T11:19:38.416Z"},{"is_deleted":false,"messageFromSystem":[],"seenMessage":[],"_id":"69496b7e3a739f3bcffdef03","role_name":"student","full_name":"test_user_10","date_of_birth":"1929-08-13T00:00:00.000Z","gender":"Khác","address":"Đà Nẵng","email":"test_user_10@gmail.com","phone_number":"1767111036","password":"$2b$10$0BZXNWxLvaupT6jujMMskOsDSIWiIR7TCYG1J9882mckQaIyK..ui","avatar":"https://encrypted-tbn0.gstatic.com/images?q=tbn:ANd9GcTNnNH0c03eYhzzID8_Y6mHwZYYGjXLfnreH7RyT9f9GVRtT0yR7vklbKx3As07G6DCGYY&usqp=CAU","status":"active","created_on":"2025-12-22 23:02:06","modified_on":"2025-12-22 23:02:06","created_by":"data generation","modified_by":"data generation"},{"is_deleted":false,"messageFromSystem":[],"seenMessage":[],"_id":"69496b7e3a739f3bcffdef04","role_name":"student","full_name":"test_user_11","date_of_birth":"1994-02-17T00:00:00.000Z","gender":"Khác","address":"Thái Nguyên","email":"test_user_11@gmail.com","phone_number":"1767111038","password":"$2b$10$0.hDZrxibxZNMFGQzrilF.FXnl7Numy/pUNgiGRE5d7dVjz1OxLDC","avatar":"https://encrypted-tbn0.gstatic.com/images?q=tbn:ANd9GcTNnNH0c03eYhzzID8_Y6mHwZYYGjXLfnreH7RyT9f9GVRtT0yR7vklbKx3As07G6DCGYY&usqp=CAU","status":"active","created_on":"2025-12-22 23:02:06","modified_on":"2025-12-22 23:02:06","created_by":"data generation","modified_by":"data generation"},{"_id":"694a00a7d74fc315fb27dd3d","role_name":"student","full_name":"manual_test_student_01","date_of_birth":"2009-01-23T00:00:00.000Z","gender":"nam","address":"DaNang","email":"manual_test_student_01@gmail.com","phone_number":"1234567890","password":"$2b$10$yw4WSEKSkjQzdGHWMyLOs.WwhMis/qjYe83gNtQbZt7z1sykZKyxC","is_deleted":false,"messageFromSystem":[],"seenMessage":[],"createdAt":"2025-12-23T02:38:31.796Z","updatedAt":"2025-12-23T02:38:31.796Z","__v":0},{"_id":"694cb973322b96054111df4d","role_name":"student","full_name":"manual_test_student_02","date_of_birth":"2022-01-25T00:00:00.000Z","gender":"nữ","address":"DNN","email":"manual_test_student_02@gmail.com","phone_number":"1234567890","password":"$2b$10$Y6t.P652NkhgEiY0kw0RpOoKwwzYMbJKqBfRTr/RPf9qaFXt3.gua","is_deleted":false,"messageFromSystem":[],"seenMessage":[],"createdAt":"2025-12-25T04:11:31.940Z","updatedAt":"2025-12-25T04:11:31.940Z","__v":0},{"_id":"694cf34daeb730170e912679","role_name":"student","full_name":"API predata - student account 01","date_of_birth":"2025-12-25T00:00:00.000Z","gender":"nam","address":"API predata - student account 01 - address - uzwZm","email":"api_predata_admin_account_01@gmail.com","phone_number":"1234567890","password":"$2b$10$fxjkni5xCJHv7QJST5HMDOA6ci1JjPZGfyLtFeqjG/LRe1WyVxm7y","is_deleted":false,"messageFromSystem":[],"seenMessage":[],"createdAt":"2025-12-25T08:18:21.309Z","updatedAt":"2025-12-25T08:18:21.309Z","__v":0}]
[INFO][2025-12-25 08:18:22][case_setup.run_case:run_case:71] Expected result: {'_id': '69496b7e3a739f3bcffdeefa', 'status_code': 200}
[INFO][2025-12-25 08:18:22][case_setup.run_case:run_case:73] Key: _id, Value: 69496b7e3a739f3bcffdeefa
[SUCCESS][2025-12-25 08:18:22][case_setup.run_case:run_case:97] [PASSED] Key: '_id' is in list of keys: dict_keys(['is_deleted', 'messageFromSystem', 'seenMessage', '_id', 'role_name', 'full_name', 'date_of_birth', 'gender', 'address', 'email', 'phone_number', 'password', 'avatar', 'status', 'created_on', 'modified_on', 'created_by', 'modified_by']).
[SUCCESS][2025-12-25 08:18:22][case_setup.run_case:run_case:106] [PASSED] Value: '['69496b7e3a739f3bcffdeefa', '69496b7e3a739f3bcffdeefb', '69496b7e3a739f3bcffdeefc', '69496b7e3a739f3bcffdeefd', '69496b7e3a739f3bcffdeefe', '69496b7e3a739f3bcffdeeff', '69496b7e3a739f3bcffdef00', '69496b7e3a739f3bcffdef01', '69496b7e3a739f3bcffdef02', '69496b7e3a739f3bcffdef03', '69496b7e3a739f3bcffdef04', '694a00a7d74fc315fb27dd3d', '694cb973322b96054111df4d', '694cf34daeb730170e912679']' is in list of values: '69496b7e3a739f3bcffdeefa'.
[INFO][2025-12-25 08:18:22][case_setup.run_case:run_case:73] Key: status_code, Value: 200
[SUCCESS][2025-12-25 08:18:22][case_setup.run_case:run_case:80] [PASSED] Status code is equal. Expected: 200, Actual: 200.
[SUCCESS][2025-12-25 08:18:22][case_setup.run_case:run_case:117] Done case: Account01 - Get all accounts
[INFO][2025-12-25 08:18:22][case_setup.run_case:run_case:45] Run case: Account02 - Get account by id
[INFO][2025-12-25 08:18:22][case_setup.run_case:run_case:56] Request body:
null
[INFO][2025-12-25 08:18:22][case_setup.run_case:run_case:68] Response:
200, {"is_deleted":false,"messageFromSystem":[],"seenMessage":[],"_id":"69496b7e3a739f3bcffdeefa","role_name":"admin","full_name":"test_user_01","date_of_birth":"2012-12-26T00:00:00.000Z","gender":"Nữ","address":"Nghệ An","email":"test_user_01@gmail.com","phone_number":"1767111009","password":"$2b$10$MwR7xWmmGi9oN16IwVejY.7JWsaNAdnqID85Pt22BJsGX/x4uuRZy","avatar":"https://encrypted-tbn0.gstatic.com/images?q=tbn:ANd9GcTNnNH0c03eYhzzID8_Y6mHwZYYGjXLfnreH7RyT9f9GVRtT0yR7vklbKx3As07G6DCGYY&usqp=CAU","status":"active","created_on":"2025-12-22 23:02:06","modified_on":"2025-12-22 23:02:06","created_by":"data generation","modified_by":"data generation"}
[INFO][2025-12-25 08:18:22][case_setup.run_case:run_case:71] Expected result: {'_id': '69496b7e3a739f3bcffdeefa', 'status_code': 200}
[INFO][2025-12-25 08:18:22][case_setup.run_case:run_case:73] Key: _id, Value: 69496b7e3a739f3bcffdeefa
[SUCCESS][2025-12-25 08:18:22][case_setup.run_case:run_case:97] [PASSED] Key: '_id' is in list of keys: dict_keys(['is_deleted', 'messageFromSystem', 'seenMessage', '_id', 'role_name', 'full_name', 'date_of_birth', 'gender', 'address', 'email', 'phone_number', 'password', 'avatar', 'status', 'created_on', 'modified_on', 'created_by', 'modified_by']).
[SUCCESS][2025-12-25 08:18:22][case_setup.run_case:run_case:114] [PASSED] Value is equal. Expected: '69496b7e3a739f3bcffdeefa', Actual: '69496b7e3a739f3bcffdeefa'.
[INFO][2025-12-25 08:18:22][case_setup.run_case:run_case:73] Key: status_code, Value: 200
[SUCCESS][2025-12-25 08:18:22][case_setup.run_case:run_case:80] [PASSED] Status code is equal. Expected: 200, Actual: 200.
[SUCCESS][2025-12-25 08:18:22][case_setup.run_case:run_case:117] Done case: Account02 - Get account by id
[SUCCESS][2025-12-25 08:18:22][case_setup.run_case:run_case:121] All test cases are done.
[INFO][2025-12-25 08:18:22][__main__:<module>:38] Total cases: 2
[INFO][2025-12-25 08:18:22][__main__:<module>:39] Pass cases: 2
[INFO][2025-12-25 08:18:22][__main__:<module>:40] Failed cases: 0
[INFO][2025-12-25 08:18:22][__main__:<module>:41] Detail result:
[{'index': 1, 'result': 'Passed', 'case_no': 'Account01', 'expected_result': {'_id': '69496b7e3a739f3bcffdeefa', 'status_code': 200}, 'detail': '', 'datetime': '2025-12-25 08:18:21'}, {'index': 2, 'result': 'Passed', 'case_no': 'Account02', 'expected_result': {'_id': '69496b7e3a739f3bcffdeefa', 'status_code': 200}, 'detail': '', 'datetime': '2025-12-25 08:18:21'}]
[INFO][2025-12-25 08:18:22][common.client:logout:157] User: 'test_user_01@gmail.com', role: 'admin' logout.
[INFO][2025-12-25 08:18:23][common.client:logout:159] Logout info: 200, "User logged out successfully".
[INFO][2025-12-25 08:18:23][common.client:logout:157] User: 'test_user_07@gmail.com', role: 'student' logout.
[INFO][2025-12-25 08:18:23][common.client:logout:159] Logout info: 200, "User logged out successfully".
[INFO][2025-12-25 08:18:23][common.client:logout:157] User: 'test_user_02@gmail.com', role: 'teacher' logout.
[INFO][2025-12-25 08:18:23][common.client:logout:159] Logout info: 200, "User logged out successfully".
[SUCCESS][2025-12-25 08:18:23][__main__:<module>:50] ================== End testing ===================
[INFO][2025-12-25 08:19:46][common.common_setup:<module>:13] Base dir: /home/user/apitestcapprj
[INFO][2025-12-25 08:19:46][helpers.load_data:load_data:35] Loading data from '/home/user/apitestcapprj/configs/user_info.json'.
[SUCCESS][2025-12-25 08:19:46][helpers.load_data:load_data:41] Complete loading data from '/home/user/apitestcapprj/configs/user_info.json'.
[SUCCESS][2025-12-25 08:19:46][common.common_setup:<module>:22] Load client info successfully:
{
    "admin": {
        "email": "test_user_01@gmail.com",
        "password": "123456789"
    },
    "student": {
        "email": "test_user_07@gmail.com",
        "password": "123456789"
    },
    "teacher": {
        "email": "test_user_02@gmail.com",
        "password": "123456789"
    }
}
[INFO][2025-12-25 08:19:46][helpers.load_data:load_data:35] Loading data from '/home/user/apitestcapprj/data/request_body_template/role_request_body_template.json'.
[SUCCESS][2025-12-25 08:19:46][helpers.load_data:load_data:41] Complete loading data from '/home/user/apitestcapprj/data/request_body_template/role_request_body_template.json'.
[SUCCESS][2025-12-25 08:19:46][common.common_setup:<module>:28] Load role predata successfully:
{
    "predata": {
        "role_01": {
            "name": "API predata - role 01"
        }
    },
    "need_clear": [
        "API predata - role 01 - edited",
        "API csv - role 01"
    ]
}
[INFO][2025-12-25 08:19:46][helpers.load_data:load_data:35] Loading data from '/home/user/apitestcapprj/data/request_body_template/account_request_body_template.json'.
[SUCCESS][2025-12-25 08:19:46][helpers.load_data:load_data:41] Complete loading data from '/home/user/apitestcapprj/data/request_body_template/account_request_body_template.json'.
[SUCCESS][2025-12-25 08:19:46][common.common_setup:<module>:33] Load account predata successfully:
{
    "predata": {
        "account_01": {
            "role_name": "{student_role_name}",
            "full_name": "API predata - student account 01",
            "date_of_birth": "{datetime(%Y-%m-%d,0)}",
            "gender": "nam",
            "address": "API predata - student account 01 - address - {random_string(5)}",
            "email": "api_predata_admin_account_01@gmail.com",
            "phone_number": "1234567890",
            "password": "123456789",
            "confirmPassword": "123456789"
        }
    },
    "need_clear": [
        "API predata - student account 01"
    ]
}
[INFO][2025-12-25 08:19:46][common.client:login:143] Login with role: admin, email: test_user_01@gmail.com and password: 123456789.
[SUCCESS][2025-12-25 08:19:47][common.client:login:154] Login successfully.
[INFO][2025-12-25 08:19:47][common.client:login:143] Login with role: student, email: test_user_07@gmail.com and password: 123456789.
[SUCCESS][2025-12-25 08:19:48][common.client:login:154] Login successfully.
[INFO][2025-12-25 08:19:48][common.client:login:143] Login with role: teacher, email: test_user_02@gmail.com and password: 123456789.
[SUCCESS][2025-12-25 08:19:49][common.client:login:154] Login successfully.
[INFO][2025-12-25 08:19:49][__main__:<module>:9] ================= Start testing ==================
[INFO][2025-12-25 08:19:50][process_responses.account_process_response:clear_data:84] Clear data: API predata - student account 01
[INFO][2025-12-25 08:19:51][process_responses.account_process_response:delete_account:70] Delete account response: 200
[SUCCESS][2025-12-25 08:19:51][process_responses.account_process_response:clear_data:87] Complete clear data.
[SUCCESS][2025-12-25 08:19:51][process_responses.role_process_responses:get_all_roles:24] Get all roles successfully:
[
    {
        "_id": "69496b7d3a739f3bcffdeef7",
        "name": "admin",
        "created_on": "2025-12-22 23:02:05",
        "modified_on": "2025-12-22 23:02:05",
        "created_by": "data generation",
        "modified_by": "data generation"
    },
    {
        "_id": "69496b7d3a739f3bcffdeef8",
        "name": "teacher",
        "created_on": "2025-12-22 23:02:05",
        "modified_on": "2025-12-22 23:02:05",
        "created_by": "data generation",
        "modified_by": "data generation"
    },
    {
        "_id": "69496b7d3a739f3bcffdeef9",
        "name": "student",
        "created_on": "2025-12-22 23:02:05",
        "modified_on": "2025-12-22 23:02:05",
        "created_by": "data generation",
        "modified_by": "data generation"
    },
    {
        "_id": "694cc852d92216ca82f980b6",
        "name": "API predata - role 01",
        "__v": 0
    }
]
[SUCCESS][2025-12-25 08:19:53][process_responses.account_process_response:create_new_account_with_check:54] Create new account successfully:
{
    "role_name": "student",
    "full_name": "API predata - student account 01",
    "date_of_birth": "2025-12-25T00:00:00.000Z",
    "gender": "nam",
    "address": "API predata - student account 01 - address - hNbxw",
    "email": "api_predata_admin_account_01@gmail.com",
    "phone_number": "1234567890",
    "password": "$2b$10$qm.k8BfCpScs71QLfM8w3uPUrd2sNm3iBcLNZ7gRvnq9e9KllIXaC",
    "is_deleted": false,
    "messageFromSystem": [],
    "seenMessage": [],
    "_id": "694cf3a9aeb730170e91268a",
    "createdAt": "2025-12-25T08:19:53.522Z",
    "updatedAt": "2025-12-25T08:19:53.522Z",
    "__v": 0
}
[INFO][2025-12-25 08:19:53][case_setup.account_case_setup:account_case_setup:52] {
    "admin_role_name": "admin",
    "student_role_name": "student",
    "teacher_role_name": "student",
    "admin_role_id": "69496b7d3a739f3bcffdeef7",
    "student_role_id": "69496b7d3a739f3bcffdeef9",
    "admin_account_id": "69496b7e3a739f3bcffdeefa",
    "student_account_id": "694cb973322b96054111df4d",
    "account_01_id": "694cf3a9aeb730170e91268a",
    "account_01_name": "API predata - student account 01"
}
[INFO][2025-12-25 08:19:53][helpers.load_data:load_data:35] Loading data from '/home/user/apitestcapprj/data/test_cases/account_test_cases.xlsx'.
[SUCCESS][2025-12-25 08:19:53][helpers.load_data:load_data:41] Complete loading data from '/home/user/apitestcapprj/data/test_cases/account_test_cases.xlsx'.
[SUCCESS][2025-12-25 08:19:53][case_setup.test_case_setup:test_case_setup:32] Test case setup successfully.
[INFO][2025-12-25 08:19:53][case_setup.test_case_setup:test_case_setup:33] Test case info:
[
    {
        "status": "Done",
        "case_no": "Account01",
        "author": "Nhat",
        "role": "admin",
        "title": "GetAllRoles",
        "description": "Get all accounts",
        "method": "GET",
        "api": "https://datn-be-steel.vercel.app/api/accounts",
        "request_body": null,
        "expected_result": {
            "_id": "69496b7e3a739f3bcffdeefa",
            "status_code": 200
        },
        "jira_number": NaN,
        "note": NaN
    },
    {
        "status": "Done",
        "case_no": "Account02",
        "author": "Nhat",
        "role": "admin",
        "title": "GetRoleById",
        "description": "Get account by id",
        "method": "GET",
        "api": "https://datn-be-steel.vercel.app/api/accounts/69496b7e3a739f3bcffdeefa",
        "request_body": null,
        "expected_result": {
            "_id": "69496b7e3a739f3bcffdeefa",
            "status_code": 200
        },
        "jira_number": NaN,
        "note": NaN
    }
]
[INFO][2025-12-25 08:19:53][case_setup.run_case:run_case:45] Run case: Account01 - Get all accounts
[INFO][2025-12-25 08:19:53][case_setup.run_case:run_case:56] Request body:
null
[INFO][2025-12-25 08:19:54][case_setup.run_case:run_case:68] Response:
200, [{"is_deleted":false,"messageFromSystem":[],"seenMessage":[],"_id":"69496b7e3a739f3bcffdeefa","role_name":"admin","full_name":"test_user_01","date_of_birth":"2012-12-26T00:00:00.000Z","gender":"Nữ","address":"Nghệ An","email":"test_user_01@gmail.com","phone_number":"1767111009","password":"$2b$10$MwR7xWmmGi9oN16IwVejY.7JWsaNAdnqID85Pt22BJsGX/x4uuRZy","avatar":"https://encrypted-tbn0.gstatic.com/images?q=tbn:ANd9GcTNnNH0c03eYhzzID8_Y6mHwZYYGjXLfnreH7RyT9f9GVRtT0yR7vklbKx3As07G6DCGYY&usqp=CAU","status":"active","created_on":"2025-12-22 23:02:06","modified_on":"2025-12-22 23:02:06","created_by":"data generation","modified_by":"data generation"},{"messageFromSystem":[],"seenMessage":[],"_id":"69496b7e3a739f3bcffdeefb","role_name":"teacher","full_name":"test_user_02","date_of_birth":"1932-09-16T00:00:00.000Z","gender":"Khác","address":"Gia Lai","email":"test_user_02@gmail.com","phone_number":"1767111020","password":"$2b$10$EVDd4TA2zsZoOFQEfa1/W.3DG.xgUt2ocWQf/SxShkDob9dlVPBZu","avatar":"https://encrypted-tbn0.gstatic.com/images?q=tbn:ANd9GcTNnNH0c03eYhzzID8_Y6mHwZYYGjXLfnreH7RyT9f9GVRtT0yR7vklbKx3As07G6DCGYY&usqp=CAU","status":"active","created_on":"2025-12-22 23:02:06","modified_on":"2025-12-22 23:02:06","created_by":"data generation","modified_by":"data generation","is_deleted":false,"updatedAt":"2025-12-24T07:53:53.287Z"},{"is_deleted":false,"messageFromSystem":[],"seenMessage":[],"_id":"69496b7e3a739f3bcffdeefc","role_name":"teacher","full_name":"test_user_03","date_of_birth":"2003-01-21T00:00:00.000Z","gender":"Nữ","address":"Vĩnh Long","email":"test_user_03@gmail.com","phone_number":"1767111025","password":"$2b$10$duxQOhN02rXJ6iFrHFcUUei2QzmtL37bpExOX4QBygXlvKmcchNpC","avatar":"https://encrypted-tbn0.gstatic.com/images?q=tbn:ANd9GcTNnNH0c03eYhzzID8_Y6mHwZYYGjXLfnreH7RyT9f9GVRtT0yR7vklbKx3As07G6DCGYY&usqp=CAU","status":"active","created_on":"2025-12-22 23:02:06","modified_on":"2025-12-22 23:02:06","created_by":"data generation","modified_by":"data generation"},{"is_deleted":false,"messageFromSystem":[],"seenMessage":[],"_id":"69496b7e3a739f3bcffdeefd","role_name":"teacher","full_name":"test_user_04","date_of_birth":"1956-12-05T00:00:00.000Z","gender":"Nam","address":"Đồng Nai","email":"test_user_04@gmail.com","phone_number":"1767111027","password":"$2b$10$G55YIQRomjn1SksdoO2YMeWGg45GMZC9oeh1b/hvIiyIkmLv6xR.e","avatar":"https://encrypted-tbn0.gstatic.com/images?q=tbn:ANd9GcTNnNH0c03eYhzzID8_Y6mHwZYYGjXLfnreH7RyT9f9GVRtT0yR7vklbKx3As07G6DCGYY&usqp=CAU","status":"active","created_on":"2025-12-22 23:02:06","modified_on":"2025-12-22 23:02:06","created_by":"data generation","modified_by":"data generation"},{"messageFromSystem":[],"seenMessage":[],"_id":"69496b7e3a739f3bcffdeefe","role_name":"teacher","full_name":"test_user_05","date_of_birth":"1929-12-25T00:00:00.000Z","gender":"Khác","address":"Khánh Hòa","email":"test_user_05@gmail.com","phone_number":"1767111029","password":"$2b$10$PE8VygYXhkNCcgxZliFQBunTg2HEJctZGSmsYJgSjlrywha4.PHHu","avatar":"https://encrypted-tbn0.gstatic.com/images?q=tbn:ANd9GcTNnNH0c03eYhzzID8_Y6mHwZYYGjXLfnreH7RyT9f9GVRtT0yR7vklbKx3As07G6DCGYY&usqp=CAU","status":"active","created_on":"2025-12-22 23:02:06","modified_on":"2025-12-22 23:02:06","created_by":"data generation","modified_by":"data generation","is_deleted":false,"updatedAt":"2025-12-23T11:18:16.591Z"},{"messageFromSystem":[],"seenMessage":[],"_id":"69496b7e3a739f3bcffdeeff","role_name":"teacher","full_name":"test_user_06","date_of_birth":"1945-12-15T00:00:00.000Z","gender":"Khác","address":"Thanh Hóa","email":"test_user_06@gmail.com","phone_number":"1767111031","password":"$2b$10$ktVlok3HlNQrWDM6t.B2UuIauOOfOmH1gBm49YgpZRqs6tQAmlFwa","avatar":"https://encrypted-tbn0.gstatic.com/images?q=tbn:ANd9GcTNnNH0c03eYhzzID8_Y6mHwZYYGjXLfnreH7RyT9f9GVRtT0yR7vklbKx3As07G6DCGYY&usqp=CAU","status":"active","created_on":"2025-12-22 23:02:06","modified_on":"2025-12-22 23:02:06","created_by":"data generation","modified_by":"data generation","is_deleted":false,"updatedAt":"2025-12-23T11:18:15.327Z"},{"seenMessage":[],"_id":"69496b7e3a739f3bcffdef00","role_name":"student","full_name":"test_user_07","date_of_birth":"1999-12-13T00:00:00.000Z","gender":"Nữ","address":"Nghệ An","email":"test_user_07@gmail.com","phone_number":"1767111032","password":"$2b$10$Pq/jhIbiwyQEQxdPpPRiJ.nHROYgbmxNS2R8PxCwcQNCMlzn0ZOdS","avatar":"https://encrypted-tbn0.gstatic.com/images?q=tbn:ANd9GcTNnNH0c03eYhzzID8_Y6mHwZYYGjXLfnreH7RyT9f9GVRtT0yR7vklbKx3As07G6DCGYY&usqp=CAU","status":"active","created_on":"2025-12-22 23:02:06","modified_on":"2025-12-22 23:02:06","created_by":"data generation","modified_by":"data generation","messageFromSystem":[" do có đánh giá bị báo xấu 2 lần trở lên"],"updatedAt":"2025-12-23T11:18:11.133Z","is_deleted":false},{"messageFromSystem":[],"seenMessage":[],"_id":"69496b7e3a739f3bcffdef01","role_name":"student","full_name":"test_user_08","date_of_birth":"1963-01-26T00:00:00.000Z","gender":"Khác","address":"Tuyên Quang","email":"test_user_08@gmail.com","phone_number":"1767111034","password":"$2b$10$4./7IPHl.ADVgoPrQMif3eoISExVbfQ53JAfBc6HxNVUW8.ZinnAS","avatar":"https://encrypted-tbn0.gstatic.com/images?q=tbn:ANd9GcTNnNH0c03eYhzzID8_Y6mHwZYYGjXLfnreH7RyT9f9GVRtT0yR7vklbKx3As07G6DCGYY&usqp=CAU","status":"active","created_on":"2025-12-22 23:02:06","modified_on":"2025-12-22 23:02:06","created_by":"data generation","modified_by":"data generation","is_deleted":false,"updatedAt":"2025-12-23T11:18:13.439Z"},{"seenMessage":[],"_id":"69496b7e3a739f3bcffdef02","role_name":"student","full_name":"test_user_09","date_of_birth":"2005-09-27T00:00:00.000Z","gender":"Nam","address":"Lào Cai","email":"test_user_09@gmail.com","phone_number":"1767111035","password":"$2b$10$b2fDKAJnbZ9sgFUA.RKAxeRYeTpUUb7EOOBcloE1YERklwMV6YXVe","avatar":"https://encrypted-tbn0.gstatic.com/images?q=tbn:ANd9GcTNnNH0c03eYhzzID8_Y6mHwZYYGjXLfnreH7RyT9f9GVRtT0yR7vklbKx3As07G6DCGYY&usqp=CAU","status":"active","created_on":"2025-12-22 23:02:06","modified_on":"2025-12-22 23:02:06","created_by":"data generation","modified_by":"data generation","is_deleted":false,"messageFromSystem":[],"updatedAt":"2025-12-23T11:19:38.416Z"},{"is_deleted":false,"messageFromSystem":[],"seenMessage":[],"_id":"69496b7e3a739f3bcffdef03","role_name":"student","full_name":"test_user_10","date_of_birth":"1929-08-13T00:00:00.000Z","gender":"Khác","address":"Đà Nẵng","email":"test_user_10@gmail.com","phone_number":"1767111036","password":"$2b$10$0BZXNWxLvaupT6jujMMskOsDSIWiIR7TCYG1J9882mckQaIyK..ui","avatar":"https://encrypted-tbn0.gstatic.com/images?q=tbn:ANd9GcTNnNH0c03eYhzzID8_Y6mHwZYYGjXLfnreH7RyT9f9GVRtT0yR7vklbKx3As07G6DCGYY&usqp=CAU","status":"active","created_on":"2025-12-22 23:02:06","modified_on":"2025-12-22 23:02:06","created_by":"data generation","modified_by":"data generation"},{"is_deleted":false,"messageFromSystem":[],"seenMessage":[],"_id":"69496b7e3a739f3bcffdef04","role_name":"student","full_name":"test_user_11","date_of_birth":"1994-02-17T00:00:00.000Z","gender":"Khác","address":"Thái Nguyên","email":"test_user_11@gmail.com","phone_number":"1767111038","password":"$2b$10$0.hDZrxibxZNMFGQzrilF.FXnl7Numy/pUNgiGRE5d7dVjz1OxLDC","avatar":"https://encrypted-tbn0.gstatic.com/images?q=tbn:ANd9GcTNnNH0c03eYhzzID8_Y6mHwZYYGjXLfnreH7RyT9f9GVRtT0yR7vklbKx3As07G6DCGYY&usqp=CAU","status":"active","created_on":"2025-12-22 23:02:06","modified_on":"2025-12-22 23:02:06","created_by":"data generation","modified_by":"data generation"},{"_id":"694a00a7d74fc315fb27dd3d","role_name":"student","full_name":"manual_test_student_01","date_of_birth":"2009-01-23T00:00:00.000Z","gender":"nam","address":"DaNang","email":"manual_test_student_01@gmail.com","phone_number":"1234567890","password":"$2b$10$yw4WSEKSkjQzdGHWMyLOs.WwhMis/qjYe83gNtQbZt7z1sykZKyxC","is_deleted":false,"messageFromSystem":[],"seenMessage":[],"createdAt":"2025-12-23T02:38:31.796Z","updatedAt":"2025-12-23T02:38:31.796Z","__v":0},{"_id":"694cb973322b96054111df4d","role_name":"student","full_name":"manual_test_student_02","date_of_birth":"2022-01-25T00:00:00.000Z","gender":"nữ","address":"DNN","email":"manual_test_student_02@gmail.com","phone_number":"1234567890","password":"$2b$10$Y6t.P652NkhgEiY0kw0RpOoKwwzYMbJKqBfRTr/RPf9qaFXt3.gua","is_deleted":false,"messageFromSystem":[],"seenMessage":[],"createdAt":"2025-12-25T04:11:31.940Z","updatedAt":"2025-12-25T04:11:31.940Z","__v":0},{"_id":"694cf3a9aeb730170e91268a","role_name":"student","full_name":"API predata - student account 01","date_of_birth":"2025-12-25T00:00:00.000Z","gender":"nam","address":"API predata - student account 01 - address - hNbxw","email":"api_predata_admin_account_01@gmail.com","phone_number":"1234567890","password":"$2b$10$qm.k8BfCpScs71QLfM8w3uPUrd2sNm3iBcLNZ7gRvnq9e9KllIXaC","is_deleted":false,"messageFromSystem":[],"seenMessage":[],"createdAt":"2025-12-25T08:19:53.522Z","updatedAt":"2025-12-25T08:19:53.522Z","__v":0}]
[INFO][2025-12-25 08:19:54][case_setup.run_case:run_case:71] Expected result: {'_id': '69496b7e3a739f3bcffdeefa', 'status_code': 200}
[INFO][2025-12-25 08:19:54][case_setup.run_case:run_case:73] Key: _id, Value: 69496b7e3a739f3bcffdeefa
[SUCCESS][2025-12-25 08:19:54][case_setup.run_case:run_case:97] [PASSED] Key: '_id' is in list of keys: dict_keys(['is_deleted', 'messageFromSystem', 'seenMessage', '_id', 'role_name', 'full_name', 'date_of_birth', 'gender', 'address', 'email', 'phone_number', 'password', 'avatar', 'status', 'created_on', 'modified_on', 'created_by', 'modified_by']).
[SUCCESS][2025-12-25 08:19:54][case_setup.run_case:run_case:106] [PASSED] Value: '['69496b7e3a739f3bcffdeefa', '69496b7e3a739f3bcffdeefb', '69496b7e3a739f3bcffdeefc', '69496b7e3a739f3bcffdeefd', '69496b7e3a739f3bcffdeefe', '69496b7e3a739f3bcffdeeff', '69496b7e3a739f3bcffdef00', '69496b7e3a739f3bcffdef01', '69496b7e3a739f3bcffdef02', '69496b7e3a739f3bcffdef03', '69496b7e3a739f3bcffdef04', '694a00a7d74fc315fb27dd3d', '694cb973322b96054111df4d', '694cf3a9aeb730170e91268a']' is in list of values: '69496b7e3a739f3bcffdeefa'.
[INFO][2025-12-25 08:19:54][case_setup.run_case:run_case:73] Key: status_code, Value: 200
[SUCCESS][2025-12-25 08:19:54][case_setup.run_case:run_case:80] [PASSED] Status code is equal. Expected: 200, Actual: 200.
[SUCCESS][2025-12-25 08:19:54][case_setup.run_case:run_case:117] Done case: Account01 - Get all accounts
[INFO][2025-12-25 08:19:54][case_setup.run_case:run_case:45] Run case: Account02 - Get account by id
[INFO][2025-12-25 08:19:54][case_setup.run_case:run_case:56] Request body:
null
[INFO][2025-12-25 08:19:55][case_setup.run_case:run_case:68] Response:
200, {"is_deleted":false,"messageFromSystem":[],"seenMessage":[],"_id":"69496b7e3a739f3bcffdeefa","role_name":"admin","full_name":"test_user_01","date_of_birth":"2012-12-26T00:00:00.000Z","gender":"Nữ","address":"Nghệ An","email":"test_user_01@gmail.com","phone_number":"1767111009","password":"$2b$10$MwR7xWmmGi9oN16IwVejY.7JWsaNAdnqID85Pt22BJsGX/x4uuRZy","avatar":"https://encrypted-tbn0.gstatic.com/images?q=tbn:ANd9GcTNnNH0c03eYhzzID8_Y6mHwZYYGjXLfnreH7RyT9f9GVRtT0yR7vklbKx3As07G6DCGYY&usqp=CAU","status":"active","created_on":"2025-12-22 23:02:06","modified_on":"2025-12-22 23:02:06","created_by":"data generation","modified_by":"data generation"}
[INFO][2025-12-25 08:19:55][case_setup.run_case:run_case:71] Expected result: {'_id': '69496b7e3a739f3bcffdeefa', 'status_code': 200}
[INFO][2025-12-25 08:19:55][case_setup.run_case:run_case:73] Key: _id, Value: 69496b7e3a739f3bcffdeefa
[SUCCESS][2025-12-25 08:19:55][case_setup.run_case:run_case:97] [PASSED] Key: '_id' is in list of keys: dict_keys(['is_deleted', 'messageFromSystem', 'seenMessage', '_id', 'role_name', 'full_name', 'date_of_birth', 'gender', 'address', 'email', 'phone_number', 'password', 'avatar', 'status', 'created_on', 'modified_on', 'created_by', 'modified_by']).
[SUCCESS][2025-12-25 08:19:55][case_setup.run_case:run_case:114] [PASSED] Value is equal. Expected: '69496b7e3a739f3bcffdeefa', Actual: '69496b7e3a739f3bcffdeefa'.
[INFO][2025-12-25 08:19:55][case_setup.run_case:run_case:73] Key: status_code, Value: 200
[SUCCESS][2025-12-25 08:19:55][case_setup.run_case:run_case:80] [PASSED] Status code is equal. Expected: 200, Actual: 200.
[SUCCESS][2025-12-25 08:19:55][case_setup.run_case:run_case:117] Done case: Account02 - Get account by id
[SUCCESS][2025-12-25 08:19:55][case_setup.run_case:run_case:121] All test cases are done.
[INFO][2025-12-25 08:19:55][__main__:<module>:32] Total cases: 2
[INFO][2025-12-25 08:19:55][__main__:<module>:33] Pass cases: 2
[INFO][2025-12-25 08:19:55][__main__:<module>:34] Failed cases: 0
[INFO][2025-12-25 08:19:55][__main__:<module>:38] Detail result:
[
    {
        "index": 1,
        "result": "Passed",
        "case_no": "Account01",
        "expected_result": {
            "_id": "69496b7e3a739f3bcffdeefa",
            "status_code": 200
        },
        "detail": "",
        "datetime": "2025-12-25 08:19:53"
    },
    {
        "index": 2,
        "result": "Passed",
        "case_no": "Account02",
        "expected_result": {
            "_id": "69496b7e3a739f3bcffdeefa",
            "status_code": 200
        },
        "detail": "",
        "datetime": "2025-12-25 08:19:53"
    }
]
[INFO][2025-12-25 08:19:55][common.client:logout:157] User: 'test_user_01@gmail.com', role: 'admin' logout.
[INFO][2025-12-25 08:19:55][common.client:logout:159] Logout info: 200, "User logged out successfully".
[INFO][2025-12-25 08:19:55][common.client:logout:157] User: 'test_user_07@gmail.com', role: 'student' logout.
[INFO][2025-12-25 08:19:56][common.client:logout:159] Logout info: 200, "User logged out successfully".
[INFO][2025-12-25 08:19:56][common.client:logout:157] User: 'test_user_02@gmail.com', role: 'teacher' logout.
[INFO][2025-12-25 08:19:56][common.client:logout:159] Logout info: 200, "User logged out successfully".
[SUCCESS][2025-12-25 08:19:56][__main__:<module>:49] ================== End testing ===================
[INFO][2025-12-25 08:21:08][common.common_setup:<module>:13] Base dir: /home/user/apitestcapprj
[INFO][2025-12-25 08:21:08][helpers.load_data:load_data:35] Loading data from '/home/user/apitestcapprj/configs/user_info.json'.
[SUCCESS][2025-12-25 08:21:08][helpers.load_data:load_data:41] Complete loading data from '/home/user/apitestcapprj/configs/user_info.json'.
[SUCCESS][2025-12-25 08:21:08][common.common_setup:<module>:22] Load client info successfully:
{
    "admin": {
        "email": "test_user_01@gmail.com",
        "password": "123456789"
    },
    "student": {
        "email": "test_user_07@gmail.com",
        "password": "123456789"
    },
    "teacher": {
        "email": "test_user_02@gmail.com",
        "password": "123456789"
    }
}
[INFO][2025-12-25 08:21:08][helpers.load_data:load_data:35] Loading data from '/home/user/apitestcapprj/data/request_body_template/role_request_body_template.json'.
[SUCCESS][2025-12-25 08:21:08][helpers.load_data:load_data:41] Complete loading data from '/home/user/apitestcapprj/data/request_body_template/role_request_body_template.json'.
[SUCCESS][2025-12-25 08:21:08][common.common_setup:<module>:28] Load role predata successfully:
{
    "predata": {
        "role_01": {
            "name": "API predata - role 01"
        }
    },
    "need_clear": [
        "API predata - role 01 - edited",
        "API csv - role 01"
    ]
}
[INFO][2025-12-25 08:21:08][helpers.load_data:load_data:35] Loading data from '/home/user/apitestcapprj/data/request_body_template/account_request_body_template.json'.
[SUCCESS][2025-12-25 08:21:08][helpers.load_data:load_data:41] Complete loading data from '/home/user/apitestcapprj/data/request_body_template/account_request_body_template.json'.
[SUCCESS][2025-12-25 08:21:08][common.common_setup:<module>:33] Load account predata successfully:
{
    "predata": {
        "account_01": {
            "role_name": "{student_role_name}",
            "full_name": "API predata - student account 01",
            "date_of_birth": "{datetime(%Y-%m-%d,0)}",
            "gender": "nam",
            "address": "API predata - student account 01 - address - {random_string(5)}",
            "email": "api_predata_admin_account_01@gmail.com",
            "phone_number": "1234567890",
            "password": "123456789",
            "confirmPassword": "123456789"
        }
    },
    "need_clear": [
        "API predata - student account 01"
    ]
}
[INFO][2025-12-25 08:21:08][common.client:login:143] Login with role: admin, email: test_user_01@gmail.com and password: 123456789.
[SUCCESS][2025-12-25 08:21:09][common.client:login:154] Login successfully.
[INFO][2025-12-25 08:21:09][common.client:login:143] Login with role: student, email: test_user_07@gmail.com and password: 123456789.
[SUCCESS][2025-12-25 08:21:10][common.client:login:154] Login successfully.
[INFO][2025-12-25 08:21:10][common.client:login:143] Login with role: teacher, email: test_user_02@gmail.com and password: 123456789.
[SUCCESS][2025-12-25 08:21:12][common.client:login:154] Login successfully.
[INFO][2025-12-25 08:21:12][__main__:<module>:9] ================= Start testing ==================
[INFO][2025-12-25 08:21:12][process_responses.account_process_response:clear_data:84] Clear data: API predata - student account 01
[INFO][2025-12-25 08:21:13][process_responses.account_process_response:delete_account:70] Delete account response: 200
[SUCCESS][2025-12-25 08:21:13][process_responses.account_process_response:clear_data:87] Complete clear data.
[SUCCESS][2025-12-25 08:21:14][process_responses.role_process_responses:get_all_roles:24] Get all roles successfully:
[
    {
        "_id": "69496b7d3a739f3bcffdeef7",
        "name": "admin",
        "created_on": "2025-12-22 23:02:05",
        "modified_on": "2025-12-22 23:02:05",
        "created_by": "data generation",
        "modified_by": "data generation"
    },
    {
        "_id": "69496b7d3a739f3bcffdeef8",
        "name": "teacher",
        "created_on": "2025-12-22 23:02:05",
        "modified_on": "2025-12-22 23:02:05",
        "created_by": "data generation",
        "modified_by": "data generation"
    },
    {
        "_id": "69496b7d3a739f3bcffdeef9",
        "name": "student",
        "created_on": "2025-12-22 23:02:05",
        "modified_on": "2025-12-22 23:02:05",
        "created_by": "data generation",
        "modified_by": "data generation"
    },
    {
        "_id": "694cc852d92216ca82f980b6",
        "name": "API predata - role 01",
        "__v": 0
    }
]
[SUCCESS][2025-12-25 08:21:16][process_responses.account_process_response:create_new_account_with_check:54] Create new account successfully:
{
    "role_name": "student",
    "full_name": "API predata - student account 01",
    "date_of_birth": "2025-12-25T00:00:00.000Z",
    "gender": "nam",
    "address": "API predata - student account 01 - address - LcUXy",
    "email": "api_predata_admin_account_01@gmail.com",
    "phone_number": "1234567890",
    "password": "$2b$10$cpcnemzotaJLkWw9y5nkde67Np002IvukLk9XZP9vUeXYxVL68TbW",
    "is_deleted": false,
    "messageFromSystem": [],
    "seenMessage": [],
    "_id": "694cf3fcaeb730170e91269b",
    "createdAt": "2025-12-25T08:21:16.415Z",
    "updatedAt": "2025-12-25T08:21:16.415Z",
    "__v": 0
}
[INFO][2025-12-25 08:21:16][case_setup.account_case_setup:account_case_setup:52] {
    "admin_role_name": "admin",
    "student_role_name": "student",
    "teacher_role_name": "student",
    "admin_role_id": "69496b7d3a739f3bcffdeef7",
    "student_role_id": "69496b7d3a739f3bcffdeef9",
    "admin_account_id": "69496b7e3a739f3bcffdeefa",
    "student_account_id": "694cb973322b96054111df4d",
    "account_01_id": "694cf3fcaeb730170e91269b",
    "account_01_name": "API predata - student account 01"
}
[INFO][2025-12-25 08:21:16][helpers.load_data:load_data:35] Loading data from '/home/user/apitestcapprj/data/test_cases/account_test_cases.xlsx'.
[SUCCESS][2025-12-25 08:21:16][helpers.load_data:load_data:41] Complete loading data from '/home/user/apitestcapprj/data/test_cases/account_test_cases.xlsx'.
[SUCCESS][2025-12-25 08:21:16][case_setup.test_case_setup:test_case_setup:32] Test case setup successfully.
[INFO][2025-12-25 08:21:16][case_setup.test_case_setup:test_case_setup:33] Test case info:
[
    {
        "status": "Done",
        "case_no": "Account01",
        "author": "Nhat",
        "role": "admin",
        "title": "GetAllRoles",
        "description": "Get all accounts",
        "method": "GET",
        "api": "https://datn-be-steel.vercel.app/api/accounts",
        "request_body": null,
        "expected_result": {
            "_id": "69496b7e3a739f3bcffdeefa",
            "status_code": 200
        },
        "jira_number": NaN,
        "note": NaN
    },
    {
        "status": "Done",
        "case_no": "Account02",
        "author": "Nhat",
        "role": "admin",
        "title": "GetRoleById",
        "description": "Get account by id",
        "method": "GET",
        "api": "https://datn-be-steel.vercel.app/api/accounts/69496b7e3a739f3bcffdeefa",
        "request_body": null,
        "expected_result": {
            "_id": "69496b7e3a739f3bcffdeefa",
            "status_code": 200
        },
        "jira_number": NaN,
        "note": NaN
    }
]
[INFO][2025-12-25 08:21:16][case_setup.run_case:run_case:45] Run case: Account01 - Get all accounts
[INFO][2025-12-25 08:21:16][case_setup.run_case:run_case:56] Request body:
null
[INFO][2025-12-25 08:21:17][case_setup.run_case:run_case:68] Response:
200, [{"is_deleted":false,"messageFromSystem":[],"seenMessage":[],"_id":"69496b7e3a739f3bcffdeefa","role_name":"admin","full_name":"test_user_01","date_of_birth":"2012-12-26T00:00:00.000Z","gender":"Nữ","address":"Nghệ An","email":"test_user_01@gmail.com","phone_number":"1767111009","password":"$2b$10$MwR7xWmmGi9oN16IwVejY.7JWsaNAdnqID85Pt22BJsGX/x4uuRZy","avatar":"https://encrypted-tbn0.gstatic.com/images?q=tbn:ANd9GcTNnNH0c03eYhzzID8_Y6mHwZYYGjXLfnreH7RyT9f9GVRtT0yR7vklbKx3As07G6DCGYY&usqp=CAU","status":"active","created_on":"2025-12-22 23:02:06","modified_on":"2025-12-22 23:02:06","created_by":"data generation","modified_by":"data generation"},{"messageFromSystem":[],"seenMessage":[],"_id":"69496b7e3a739f3bcffdeefb","role_name":"teacher","full_name":"test_user_02","date_of_birth":"1932-09-16T00:00:00.000Z","gender":"Khác","address":"Gia Lai","email":"test_user_02@gmail.com","phone_number":"1767111020","password":"$2b$10$EVDd4TA2zsZoOFQEfa1/W.3DG.xgUt2ocWQf/SxShkDob9dlVPBZu","avatar":"https://encrypted-tbn0.gstatic.com/images?q=tbn:ANd9GcTNnNH0c03eYhzzID8_Y6mHwZYYGjXLfnreH7RyT9f9GVRtT0yR7vklbKx3As07G6DCGYY&usqp=CAU","status":"active","created_on":"2025-12-22 23:02:06","modified_on":"2025-12-22 23:02:06","created_by":"data generation","modified_by":"data generation","is_deleted":false,"updatedAt":"2025-12-24T07:53:53.287Z"},{"is_deleted":false,"messageFromSystem":[],"seenMessage":[],"_id":"69496b7e3a739f3bcffdeefc","role_name":"teacher","full_name":"test_user_03","date_of_birth":"2003-01-21T00:00:00.000Z","gender":"Nữ","address":"Vĩnh Long","email":"test_user_03@gmail.com","phone_number":"1767111025","password":"$2b$10$duxQOhN02rXJ6iFrHFcUUei2QzmtL37bpExOX4QBygXlvKmcchNpC","avatar":"https://encrypted-tbn0.gstatic.com/images?q=tbn:ANd9GcTNnNH0c03eYhzzID8_Y6mHwZYYGjXLfnreH7RyT9f9GVRtT0yR7vklbKx3As07G6DCGYY&usqp=CAU","status":"active","created_on":"2025-12-22 23:02:06","modified_on":"2025-12-22 23:02:06","created_by":"data generation","modified_by":"data generation"},{"is_deleted":false,"messageFromSystem":[],"seenMessage":[],"_id":"69496b7e3a739f3bcffdeefd","role_name":"teacher","full_name":"test_user_04","date_of_birth":"1956-12-05T00:00:00.000Z","gender":"Nam","address":"Đồng Nai","email":"test_user_04@gmail.com","phone_number":"1767111027","password":"$2b$10$G55YIQRomjn1SksdoO2YMeWGg45GMZC9oeh1b/hvIiyIkmLv6xR.e","avatar":"https://encrypted-tbn0.gstatic.com/images?q=tbn:ANd9GcTNnNH0c03eYhzzID8_Y6mHwZYYGjXLfnreH7RyT9f9GVRtT0yR7vklbKx3As07G6DCGYY&usqp=CAU","status":"active","created_on":"2025-12-22 23:02:06","modified_on":"2025-12-22 23:02:06","created_by":"data generation","modified_by":"data generation"},{"messageFromSystem":[],"seenMessage":[],"_id":"69496b7e3a739f3bcffdeefe","role_name":"teacher","full_name":"test_user_05","date_of_birth":"1929-12-25T00:00:00.000Z","gender":"Khác","address":"Khánh Hòa","email":"test_user_05@gmail.com","phone_number":"1767111029","password":"$2b$10$PE8VygYXhkNCcgxZliFQBunTg2HEJctZGSmsYJgSjlrywha4.PHHu","avatar":"https://encrypted-tbn0.gstatic.com/images?q=tbn:ANd9GcTNnNH0c03eYhzzID8_Y6mHwZYYGjXLfnreH7RyT9f9GVRtT0yR7vklbKx3As07G6DCGYY&usqp=CAU","status":"active","created_on":"2025-12-22 23:02:06","modified_on":"2025-12-22 23:02:06","created_by":"data generation","modified_by":"data generation","is_deleted":false,"updatedAt":"2025-12-23T11:18:16.591Z"},{"messageFromSystem":[],"seenMessage":[],"_id":"69496b7e3a739f3bcffdeeff","role_name":"teacher","full_name":"test_user_06","date_of_birth":"1945-12-15T00:00:00.000Z","gender":"Khác","address":"Thanh Hóa","email":"test_user_06@gmail.com","phone_number":"1767111031","password":"$2b$10$ktVlok3HlNQrWDM6t.B2UuIauOOfOmH1gBm49YgpZRqs6tQAmlFwa","avatar":"https://encrypted-tbn0.gstatic.com/images?q=tbn:ANd9GcTNnNH0c03eYhzzID8_Y6mHwZYYGjXLfnreH7RyT9f9GVRtT0yR7vklbKx3As07G6DCGYY&usqp=CAU","status":"active","created_on":"2025-12-22 23:02:06","modified_on":"2025-12-22 23:02:06","created_by":"data generation","modified_by":"data generation","is_deleted":false,"updatedAt":"2025-12-23T11:18:15.327Z"},{"seenMessage":[],"_id":"69496b7e3a739f3bcffdef00","role_name":"student","full_name":"test_user_07","date_of_birth":"1999-12-13T00:00:00.000Z","gender":"Nữ","address":"Nghệ An","email":"test_user_07@gmail.com","phone_number":"1767111032","password":"$2b$10$Pq/jhIbiwyQEQxdPpPRiJ.nHROYgbmxNS2R8PxCwcQNCMlzn0ZOdS","avatar":"https://encrypted-tbn0.gstatic.com/images?q=tbn:ANd9GcTNnNH0c03eYhzzID8_Y6mHwZYYGjXLfnreH7RyT9f9GVRtT0yR7vklbKx3As07G6DCGYY&usqp=CAU","status":"active","created_on":"2025-12-22 23:02:06","modified_on":"2025-12-22 23:02:06","created_by":"data generation","modified_by":"data generation","messageFromSystem":[" do có đánh giá bị báo xấu 2 lần trở lên"],"updatedAt":"2025-12-23T11:18:11.133Z","is_deleted":false},{"messageFromSystem":[],"seenMessage":[],"_id":"69496b7e3a739f3bcffdef01","role_name":"student","full_name":"test_user_08","date_of_birth":"1963-01-26T00:00:00.000Z","gender":"Khác","address":"Tuyên Quang","email":"test_user_08@gmail.com","phone_number":"1767111034","password":"$2b$10$4./7IPHl.ADVgoPrQMif3eoISExVbfQ53JAfBc6HxNVUW8.ZinnAS","avatar":"https://encrypted-tbn0.gstatic.com/images?q=tbn:ANd9GcTNnNH0c03eYhzzID8_Y6mHwZYYGjXLfnreH7RyT9f9GVRtT0yR7vklbKx3As07G6DCGYY&usqp=CAU","status":"active","created_on":"2025-12-22 23:02:06","modified_on":"2025-12-22 23:02:06","created_by":"data generation","modified_by":"data generation","is_deleted":false,"updatedAt":"2025-12-23T11:18:13.439Z"},{"seenMessage":[],"_id":"69496b7e3a739f3bcffdef02","role_name":"student","full_name":"test_user_09","date_of_birth":"2005-09-27T00:00:00.000Z","gender":"Nam","address":"Lào Cai","email":"test_user_09@gmail.com","phone_number":"1767111035","password":"$2b$10$b2fDKAJnbZ9sgFUA.RKAxeRYeTpUUb7EOOBcloE1YERklwMV6YXVe","avatar":"https://encrypted-tbn0.gstatic.com/images?q=tbn:ANd9GcTNnNH0c03eYhzzID8_Y6mHwZYYGjXLfnreH7RyT9f9GVRtT0yR7vklbKx3As07G6DCGYY&usqp=CAU","status":"active","created_on":"2025-12-22 23:02:06","modified_on":"2025-12-22 23:02:06","created_by":"data generation","modified_by":"data generation","is_deleted":false,"messageFromSystem":[],"updatedAt":"2025-12-23T11:19:38.416Z"},{"is_deleted":false,"messageFromSystem":[],"seenMessage":[],"_id":"69496b7e3a739f3bcffdef03","role_name":"student","full_name":"test_user_10","date_of_birth":"1929-08-13T00:00:00.000Z","gender":"Khác","address":"Đà Nẵng","email":"test_user_10@gmail.com","phone_number":"1767111036","password":"$2b$10$0BZXNWxLvaupT6jujMMskOsDSIWiIR7TCYG1J9882mckQaIyK..ui","avatar":"https://encrypted-tbn0.gstatic.com/images?q=tbn:ANd9GcTNnNH0c03eYhzzID8_Y6mHwZYYGjXLfnreH7RyT9f9GVRtT0yR7vklbKx3As07G6DCGYY&usqp=CAU","status":"active","created_on":"2025-12-22 23:02:06","modified_on":"2025-12-22 23:02:06","created_by":"data generation","modified_by":"data generation"},{"is_deleted":false,"messageFromSystem":[],"seenMessage":[],"_id":"69496b7e3a739f3bcffdef04","role_name":"student","full_name":"test_user_11","date_of_birth":"1994-02-17T00:00:00.000Z","gender":"Khác","address":"Thái Nguyên","email":"test_user_11@gmail.com","phone_number":"1767111038","password":"$2b$10$0.hDZrxibxZNMFGQzrilF.FXnl7Numy/pUNgiGRE5d7dVjz1OxLDC","avatar":"https://encrypted-tbn0.gstatic.com/images?q=tbn:ANd9GcTNnNH0c03eYhzzID8_Y6mHwZYYGjXLfnreH7RyT9f9GVRtT0yR7vklbKx3As07G6DCGYY&usqp=CAU","status":"active","created_on":"2025-12-22 23:02:06","modified_on":"2025-12-22 23:02:06","created_by":"data generation","modified_by":"data generation"},{"_id":"694a00a7d74fc315fb27dd3d","role_name":"student","full_name":"manual_test_student_01","date_of_birth":"2009-01-23T00:00:00.000Z","gender":"nam","address":"DaNang","email":"manual_test_student_01@gmail.com","phone_number":"1234567890","password":"$2b$10$yw4WSEKSkjQzdGHWMyLOs.WwhMis/qjYe83gNtQbZt7z1sykZKyxC","is_deleted":false,"messageFromSystem":[],"seenMessage":[],"createdAt":"2025-12-23T02:38:31.796Z","updatedAt":"2025-12-23T02:38:31.796Z","__v":0},{"_id":"694cb973322b96054111df4d","role_name":"student","full_name":"manual_test_student_02","date_of_birth":"2022-01-25T00:00:00.000Z","gender":"nữ","address":"DNN","email":"manual_test_student_02@gmail.com","phone_number":"1234567890","password":"$2b$10$Y6t.P652NkhgEiY0kw0RpOoKwwzYMbJKqBfRTr/RPf9qaFXt3.gua","is_deleted":false,"messageFromSystem":[],"seenMessage":[],"createdAt":"2025-12-25T04:11:31.940Z","updatedAt":"2025-12-25T04:11:31.940Z","__v":0},{"_id":"694cf3fcaeb730170e91269b","role_name":"student","full_name":"API predata - student account 01","date_of_birth":"2025-12-25T00:00:00.000Z","gender":"nam","address":"API predata - student account 01 - address - LcUXy","email":"api_predata_admin_account_01@gmail.com","phone_number":"1234567890","password":"$2b$10$cpcnemzotaJLkWw9y5nkde67Np002IvukLk9XZP9vUeXYxVL68TbW","is_deleted":false,"messageFromSystem":[],"seenMessage":[],"createdAt":"2025-12-25T08:21:16.415Z","updatedAt":"2025-12-25T08:21:16.415Z","__v":0}]
[INFO][2025-12-25 08:21:17][case_setup.run_case:run_case:71] Expected result: {'_id': '69496b7e3a739f3bcffdeefa', 'status_code': 200}
[INFO][2025-12-25 08:21:17][case_setup.run_case:run_case:73] Key: _id, Value: 69496b7e3a739f3bcffdeefa
[SUCCESS][2025-12-25 08:21:17][case_setup.run_case:run_case:97] [PASSED] Key: '_id' is in list of keys: dict_keys(['is_deleted', 'messageFromSystem', 'seenMessage', '_id', 'role_name', 'full_name', 'date_of_birth', 'gender', 'address', 'email', 'phone_number', 'password', 'avatar', 'status', 'created_on', 'modified_on', 'created_by', 'modified_by']).
[SUCCESS][2025-12-25 08:21:17][case_setup.run_case:run_case:106] [PASSED] Value: '['69496b7e3a739f3bcffdeefa', '69496b7e3a739f3bcffdeefb', '69496b7e3a739f3bcffdeefc', '69496b7e3a739f3bcffdeefd', '69496b7e3a739f3bcffdeefe', '69496b7e3a739f3bcffdeeff', '69496b7e3a739f3bcffdef00', '69496b7e3a739f3bcffdef01', '69496b7e3a739f3bcffdef02', '69496b7e3a739f3bcffdef03', '69496b7e3a739f3bcffdef04', '694a00a7d74fc315fb27dd3d', '694cb973322b96054111df4d', '694cf3fcaeb730170e91269b']' is in list of values: '69496b7e3a739f3bcffdeefa'.
[INFO][2025-12-25 08:21:17][case_setup.run_case:run_case:73] Key: status_code, Value: 200
[SUCCESS][2025-12-25 08:21:17][case_setup.run_case:run_case:80] [PASSED] Status code is equal. Expected: 200, Actual: 200.
[SUCCESS][2025-12-25 08:21:17][case_setup.run_case:run_case:117] Done case: Account01 - Get all accounts
[INFO][2025-12-25 08:21:17][case_setup.run_case:run_case:45] Run case: Account02 - Get account by id
[INFO][2025-12-25 08:21:17][case_setup.run_case:run_case:56] Request body:
null
[INFO][2025-12-25 08:21:18][case_setup.run_case:run_case:68] Response:
200, {"is_deleted":false,"messageFromSystem":[],"seenMessage":[],"_id":"69496b7e3a739f3bcffdeefa","role_name":"admin","full_name":"test_user_01","date_of_birth":"2012-12-26T00:00:00.000Z","gender":"Nữ","address":"Nghệ An","email":"test_user_01@gmail.com","phone_number":"1767111009","password":"$2b$10$MwR7xWmmGi9oN16IwVejY.7JWsaNAdnqID85Pt22BJsGX/x4uuRZy","avatar":"https://encrypted-tbn0.gstatic.com/images?q=tbn:ANd9GcTNnNH0c03eYhzzID8_Y6mHwZYYGjXLfnreH7RyT9f9GVRtT0yR7vklbKx3As07G6DCGYY&usqp=CAU","status":"active","created_on":"2025-12-22 23:02:06","modified_on":"2025-12-22 23:02:06","created_by":"data generation","modified_by":"data generation"}
[INFO][2025-12-25 08:21:18][case_setup.run_case:run_case:71] Expected result: {'_id': '69496b7e3a739f3bcffdeefa', 'status_code': 200}
[INFO][2025-12-25 08:21:18][case_setup.run_case:run_case:73] Key: _id, Value: 69496b7e3a739f3bcffdeefa
[SUCCESS][2025-12-25 08:21:18][case_setup.run_case:run_case:97] [PASSED] Key: '_id' is in list of keys: dict_keys(['is_deleted', 'messageFromSystem', 'seenMessage', '_id', 'role_name', 'full_name', 'date_of_birth', 'gender', 'address', 'email', 'phone_number', 'password', 'avatar', 'status', 'created_on', 'modified_on', 'created_by', 'modified_by']).
[SUCCESS][2025-12-25 08:21:18][case_setup.run_case:run_case:114] [PASSED] Value is equal. Expected: '69496b7e3a739f3bcffdeefa', Actual: '69496b7e3a739f3bcffdeefa'.
[INFO][2025-12-25 08:21:18][case_setup.run_case:run_case:73] Key: status_code, Value: 200
[SUCCESS][2025-12-25 08:21:18][case_setup.run_case:run_case:80] [PASSED] Status code is equal. Expected: 200, Actual: 200.
[SUCCESS][2025-12-25 08:21:18][case_setup.run_case:run_case:117] Done case: Account02 - Get account by id
[SUCCESS][2025-12-25 08:21:18][case_setup.run_case:run_case:121] All test cases are done.
[INFO][2025-12-25 08:21:18][__main__:<module>:32] Total cases: 2
[INFO][2025-12-25 08:21:18][__main__:<module>:33] Pass cases: 2
[INFO][2025-12-25 08:21:18][__main__:<module>:34] Failed cases: 0
[INFO][2025-12-25 08:21:18][__main__:<module>:38] Detail result:
[
    {
        "index": 1,
        "result": "Passed",
        "case_no": "Account01",
        "expected_result": {
            "_id": "69496b7e3a739f3bcffdeefa",
            "status_code": 200
        },
        "detail": "",
        "datetime": "2025-12-25 08:21:16"
    },
    {
        "index": 2,
        "result": "Passed",
        "case_no": "Account02",
        "expected_result": {
            "_id": "69496b7e3a739f3bcffdeefa",
            "status_code": 200
        },
        "detail": "",
        "datetime": "2025-12-25 08:21:16"
    }
]
[INFO][2025-12-25 08:21:18][common.client:logout:157] User: 'test_user_01@gmail.com', role: 'admin' logout.
[INFO][2025-12-25 08:21:18][common.client:logout:159] Logout info: 200, "User logged out successfully".
[INFO][2025-12-25 08:21:18][common.client:logout:157] User: 'test_user_07@gmail.com', role: 'student' logout.
[INFO][2025-12-25 08:21:19][common.client:logout:159] Logout info: 200, "User logged out successfully".
[INFO][2025-12-25 08:21:19][common.client:logout:157] User: 'test_user_02@gmail.com', role: 'teacher' logout.
[INFO][2025-12-25 08:21:19][common.client:logout:159] Logout info: 200, "User logged out successfully".
[SUCCESS][2025-12-25 08:21:19][__main__:<module>:49] ================== End testing ===================
[INFO][2025-12-25 08:24:41][common.common_setup:<module>:13] Base dir: /home/user/apitestcapprj
[INFO][2025-12-25 08:24:41][helpers.load_data:load_data:35] Loading data from '/home/user/apitestcapprj/configs/user_info.json'.
[SUCCESS][2025-12-25 08:24:41][helpers.load_data:load_data:41] Complete loading data from '/home/user/apitestcapprj/configs/user_info.json'.
[SUCCESS][2025-12-25 08:24:41][common.common_setup:<module>:22] Load client info successfully:
{
    "admin": {
        "email": "test_user_01@gmail.com",
        "password": "123456789"
    },
    "student": {
        "email": "test_user_07@gmail.com",
        "password": "123456789"
    },
    "teacher": {
        "email": "test_user_02@gmail.com",
        "password": "123456789"
    }
}
[INFO][2025-12-25 08:24:41][helpers.load_data:load_data:35] Loading data from '/home/user/apitestcapprj/data/request_body_template/role_request_body_template.json'.
[SUCCESS][2025-12-25 08:24:41][helpers.load_data:load_data:41] Complete loading data from '/home/user/apitestcapprj/data/request_body_template/role_request_body_template.json'.
[SUCCESS][2025-12-25 08:24:41][common.common_setup:<module>:28] Load role predata successfully:
{
    "predata": {
        "role_01": {
            "name": "API predata - role 01"
        }
    },
    "need_clear": [
        "API predata - role 01 - edited",
        "API csv - role 01"
    ]
}
[INFO][2025-12-25 08:24:41][helpers.load_data:load_data:35] Loading data from '/home/user/apitestcapprj/data/request_body_template/account_request_body_template.json'.
[SUCCESS][2025-12-25 08:24:41][helpers.load_data:load_data:41] Complete loading data from '/home/user/apitestcapprj/data/request_body_template/account_request_body_template.json'.
[SUCCESS][2025-12-25 08:24:41][common.common_setup:<module>:33] Load account predata successfully:
{
    "predata": {
        "account_01": {
            "role_name": "{student_role_name}",
            "full_name": "API predata - student account 01",
            "date_of_birth": "{datetime(%Y-%m-%d,0)}",
            "gender": "nam",
            "address": "API predata - student account 01 - address - {random_string(5)}",
            "email": "api_predata_admin_account_01@gmail.com",
            "phone_number": "1234567890",
            "password": "123456789",
            "confirmPassword": "123456789"
        }
    },
    "need_clear": [
        "API predata - student account 01"
    ]
}
[INFO][2025-12-25 08:24:41][common.client:login:143] Login with role: admin, email: test_user_01@gmail.com and password: 123456789.
[SUCCESS][2025-12-25 08:24:42][common.client:login:154] Login successfully.
[INFO][2025-12-25 08:24:42][common.client:login:143] Login with role: student, email: test_user_07@gmail.com and password: 123456789.
[SUCCESS][2025-12-25 08:24:43][common.client:login:154] Login successfully.
[INFO][2025-12-25 08:24:43][common.client:login:143] Login with role: teacher, email: test_user_02@gmail.com and password: 123456789.
[SUCCESS][2025-12-25 08:24:44][common.client:login:154] Login successfully.
[INFO][2025-12-25 08:24:44][__main__:<module>:9] ================= Start testing ==================
[INFO][2025-12-25 08:24:44][process_responses.account_process_response:clear_data:84] Clear data: API predata - student account 01
[INFO][2025-12-25 08:24:45][process_responses.account_process_response:delete_account:70] Delete account response: 200
[SUCCESS][2025-12-25 08:24:45][process_responses.account_process_response:clear_data:87] Complete clear data.
[SUCCESS][2025-12-25 08:24:46][process_responses.role_process_responses:get_all_roles:24] Get all roles successfully:
[
    {
        "_id": "69496b7d3a739f3bcffdeef7",
        "name": "admin",
        "created_on": "2025-12-22 23:02:05",
        "modified_on": "2025-12-22 23:02:05",
        "created_by": "data generation",
        "modified_by": "data generation"
    },
    {
        "_id": "69496b7d3a739f3bcffdeef8",
        "name": "teacher",
        "created_on": "2025-12-22 23:02:05",
        "modified_on": "2025-12-22 23:02:05",
        "created_by": "data generation",
        "modified_by": "data generation"
    },
    {
        "_id": "69496b7d3a739f3bcffdeef9",
        "name": "student",
        "created_on": "2025-12-22 23:02:05",
        "modified_on": "2025-12-22 23:02:05",
        "created_by": "data generation",
        "modified_by": "data generation"
    },
    {
        "_id": "694cc852d92216ca82f980b6",
        "name": "API predata - role 01",
        "__v": 0
    }
]
[SUCCESS][2025-12-25 08:24:48][process_responses.account_process_response:create_new_account_with_check:54] Create new account successfully:
{
    "role_name": "student",
    "full_name": "API predata - student account 01",
    "date_of_birth": "2025-12-25T00:00:00.000Z",
    "gender": "nam",
    "address": "API predata - student account 01 - address - pniKb",
    "email": "api_predata_admin_account_01@gmail.com",
    "phone_number": "1234567890",
    "password": "$2b$10$4mkfAHCLpWXflr.J0JKfQupDSUdTox9Hk3GifQbHwSnkcDpeCWr7q",
    "is_deleted": false,
    "messageFromSystem": [],
    "seenMessage": [],
    "_id": "694cf4cfaeb730170e9126ac",
    "createdAt": "2025-12-25T08:24:47.668Z",
    "updatedAt": "2025-12-25T08:24:47.668Z",
    "__v": 0
}
[INFO][2025-12-25 08:24:48][case_setup.account_case_setup:account_case_setup:52] {
    "admin_role_name": "admin",
    "student_role_name": "student",
    "teacher_role_name": "student",
    "admin_role_id": "69496b7d3a739f3bcffdeef7",
    "student_role_id": "69496b7d3a739f3bcffdeef9",
    "admin_account_id": "69496b7e3a739f3bcffdeefa",
    "student_account_id": "694cb973322b96054111df4d",
    "account_01_id": "694cf4cfaeb730170e9126ac",
    "account_01_name": "API predata - student account 01"
}
[INFO][2025-12-25 08:24:48][helpers.load_data:load_data:35] Loading data from '/home/user/apitestcapprj/data/test_cases/account_test_cases.xlsx'.
[SUCCESS][2025-12-25 08:24:48][helpers.load_data:load_data:41] Complete loading data from '/home/user/apitestcapprj/data/test_cases/account_test_cases.xlsx'.
[SUCCESS][2025-12-25 08:24:48][case_setup.test_case_setup:test_case_setup:32] Test case setup successfully.
[INFO][2025-12-25 08:24:48][case_setup.test_case_setup:test_case_setup:33] Test case info:
[
    {
        "status": "Done",
        "case_no": "Account01",
        "author": "Nhat",
        "role": "admin",
        "title": "GetAllRoles",
        "description": "Get all accounts",
        "method": "GET",
        "api": "https://datn-be-steel.vercel.app/api/accounts",
        "request_body": null,
        "expected_result": {
            "_id": "69496b7e3a739f3bcffdeefa",
            "status_code": 200
        },
        "jira_number": NaN,
        "note": NaN
    },
    {
        "status": "Done",
        "case_no": "Account02",
        "author": "Nhat",
        "role": "admin",
        "title": "GetRoleById",
        "description": "Get account by id",
        "method": "GET",
        "api": "https://datn-be-steel.vercel.app/api/accounts/69496b7e3a739f3bcffdeefa",
        "request_body": null,
        "expected_result": {
            "_id": "69496b7e3a739f3bcffdeefa",
            "status_code": 200
        },
        "jira_number": NaN,
        "note": NaN
    }
]
[INFO][2025-12-25 08:24:48][case_setup.run_case:run_case:45] Run case: Account01 - Get all accounts
[INFO][2025-12-25 08:24:48][case_setup.run_case:run_case:56] Request body:
null
[INFO][2025-12-25 08:24:48][case_setup.run_case:run_case:68] Response:
200, [{"is_deleted":false,"messageFromSystem":[],"seenMessage":[],"_id":"69496b7e3a739f3bcffdeefa","role_name":"admin","full_name":"test_user_01","date_of_birth":"2012-12-26T00:00:00.000Z","gender":"Nữ","address":"Nghệ An","email":"test_user_01@gmail.com","phone_number":"1767111009","password":"$2b$10$MwR7xWmmGi9oN16IwVejY.7JWsaNAdnqID85Pt22BJsGX/x4uuRZy","avatar":"https://encrypted-tbn0.gstatic.com/images?q=tbn:ANd9GcTNnNH0c03eYhzzID8_Y6mHwZYYGjXLfnreH7RyT9f9GVRtT0yR7vklbKx3As07G6DCGYY&usqp=CAU","status":"active","created_on":"2025-12-22 23:02:06","modified_on":"2025-12-22 23:02:06","created_by":"data generation","modified_by":"data generation"},{"messageFromSystem":[],"seenMessage":[],"_id":"69496b7e3a739f3bcffdeefb","role_name":"teacher","full_name":"test_user_02","date_of_birth":"1932-09-16T00:00:00.000Z","gender":"Khác","address":"Gia Lai","email":"test_user_02@gmail.com","phone_number":"1767111020","password":"$2b$10$EVDd4TA2zsZoOFQEfa1/W.3DG.xgUt2ocWQf/SxShkDob9dlVPBZu","avatar":"https://encrypted-tbn0.gstatic.com/images?q=tbn:ANd9GcTNnNH0c03eYhzzID8_Y6mHwZYYGjXLfnreH7RyT9f9GVRtT0yR7vklbKx3As07G6DCGYY&usqp=CAU","status":"active","created_on":"2025-12-22 23:02:06","modified_on":"2025-12-22 23:02:06","created_by":"data generation","modified_by":"data generation","is_deleted":false,"updatedAt":"2025-12-24T07:53:53.287Z"},{"is_deleted":false,"messageFromSystem":[],"seenMessage":[],"_id":"69496b7e3a739f3bcffdeefc","role_name":"teacher","full_name":"test_user_03","date_of_birth":"2003-01-21T00:00:00.000Z","gender":"Nữ","address":"Vĩnh Long","email":"test_user_03@gmail.com","phone_number":"1767111025","password":"$2b$10$duxQOhN02rXJ6iFrHFcUUei2QzmtL37bpExOX4QBygXlvKmcchNpC","avatar":"https://encrypted-tbn0.gstatic.com/images?q=tbn:ANd9GcTNnNH0c03eYhzzID8_Y6mHwZYYGjXLfnreH7RyT9f9GVRtT0yR7vklbKx3As07G6DCGYY&usqp=CAU","status":"active","created_on":"2025-12-22 23:02:06","modified_on":"2025-12-22 23:02:06","created_by":"data generation","modified_by":"data generation"},{"is_deleted":false,"messageFromSystem":[],"seenMessage":[],"_id":"69496b7e3a739f3bcffdeefd","role_name":"teacher","full_name":"test_user_04","date_of_birth":"1956-12-05T00:00:00.000Z","gender":"Nam","address":"Đồng Nai","email":"test_user_04@gmail.com","phone_number":"1767111027","password":"$2b$10$G55YIQRomjn1SksdoO2YMeWGg45GMZC9oeh1b/hvIiyIkmLv6xR.e","avatar":"https://encrypted-tbn0.gstatic.com/images?q=tbn:ANd9GcTNnNH0c03eYhzzID8_Y6mHwZYYGjXLfnreH7RyT9f9GVRtT0yR7vklbKx3As07G6DCGYY&usqp=CAU","status":"active","created_on":"2025-12-22 23:02:06","modified_on":"2025-12-22 23:02:06","created_by":"data generation","modified_by":"data generation"},{"messageFromSystem":[],"seenMessage":[],"_id":"69496b7e3a739f3bcffdeefe","role_name":"teacher","full_name":"test_user_05","date_of_birth":"1929-12-25T00:00:00.000Z","gender":"Khác","address":"Khánh Hòa","email":"test_user_05@gmail.com","phone_number":"1767111029","password":"$2b$10$PE8VygYXhkNCcgxZliFQBunTg2HEJctZGSmsYJgSjlrywha4.PHHu","avatar":"https://encrypted-tbn0.gstatic.com/images?q=tbn:ANd9GcTNnNH0c03eYhzzID8_Y6mHwZYYGjXLfnreH7RyT9f9GVRtT0yR7vklbKx3As07G6DCGYY&usqp=CAU","status":"active","created_on":"2025-12-22 23:02:06","modified_on":"2025-12-22 23:02:06","created_by":"data generation","modified_by":"data generation","is_deleted":false,"updatedAt":"2025-12-23T11:18:16.591Z"},{"messageFromSystem":[],"seenMessage":[],"_id":"69496b7e3a739f3bcffdeeff","role_name":"teacher","full_name":"test_user_06","date_of_birth":"1945-12-15T00:00:00.000Z","gender":"Khác","address":"Thanh Hóa","email":"test_user_06@gmail.com","phone_number":"1767111031","password":"$2b$10$ktVlok3HlNQrWDM6t.B2UuIauOOfOmH1gBm49YgpZRqs6tQAmlFwa","avatar":"https://encrypted-tbn0.gstatic.com/images?q=tbn:ANd9GcTNnNH0c03eYhzzID8_Y6mHwZYYGjXLfnreH7RyT9f9GVRtT0yR7vklbKx3As07G6DCGYY&usqp=CAU","status":"active","created_on":"2025-12-22 23:02:06","modified_on":"2025-12-22 23:02:06","created_by":"data generation","modified_by":"data generation","is_deleted":false,"updatedAt":"2025-12-23T11:18:15.327Z"},{"seenMessage":[],"_id":"69496b7e3a739f3bcffdef00","role_name":"student","full_name":"test_user_07","date_of_birth":"1999-12-13T00:00:00.000Z","gender":"Nữ","address":"Nghệ An","email":"test_user_07@gmail.com","phone_number":"1767111032","password":"$2b$10$Pq/jhIbiwyQEQxdPpPRiJ.nHROYgbmxNS2R8PxCwcQNCMlzn0ZOdS","avatar":"https://encrypted-tbn0.gstatic.com/images?q=tbn:ANd9GcTNnNH0c03eYhzzID8_Y6mHwZYYGjXLfnreH7RyT9f9GVRtT0yR7vklbKx3As07G6DCGYY&usqp=CAU","status":"active","created_on":"2025-12-22 23:02:06","modified_on":"2025-12-22 23:02:06","created_by":"data generation","modified_by":"data generation","messageFromSystem":[" do có đánh giá bị báo xấu 2 lần trở lên"],"updatedAt":"2025-12-23T11:18:11.133Z","is_deleted":false},{"messageFromSystem":[],"seenMessage":[],"_id":"69496b7e3a739f3bcffdef01","role_name":"student","full_name":"test_user_08","date_of_birth":"1963-01-26T00:00:00.000Z","gender":"Khác","address":"Tuyên Quang","email":"test_user_08@gmail.com","phone_number":"1767111034","password":"$2b$10$4./7IPHl.ADVgoPrQMif3eoISExVbfQ53JAfBc6HxNVUW8.ZinnAS","avatar":"https://encrypted-tbn0.gstatic.com/images?q=tbn:ANd9GcTNnNH0c03eYhzzID8_Y6mHwZYYGjXLfnreH7RyT9f9GVRtT0yR7vklbKx3As07G6DCGYY&usqp=CAU","status":"active","created_on":"2025-12-22 23:02:06","modified_on":"2025-12-22 23:02:06","created_by":"data generation","modified_by":"data generation","is_deleted":false,"updatedAt":"2025-12-23T11:18:13.439Z"},{"seenMessage":[],"_id":"69496b7e3a739f3bcffdef02","role_name":"student","full_name":"test_user_09","date_of_birth":"2005-09-27T00:00:00.000Z","gender":"Nam","address":"Lào Cai","email":"test_user_09@gmail.com","phone_number":"1767111035","password":"$2b$10$b2fDKAJnbZ9sgFUA.RKAxeRYeTpUUb7EOOBcloE1YERklwMV6YXVe","avatar":"https://encrypted-tbn0.gstatic.com/images?q=tbn:ANd9GcTNnNH0c03eYhzzID8_Y6mHwZYYGjXLfnreH7RyT9f9GVRtT0yR7vklbKx3As07G6DCGYY&usqp=CAU","status":"active","created_on":"2025-12-22 23:02:06","modified_on":"2025-12-22 23:02:06","created_by":"data generation","modified_by":"data generation","is_deleted":false,"messageFromSystem":[],"updatedAt":"2025-12-23T11:19:38.416Z"},{"is_deleted":false,"messageFromSystem":[],"seenMessage":[],"_id":"69496b7e3a739f3bcffdef03","role_name":"student","full_name":"test_user_10","date_of_birth":"1929-08-13T00:00:00.000Z","gender":"Khác","address":"Đà Nẵng","email":"test_user_10@gmail.com","phone_number":"1767111036","password":"$2b$10$0BZXNWxLvaupT6jujMMskOsDSIWiIR7TCYG1J9882mckQaIyK..ui","avatar":"https://encrypted-tbn0.gstatic.com/images?q=tbn:ANd9GcTNnNH0c03eYhzzID8_Y6mHwZYYGjXLfnreH7RyT9f9GVRtT0yR7vklbKx3As07G6DCGYY&usqp=CAU","status":"active","created_on":"2025-12-22 23:02:06","modified_on":"2025-12-22 23:02:06","created_by":"data generation","modified_by":"data generation"},{"is_deleted":false,"messageFromSystem":[],"seenMessage":[],"_id":"69496b7e3a739f3bcffdef04","role_name":"student","full_name":"test_user_11","date_of_birth":"1994-02-17T00:00:00.000Z","gender":"Khác","address":"Thái Nguyên","email":"test_user_11@gmail.com","phone_number":"1767111038","password":"$2b$10$0.hDZrxibxZNMFGQzrilF.FXnl7Numy/pUNgiGRE5d7dVjz1OxLDC","avatar":"https://encrypted-tbn0.gstatic.com/images?q=tbn:ANd9GcTNnNH0c03eYhzzID8_Y6mHwZYYGjXLfnreH7RyT9f9GVRtT0yR7vklbKx3As07G6DCGYY&usqp=CAU","status":"active","created_on":"2025-12-22 23:02:06","modified_on":"2025-12-22 23:02:06","created_by":"data generation","modified_by":"data generation"},{"_id":"694a00a7d74fc315fb27dd3d","role_name":"student","full_name":"manual_test_student_01","date_of_birth":"2009-01-23T00:00:00.000Z","gender":"nam","address":"DaNang","email":"manual_test_student_01@gmail.com","phone_number":"1234567890","password":"$2b$10$yw4WSEKSkjQzdGHWMyLOs.WwhMis/qjYe83gNtQbZt7z1sykZKyxC","is_deleted":false,"messageFromSystem":[],"seenMessage":[],"createdAt":"2025-12-23T02:38:31.796Z","updatedAt":"2025-12-23T02:38:31.796Z","__v":0},{"_id":"694cb973322b96054111df4d","role_name":"student","full_name":"manual_test_student_02","date_of_birth":"2022-01-25T00:00:00.000Z","gender":"nữ","address":"DNN","email":"manual_test_student_02@gmail.com","phone_number":"1234567890","password":"$2b$10$Y6t.P652NkhgEiY0kw0RpOoKwwzYMbJKqBfRTr/RPf9qaFXt3.gua","is_deleted":false,"messageFromSystem":[],"seenMessage":[],"createdAt":"2025-12-25T04:11:31.940Z","updatedAt":"2025-12-25T04:11:31.940Z","__v":0},{"_id":"694cf4cfaeb730170e9126ac","role_name":"student","full_name":"API predata - student account 01","date_of_birth":"2025-12-25T00:00:00.000Z","gender":"nam","address":"API predata - student account 01 - address - pniKb","email":"api_predata_admin_account_01@gmail.com","phone_number":"1234567890","password":"$2b$10$4mkfAHCLpWXflr.J0JKfQupDSUdTox9Hk3GifQbHwSnkcDpeCWr7q","is_deleted":false,"messageFromSystem":[],"seenMessage":[],"createdAt":"2025-12-25T08:24:47.668Z","updatedAt":"2025-12-25T08:24:47.668Z","__v":0}]
[INFO][2025-12-25 08:24:48][case_setup.run_case:run_case:71] Expected result: {'_id': '69496b7e3a739f3bcffdeefa', 'status_code': 200}
[INFO][2025-12-25 08:24:48][case_setup.run_case:run_case:73] Key: _id, Value: 69496b7e3a739f3bcffdeefa
[SUCCESS][2025-12-25 08:24:48][case_setup.run_case:run_case:97] [PASSED] Key: '_id' is in list of keys: dict_keys(['is_deleted', 'messageFromSystem', 'seenMessage', '_id', 'role_name', 'full_name', 'date_of_birth', 'gender', 'address', 'email', 'phone_number', 'password', 'avatar', 'status', 'created_on', 'modified_on', 'created_by', 'modified_by']).
[SUCCESS][2025-12-25 08:24:48][case_setup.run_case:run_case:106] [PASSED] Value: '['69496b7e3a739f3bcffdeefa', '69496b7e3a739f3bcffdeefb', '69496b7e3a739f3bcffdeefc', '69496b7e3a739f3bcffdeefd', '69496b7e3a739f3bcffdeefe', '69496b7e3a739f3bcffdeeff', '69496b7e3a739f3bcffdef00', '69496b7e3a739f3bcffdef01', '69496b7e3a739f3bcffdef02', '69496b7e3a739f3bcffdef03', '69496b7e3a739f3bcffdef04', '694a00a7d74fc315fb27dd3d', '694cb973322b96054111df4d', '694cf4cfaeb730170e9126ac']' is in list of values: '69496b7e3a739f3bcffdeefa'.
[INFO][2025-12-25 08:24:48][case_setup.run_case:run_case:73] Key: status_code, Value: 200
[SUCCESS][2025-12-25 08:24:48][case_setup.run_case:run_case:80] [PASSED] Status code is equal. Expected: 200, Actual: 200.
[SUCCESS][2025-12-25 08:24:48][case_setup.run_case:run_case:117] Done case: Account01 - Get all accounts
[INFO][2025-12-25 08:24:48][case_setup.run_case:run_case:45] Run case: Account02 - Get account by id
[INFO][2025-12-25 08:24:48][case_setup.run_case:run_case:56] Request body:
null
[INFO][2025-12-25 08:24:49][case_setup.run_case:run_case:68] Response:
200, {"is_deleted":false,"messageFromSystem":[],"seenMessage":[],"_id":"69496b7e3a739f3bcffdeefa","role_name":"admin","full_name":"test_user_01","date_of_birth":"2012-12-26T00:00:00.000Z","gender":"Nữ","address":"Nghệ An","email":"test_user_01@gmail.com","phone_number":"1767111009","password":"$2b$10$MwR7xWmmGi9oN16IwVejY.7JWsaNAdnqID85Pt22BJsGX/x4uuRZy","avatar":"https://encrypted-tbn0.gstatic.com/images?q=tbn:ANd9GcTNnNH0c03eYhzzID8_Y6mHwZYYGjXLfnreH7RyT9f9GVRtT0yR7vklbKx3As07G6DCGYY&usqp=CAU","status":"active","created_on":"2025-12-22 23:02:06","modified_on":"2025-12-22 23:02:06","created_by":"data generation","modified_by":"data generation"}
[INFO][2025-12-25 08:24:49][case_setup.run_case:run_case:71] Expected result: {'_id': '69496b7e3a739f3bcffdeefa', 'status_code': 200}
[INFO][2025-12-25 08:24:49][case_setup.run_case:run_case:73] Key: _id, Value: 69496b7e3a739f3bcffdeefa
[SUCCESS][2025-12-25 08:24:49][case_setup.run_case:run_case:97] [PASSED] Key: '_id' is in list of keys: dict_keys(['is_deleted', 'messageFromSystem', 'seenMessage', '_id', 'role_name', 'full_name', 'date_of_birth', 'gender', 'address', 'email', 'phone_number', 'password', 'avatar', 'status', 'created_on', 'modified_on', 'created_by', 'modified_by']).
[SUCCESS][2025-12-25 08:24:49][case_setup.run_case:run_case:114] [PASSED] Value is equal. Expected: '69496b7e3a739f3bcffdeefa', Actual: '69496b7e3a739f3bcffdeefa'.
[INFO][2025-12-25 08:24:49][case_setup.run_case:run_case:73] Key: status_code, Value: 200
[SUCCESS][2025-12-25 08:24:49][case_setup.run_case:run_case:80] [PASSED] Status code is equal. Expected: 200, Actual: 200.
[SUCCESS][2025-12-25 08:24:49][case_setup.run_case:run_case:117] Done case: Account02 - Get account by id
[SUCCESS][2025-12-25 08:24:49][case_setup.run_case:run_case:121] All test cases are done.
[INFO][2025-12-25 08:24:49][__main__:<module>:32] Total cases: 2
[INFO][2025-12-25 08:24:49][__main__:<module>:33] Pass cases: 2
[INFO][2025-12-25 08:24:49][__main__:<module>:34] Failed cases: 0
[INFO][2025-12-25 08:24:49][__main__:<module>:38] Detail result:
[
    {
        "index": 1,
        "result": "Passed",
        "case_no": "Account01",
        "expected_result": {
            "_id": "69496b7e3a739f3bcffdeefa",
            "status_code": 200
        },
        "detail": "",
        "datetime": "2025-12-25 15:24:48"
    },
    {
        "index": 2,
        "result": "Passed",
        "case_no": "Account02",
        "expected_result": {
            "_id": "69496b7e3a739f3bcffdeefa",
            "status_code": 200
        },
        "detail": "",
        "datetime": "2025-12-25 15:24:48"
    }
]
[INFO][2025-12-25 08:24:49][common.client:logout:157] User: 'test_user_01@gmail.com', role: 'admin' logout.
[INFO][2025-12-25 08:24:49][common.client:logout:159] Logout info: 200, "User logged out successfully".
[INFO][2025-12-25 08:24:49][common.client:logout:157] User: 'test_user_07@gmail.com', role: 'student' logout.
[INFO][2025-12-25 08:24:50][common.client:logout:159] Logout info: 200, "User logged out successfully".
[INFO][2025-12-25 08:24:50][common.client:logout:157] User: 'test_user_02@gmail.com', role: 'teacher' logout.
[INFO][2025-12-25 08:24:50][common.client:logout:159] Logout info: 200, "User logged out successfully".
[SUCCESS][2025-12-25 08:24:50][__main__:<module>:49] ================== End testing ===================
[INFO][2025-12-25 08:27:04][common.common_setup:<module>:13] Base dir: /home/user/apitestcapprj
[INFO][2025-12-25 08:27:04][helpers.load_data:load_data:35] Loading data from '/home/user/apitestcapprj/configs/user_info.json'.
[SUCCESS][2025-12-25 08:27:04][helpers.load_data:load_data:41] Complete loading data from '/home/user/apitestcapprj/configs/user_info.json'.
[SUCCESS][2025-12-25 08:27:04][common.common_setup:<module>:22] Load client info successfully:
{
    "admin": {
        "email": "test_user_01@gmail.com",
        "password": "123456789"
    },
    "student": {
        "email": "test_user_07@gmail.com",
        "password": "123456789"
    },
    "teacher": {
        "email": "test_user_02@gmail.com",
        "password": "123456789"
    }
}
[INFO][2025-12-25 08:27:04][helpers.load_data:load_data:35] Loading data from '/home/user/apitestcapprj/data/request_body_template/role_request_body_template.json'.
[SUCCESS][2025-12-25 08:27:04][helpers.load_data:load_data:41] Complete loading data from '/home/user/apitestcapprj/data/request_body_template/role_request_body_template.json'.
[SUCCESS][2025-12-25 08:27:04][common.common_setup:<module>:28] Load role predata successfully:
{
    "predata": {
        "role_01": {
            "name": "API predata - role 01"
        }
    },
    "need_clear": [
        "API predata - role 01 - edited",
        "API csv - role 01"
    ]
}
[INFO][2025-12-25 08:27:04][helpers.load_data:load_data:35] Loading data from '/home/user/apitestcapprj/data/request_body_template/account_request_body_template.json'.
[SUCCESS][2025-12-25 08:27:04][helpers.load_data:load_data:41] Complete loading data from '/home/user/apitestcapprj/data/request_body_template/account_request_body_template.json'.
[SUCCESS][2025-12-25 08:27:04][common.common_setup:<module>:33] Load account predata successfully:
{
    "predata": {
        "account_01": {
            "role_name": "{student_role_name}",
            "full_name": "API predata - student account 01",
            "date_of_birth": "{datetime(%Y-%m-%d,0)}",
            "gender": "nam",
            "address": "API predata - student account 01 - address - {random_string(5)}",
            "email": "api_predata_admin_account_01@gmail.com",
            "phone_number": "1234567890",
            "password": "123456789",
            "confirmPassword": "123456789"
        }
    },
    "need_clear": [
        "API predata - student account 01"
    ]
}
[INFO][2025-12-25 08:27:04][common.client:login:143] Login with role: admin, email: test_user_01@gmail.com and password: 123456789.
[SUCCESS][2025-12-25 08:27:05][common.client:login:154] Login successfully.
[INFO][2025-12-25 08:27:05][common.client:login:143] Login with role: student, email: test_user_07@gmail.com and password: 123456789.
[SUCCESS][2025-12-25 08:27:06][common.client:login:154] Login successfully.
[INFO][2025-12-25 08:27:06][common.client:login:143] Login with role: teacher, email: test_user_02@gmail.com and password: 123456789.
[SUCCESS][2025-12-25 08:27:07][common.client:login:154] Login successfully.
[INFO][2025-12-25 08:27:07][__main__:<module>:9] ================= Start testing ==================
[INFO][2025-12-25 08:27:08][process_responses.account_process_response:clear_data:84] Clear data: API predata - student account 01
[INFO][2025-12-25 08:27:09][process_responses.account_process_response:delete_account:70] Delete account response: 200
[SUCCESS][2025-12-25 08:27:09][process_responses.account_process_response:clear_data:87] Complete clear data.
[SUCCESS][2025-12-25 08:27:09][process_responses.role_process_responses:get_all_roles:24] Get all roles successfully:
[
    {
        "_id": "69496b7d3a739f3bcffdeef7",
        "name": "admin",
        "created_on": "2025-12-22 23:02:05",
        "modified_on": "2025-12-22 23:02:05",
        "created_by": "data generation",
        "modified_by": "data generation"
    },
    {
        "_id": "69496b7d3a739f3bcffdeef8",
        "name": "teacher",
        "created_on": "2025-12-22 23:02:05",
        "modified_on": "2025-12-22 23:02:05",
        "created_by": "data generation",
        "modified_by": "data generation"
    },
    {
        "_id": "69496b7d3a739f3bcffdeef9",
        "name": "student",
        "created_on": "2025-12-22 23:02:05",
        "modified_on": "2025-12-22 23:02:05",
        "created_by": "data generation",
        "modified_by": "data generation"
    },
    {
        "_id": "694cc852d92216ca82f980b6",
        "name": "API predata - role 01",
        "__v": 0
    }
]
[SUCCESS][2025-12-25 08:27:11][process_responses.account_process_response:create_new_account_with_check:54] Create new account successfully:
{
    "role_name": "student",
    "full_name": "API predata - student account 01",
    "date_of_birth": "2025-12-25T00:00:00.000Z",
    "gender": "nam",
    "address": "API predata - student account 01 - address - guUvH",
    "email": "api_predata_admin_account_01@gmail.com",
    "phone_number": "1234567890",
    "password": "$2b$10$8O29lYOx4ujTQ8FcJxa0eOUrivAIawlUNR8CX.xt.x4DL27IYpgpG",
    "is_deleted": false,
    "messageFromSystem": [],
    "seenMessage": [],
    "_id": "694cf55faeb730170e9126bd",
    "createdAt": "2025-12-25T08:27:11.119Z",
    "updatedAt": "2025-12-25T08:27:11.119Z",
    "__v": 0
}
[INFO][2025-12-25 08:27:11][case_setup.account_case_setup:account_case_setup:52] {
    "admin_role_name": "admin",
    "student_role_name": "student",
    "teacher_role_name": "student",
    "admin_role_id": "69496b7d3a739f3bcffdeef7",
    "student_role_id": "69496b7d3a739f3bcffdeef9",
    "admin_account_id": "69496b7e3a739f3bcffdeefa",
    "student_account_id": "694cb973322b96054111df4d",
    "account_01_id": "694cf55faeb730170e9126bd",
    "account_01_name": "API predata - student account 01"
}
[INFO][2025-12-25 08:27:11][helpers.load_data:load_data:35] Loading data from '/home/user/apitestcapprj/data/test_cases/account_test_cases.xlsx'.
[SUCCESS][2025-12-25 08:27:11][helpers.load_data:load_data:41] Complete loading data from '/home/user/apitestcapprj/data/test_cases/account_test_cases.xlsx'.
[SUCCESS][2025-12-25 08:27:11][case_setup.test_case_setup:test_case_setup:32] Test case setup successfully.
[INFO][2025-12-25 08:27:11][case_setup.test_case_setup:test_case_setup:33] Test case info:
[
    {
        "status": "Done",
        "case_no": "Account01",
        "author": "Nhat",
        "role": "admin",
        "title": "GetAllRoles",
        "description": "Get all accounts",
        "method": "GET",
        "api": "https://datn-be-steel.vercel.app/api/accounts",
        "request_body": null,
        "expected_result": {
            "_id": "69496b7e3a739f3bcffdeefa",
            "status_code": 200
        },
        "jira_number": NaN,
        "note": NaN
    },
    {
        "status": "Done",
        "case_no": "Account02",
        "author": "Nhat",
        "role": "admin",
        "title": "GetRoleById",
        "description": "Get account by id",
        "method": "GET",
        "api": "https://datn-be-steel.vercel.app/api/accounts/69496b7e3a739f3bcffdeefa",
        "request_body": null,
        "expected_result": {
            "_id": "69496b7e3a739f3bcffdeefa",
            "status_code": 200
        },
        "jira_number": NaN,
        "note": NaN
    }
]
[INFO][2025-12-25 08:27:11][case_setup.run_case:run_case:45] Run case: Account01 - Get all accounts
[INFO][2025-12-25 08:27:11][case_setup.run_case:run_case:56] Request body:
null
[INFO][2025-12-25 08:27:12][case_setup.run_case:run_case:68] Response:
200, [{"is_deleted":false,"messageFromSystem":[],"seenMessage":[],"_id":"69496b7e3a739f3bcffdeefa","role_name":"admin","full_name":"test_user_01","date_of_birth":"2012-12-26T00:00:00.000Z","gender":"Nữ","address":"Nghệ An","email":"test_user_01@gmail.com","phone_number":"1767111009","password":"$2b$10$MwR7xWmmGi9oN16IwVejY.7JWsaNAdnqID85Pt22BJsGX/x4uuRZy","avatar":"https://encrypted-tbn0.gstatic.com/images?q=tbn:ANd9GcTNnNH0c03eYhzzID8_Y6mHwZYYGjXLfnreH7RyT9f9GVRtT0yR7vklbKx3As07G6DCGYY&usqp=CAU","status":"active","created_on":"2025-12-22 23:02:06","modified_on":"2025-12-22 23:02:06","created_by":"data generation","modified_by":"data generation"},{"messageFromSystem":[],"seenMessage":[],"_id":"69496b7e3a739f3bcffdeefb","role_name":"teacher","full_name":"test_user_02","date_of_birth":"1932-09-16T00:00:00.000Z","gender":"Khác","address":"Gia Lai","email":"test_user_02@gmail.com","phone_number":"1767111020","password":"$2b$10$EVDd4TA2zsZoOFQEfa1/W.3DG.xgUt2ocWQf/SxShkDob9dlVPBZu","avatar":"https://encrypted-tbn0.gstatic.com/images?q=tbn:ANd9GcTNnNH0c03eYhzzID8_Y6mHwZYYGjXLfnreH7RyT9f9GVRtT0yR7vklbKx3As07G6DCGYY&usqp=CAU","status":"active","created_on":"2025-12-22 23:02:06","modified_on":"2025-12-22 23:02:06","created_by":"data generation","modified_by":"data generation","is_deleted":false,"updatedAt":"2025-12-24T07:53:53.287Z"},{"is_deleted":false,"messageFromSystem":[],"seenMessage":[],"_id":"69496b7e3a739f3bcffdeefc","role_name":"teacher","full_name":"test_user_03","date_of_birth":"2003-01-21T00:00:00.000Z","gender":"Nữ","address":"Vĩnh Long","email":"test_user_03@gmail.com","phone_number":"1767111025","password":"$2b$10$duxQOhN02rXJ6iFrHFcUUei2QzmtL37bpExOX4QBygXlvKmcchNpC","avatar":"https://encrypted-tbn0.gstatic.com/images?q=tbn:ANd9GcTNnNH0c03eYhzzID8_Y6mHwZYYGjXLfnreH7RyT9f9GVRtT0yR7vklbKx3As07G6DCGYY&usqp=CAU","status":"active","created_on":"2025-12-22 23:02:06","modified_on":"2025-12-22 23:02:06","created_by":"data generation","modified_by":"data generation"},{"is_deleted":false,"messageFromSystem":[],"seenMessage":[],"_id":"69496b7e3a739f3bcffdeefd","role_name":"teacher","full_name":"test_user_04","date_of_birth":"1956-12-05T00:00:00.000Z","gender":"Nam","address":"Đồng Nai","email":"test_user_04@gmail.com","phone_number":"1767111027","password":"$2b$10$G55YIQRomjn1SksdoO2YMeWGg45GMZC9oeh1b/hvIiyIkmLv6xR.e","avatar":"https://encrypted-tbn0.gstatic.com/images?q=tbn:ANd9GcTNnNH0c03eYhzzID8_Y6mHwZYYGjXLfnreH7RyT9f9GVRtT0yR7vklbKx3As07G6DCGYY&usqp=CAU","status":"active","created_on":"2025-12-22 23:02:06","modified_on":"2025-12-22 23:02:06","created_by":"data generation","modified_by":"data generation"},{"messageFromSystem":[],"seenMessage":[],"_id":"69496b7e3a739f3bcffdeefe","role_name":"teacher","full_name":"test_user_05","date_of_birth":"1929-12-25T00:00:00.000Z","gender":"Khác","address":"Khánh Hòa","email":"test_user_05@gmail.com","phone_number":"1767111029","password":"$2b$10$PE8VygYXhkNCcgxZliFQBunTg2HEJctZGSmsYJgSjlrywha4.PHHu","avatar":"https://encrypted-tbn0.gstatic.com/images?q=tbn:ANd9GcTNnNH0c03eYhzzID8_Y6mHwZYYGjXLfnreH7RyT9f9GVRtT0yR7vklbKx3As07G6DCGYY&usqp=CAU","status":"active","created_on":"2025-12-22 23:02:06","modified_on":"2025-12-22 23:02:06","created_by":"data generation","modified_by":"data generation","is_deleted":false,"updatedAt":"2025-12-23T11:18:16.591Z"},{"messageFromSystem":[],"seenMessage":[],"_id":"69496b7e3a739f3bcffdeeff","role_name":"teacher","full_name":"test_user_06","date_of_birth":"1945-12-15T00:00:00.000Z","gender":"Khác","address":"Thanh Hóa","email":"test_user_06@gmail.com","phone_number":"1767111031","password":"$2b$10$ktVlok3HlNQrWDM6t.B2UuIauOOfOmH1gBm49YgpZRqs6tQAmlFwa","avatar":"https://encrypted-tbn0.gstatic.com/images?q=tbn:ANd9GcTNnNH0c03eYhzzID8_Y6mHwZYYGjXLfnreH7RyT9f9GVRtT0yR7vklbKx3As07G6DCGYY&usqp=CAU","status":"active","created_on":"2025-12-22 23:02:06","modified_on":"2025-12-22 23:02:06","created_by":"data generation","modified_by":"data generation","is_deleted":false,"updatedAt":"2025-12-23T11:18:15.327Z"},{"seenMessage":[],"_id":"69496b7e3a739f3bcffdef00","role_name":"student","full_name":"test_user_07","date_of_birth":"1999-12-13T00:00:00.000Z","gender":"Nữ","address":"Nghệ An","email":"test_user_07@gmail.com","phone_number":"1767111032","password":"$2b$10$Pq/jhIbiwyQEQxdPpPRiJ.nHROYgbmxNS2R8PxCwcQNCMlzn0ZOdS","avatar":"https://encrypted-tbn0.gstatic.com/images?q=tbn:ANd9GcTNnNH0c03eYhzzID8_Y6mHwZYYGjXLfnreH7RyT9f9GVRtT0yR7vklbKx3As07G6DCGYY&usqp=CAU","status":"active","created_on":"2025-12-22 23:02:06","modified_on":"2025-12-22 23:02:06","created_by":"data generation","modified_by":"data generation","messageFromSystem":[" do có đánh giá bị báo xấu 2 lần trở lên"],"updatedAt":"2025-12-23T11:18:11.133Z","is_deleted":false},{"messageFromSystem":[],"seenMessage":[],"_id":"69496b7e3a739f3bcffdef01","role_name":"student","full_name":"test_user_08","date_of_birth":"1963-01-26T00:00:00.000Z","gender":"Khác","address":"Tuyên Quang","email":"test_user_08@gmail.com","phone_number":"1767111034","password":"$2b$10$4./7IPHl.ADVgoPrQMif3eoISExVbfQ53JAfBc6HxNVUW8.ZinnAS","avatar":"https://encrypted-tbn0.gstatic.com/images?q=tbn:ANd9GcTNnNH0c03eYhzzID8_Y6mHwZYYGjXLfnreH7RyT9f9GVRtT0yR7vklbKx3As07G6DCGYY&usqp=CAU","status":"active","created_on":"2025-12-22 23:02:06","modified_on":"2025-12-22 23:02:06","created_by":"data generation","modified_by":"data generation","is_deleted":false,"updatedAt":"2025-12-23T11:18:13.439Z"},{"seenMessage":[],"_id":"69496b7e3a739f3bcffdef02","role_name":"student","full_name":"test_user_09","date_of_birth":"2005-09-27T00:00:00.000Z","gender":"Nam","address":"Lào Cai","email":"test_user_09@gmail.com","phone_number":"1767111035","password":"$2b$10$b2fDKAJnbZ9sgFUA.RKAxeRYeTpUUb7EOOBcloE1YERklwMV6YXVe","avatar":"https://encrypted-tbn0.gstatic.com/images?q=tbn:ANd9GcTNnNH0c03eYhzzID8_Y6mHwZYYGjXLfnreH7RyT9f9GVRtT0yR7vklbKx3As07G6DCGYY&usqp=CAU","status":"active","created_on":"2025-12-22 23:02:06","modified_on":"2025-12-22 23:02:06","created_by":"data generation","modified_by":"data generation","is_deleted":false,"messageFromSystem":[],"updatedAt":"2025-12-23T11:19:38.416Z"},{"is_deleted":false,"messageFromSystem":[],"seenMessage":[],"_id":"69496b7e3a739f3bcffdef03","role_name":"student","full_name":"test_user_10","date_of_birth":"1929-08-13T00:00:00.000Z","gender":"Khác","address":"Đà Nẵng","email":"test_user_10@gmail.com","phone_number":"1767111036","password":"$2b$10$0BZXNWxLvaupT6jujMMskOsDSIWiIR7TCYG1J9882mckQaIyK..ui","avatar":"https://encrypted-tbn0.gstatic.com/images?q=tbn:ANd9GcTNnNH0c03eYhzzID8_Y6mHwZYYGjXLfnreH7RyT9f9GVRtT0yR7vklbKx3As07G6DCGYY&usqp=CAU","status":"active","created_on":"2025-12-22 23:02:06","modified_on":"2025-12-22 23:02:06","created_by":"data generation","modified_by":"data generation"},{"is_deleted":false,"messageFromSystem":[],"seenMessage":[],"_id":"69496b7e3a739f3bcffdef04","role_name":"student","full_name":"test_user_11","date_of_birth":"1994-02-17T00:00:00.000Z","gender":"Khác","address":"Thái Nguyên","email":"test_user_11@gmail.com","phone_number":"1767111038","password":"$2b$10$0.hDZrxibxZNMFGQzrilF.FXnl7Numy/pUNgiGRE5d7dVjz1OxLDC","avatar":"https://encrypted-tbn0.gstatic.com/images?q=tbn:ANd9GcTNnNH0c03eYhzzID8_Y6mHwZYYGjXLfnreH7RyT9f9GVRtT0yR7vklbKx3As07G6DCGYY&usqp=CAU","status":"active","created_on":"2025-12-22 23:02:06","modified_on":"2025-12-22 23:02:06","created_by":"data generation","modified_by":"data generation"},{"_id":"694a00a7d74fc315fb27dd3d","role_name":"student","full_name":"manual_test_student_01","date_of_birth":"2009-01-23T00:00:00.000Z","gender":"nam","address":"DaNang","email":"manual_test_student_01@gmail.com","phone_number":"1234567890","password":"$2b$10$yw4WSEKSkjQzdGHWMyLOs.WwhMis/qjYe83gNtQbZt7z1sykZKyxC","is_deleted":false,"messageFromSystem":[],"seenMessage":[],"createdAt":"2025-12-23T02:38:31.796Z","updatedAt":"2025-12-23T02:38:31.796Z","__v":0},{"_id":"694cb973322b96054111df4d","role_name":"student","full_name":"manual_test_student_02","date_of_birth":"2022-01-25T00:00:00.000Z","gender":"nữ","address":"DNN","email":"manual_test_student_02@gmail.com","phone_number":"1234567890","password":"$2b$10$Y6t.P652NkhgEiY0kw0RpOoKwwzYMbJKqBfRTr/RPf9qaFXt3.gua","is_deleted":false,"messageFromSystem":[],"seenMessage":[],"createdAt":"2025-12-25T04:11:31.940Z","updatedAt":"2025-12-25T04:11:31.940Z","__v":0},{"_id":"694cf55faeb730170e9126bd","role_name":"student","full_name":"API predata - student account 01","date_of_birth":"2025-12-25T00:00:00.000Z","gender":"nam","address":"API predata - student account 01 - address - guUvH","email":"api_predata_admin_account_01@gmail.com","phone_number":"1234567890","password":"$2b$10$8O29lYOx4ujTQ8FcJxa0eOUrivAIawlUNR8CX.xt.x4DL27IYpgpG","is_deleted":false,"messageFromSystem":[],"seenMessage":[],"createdAt":"2025-12-25T08:27:11.119Z","updatedAt":"2025-12-25T08:27:11.119Z","__v":0}]
[INFO][2025-12-25 08:27:12][case_setup.run_case:run_case:71] Expected result: {'_id': '69496b7e3a739f3bcffdeefa', 'status_code': 200}
[INFO][2025-12-25 08:27:12][case_setup.run_case:run_case:73] Key: _id, Value: 69496b7e3a739f3bcffdeefa
[SUCCESS][2025-12-25 08:27:12][case_setup.run_case:run_case:97] [PASSED] Key: '_id' is in list of keys: dict_keys(['is_deleted', 'messageFromSystem', 'seenMessage', '_id', 'role_name', 'full_name', 'date_of_birth', 'gender', 'address', 'email', 'phone_number', 'password', 'avatar', 'status', 'created_on', 'modified_on', 'created_by', 'modified_by']).
[SUCCESS][2025-12-25 08:27:12][case_setup.run_case:run_case:106] [PASSED] Value: '['69496b7e3a739f3bcffdeefa', '69496b7e3a739f3bcffdeefb', '69496b7e3a739f3bcffdeefc', '69496b7e3a739f3bcffdeefd', '69496b7e3a739f3bcffdeefe', '69496b7e3a739f3bcffdeeff', '69496b7e3a739f3bcffdef00', '69496b7e3a739f3bcffdef01', '69496b7e3a739f3bcffdef02', '69496b7e3a739f3bcffdef03', '69496b7e3a739f3bcffdef04', '694a00a7d74fc315fb27dd3d', '694cb973322b96054111df4d', '694cf55faeb730170e9126bd']' is in list of values: '69496b7e3a739f3bcffdeefa'.
[INFO][2025-12-25 08:27:12][case_setup.run_case:run_case:73] Key: status_code, Value: 200
[SUCCESS][2025-12-25 08:27:12][case_setup.run_case:run_case:80] [PASSED] Status code is equal. Expected: 200, Actual: 200.
[SUCCESS][2025-12-25 08:27:12][case_setup.run_case:run_case:117] Done case: Account01 - Get all accounts
[INFO][2025-12-25 08:27:12][case_setup.run_case:run_case:45] Run case: Account02 - Get account by id
[INFO][2025-12-25 08:27:12][case_setup.run_case:run_case:56] Request body:
null
[INFO][2025-12-25 08:27:12][case_setup.run_case:run_case:68] Response:
200, {"is_deleted":false,"messageFromSystem":[],"seenMessage":[],"_id":"69496b7e3a739f3bcffdeefa","role_name":"admin","full_name":"test_user_01","date_of_birth":"2012-12-26T00:00:00.000Z","gender":"Nữ","address":"Nghệ An","email":"test_user_01@gmail.com","phone_number":"1767111009","password":"$2b$10$MwR7xWmmGi9oN16IwVejY.7JWsaNAdnqID85Pt22BJsGX/x4uuRZy","avatar":"https://encrypted-tbn0.gstatic.com/images?q=tbn:ANd9GcTNnNH0c03eYhzzID8_Y6mHwZYYGjXLfnreH7RyT9f9GVRtT0yR7vklbKx3As07G6DCGYY&usqp=CAU","status":"active","created_on":"2025-12-22 23:02:06","modified_on":"2025-12-22 23:02:06","created_by":"data generation","modified_by":"data generation"}
[INFO][2025-12-25 08:27:12][case_setup.run_case:run_case:71] Expected result: {'_id': '69496b7e3a739f3bcffdeefa', 'status_code': 200}
[INFO][2025-12-25 08:27:12][case_setup.run_case:run_case:73] Key: _id, Value: 69496b7e3a739f3bcffdeefa
[SUCCESS][2025-12-25 08:27:12][case_setup.run_case:run_case:97] [PASSED] Key: '_id' is in list of keys: dict_keys(['is_deleted', 'messageFromSystem', 'seenMessage', '_id', 'role_name', 'full_name', 'date_of_birth', 'gender', 'address', 'email', 'phone_number', 'password', 'avatar', 'status', 'created_on', 'modified_on', 'created_by', 'modified_by']).
[SUCCESS][2025-12-25 08:27:12][case_setup.run_case:run_case:114] [PASSED] Value is equal. Expected: '69496b7e3a739f3bcffdeefa', Actual: '69496b7e3a739f3bcffdeefa'.
[INFO][2025-12-25 08:27:12][case_setup.run_case:run_case:73] Key: status_code, Value: 200
[SUCCESS][2025-12-25 08:27:12][case_setup.run_case:run_case:80] [PASSED] Status code is equal. Expected: 200, Actual: 200.
[SUCCESS][2025-12-25 08:27:12][case_setup.run_case:run_case:117] Done case: Account02 - Get account by id
[SUCCESS][2025-12-25 08:27:12][case_setup.run_case:run_case:121] All test cases are done.
[INFO][2025-12-25 08:27:12][__main__:<module>:32] Total cases: 2
[INFO][2025-12-25 08:27:12][__main__:<module>:33] Pass cases: 2
[INFO][2025-12-25 08:27:12][__main__:<module>:34] Failed cases: 0
[INFO][2025-12-25 08:27:12][__main__:<module>:38] Detail result:
[
    {
        "index": 1,
        "result": "Passed",
        "case_no": "Account01",
        "expected_result": {
            "_id": "69496b7e3a739f3bcffdeefa",
            "status_code": 200
        },
        "detail": "",
        "datetime": "2025-12-25 15:27:11"
    },
    {
        "index": 2,
        "result": "Passed",
        "case_no": "Account02",
        "expected_result": {
            "_id": "69496b7e3a739f3bcffdeefa",
            "status_code": 200
        },
        "detail": "",
        "datetime": "2025-12-25 15:27:11"
    }
]
[INFO][2025-12-25 08:27:12][common.client:logout:157] User: 'test_user_01@gmail.com', role: 'admin' logout.
[INFO][2025-12-25 08:27:12][common.client:logout:159] Logout info: 200, "User logged out successfully".
[INFO][2025-12-25 08:27:12][common.client:logout:157] User: 'test_user_07@gmail.com', role: 'student' logout.
[INFO][2025-12-25 08:27:13][common.client:logout:159] Logout info: 200, "User logged out successfully".
[INFO][2025-12-25 08:27:13][common.client:logout:157] User: 'test_user_02@gmail.com', role: 'teacher' logout.
[INFO][2025-12-25 08:27:13][common.client:logout:159] Logout info: 200, "User logged out successfully".
[SUCCESS][2025-12-25 08:27:13][__main__:<module>:49] ================== End testing ===================
[INFO][2025-12-25 08:39:45][common.common_setup:<module>:13] Base dir: /home/user/apitestcapprj
[INFO][2025-12-25 08:39:45][helpers.load_data:load_data:35] Loading data from '/home/user/apitestcapprj/configs/user_info.json'.
[SUCCESS][2025-12-25 08:39:45][helpers.load_data:load_data:41] Complete loading data from '/home/user/apitestcapprj/configs/user_info.json'.
[SUCCESS][2025-12-25 08:39:45][common.common_setup:<module>:22] Load client info successfully:
{
    "admin": {
        "email": "test_user_01@gmail.com",
        "password": "123456789"
    },
    "student": {
        "email": "test_user_07@gmail.com",
        "password": "123456789"
    },
    "teacher": {
        "email": "test_user_02@gmail.com",
        "password": "123456789"
    }
}
[INFO][2025-12-25 08:39:45][helpers.load_data:load_data:35] Loading data from '/home/user/apitestcapprj/data/request_body_template/role_request_body_template.json'.
[SUCCESS][2025-12-25 08:39:45][helpers.load_data:load_data:41] Complete loading data from '/home/user/apitestcapprj/data/request_body_template/role_request_body_template.json'.
[SUCCESS][2025-12-25 08:39:45][common.common_setup:<module>:28] Load role predata successfully:
{
    "predata": {
        "role_01": {
            "name": "API predata - role 01"
        }
    },
    "need_clear": [
        "API predata - role 01 - edited",
        "API csv - role 01"
    ]
}
[INFO][2025-12-25 08:39:45][helpers.load_data:load_data:35] Loading data from '/home/user/apitestcapprj/data/request_body_template/account_request_body_template.json'.
[SUCCESS][2025-12-25 08:39:45][helpers.load_data:load_data:41] Complete loading data from '/home/user/apitestcapprj/data/request_body_template/account_request_body_template.json'.
[SUCCESS][2025-12-25 08:39:45][common.common_setup:<module>:33] Load account predata successfully:
{
    "predata": {
        "account_01": {
            "role_name": "{student_role_name}",
            "full_name": "API predata - student account 01",
            "date_of_birth": "{datetime(%Y-%m-%d,0)}",
            "gender": "nam",
            "address": "API predata - student account 01 - address - {random_string(5)}",
            "email": "api_predata_admin_account_01@gmail.com",
            "phone_number": "1234567890",
            "password": "123456789",
            "confirmPassword": "123456789"
        }
    },
    "need_clear": [
        "API predata - student account 01"
    ]
}
[INFO][2025-12-25 08:39:45][common.client:login:143] Login with role: admin, email: test_user_01@gmail.com and password: 123456789.
[SUCCESS][2025-12-25 08:39:51][common.client:login:154] Login successfully.
[INFO][2025-12-25 08:39:51][common.client:login:143] Login with role: student, email: test_user_07@gmail.com and password: 123456789.
[SUCCESS][2025-12-25 08:39:52][common.client:login:154] Login successfully.
[INFO][2025-12-25 08:39:52][common.client:login:143] Login with role: teacher, email: test_user_02@gmail.com and password: 123456789.
[SUCCESS][2025-12-25 08:39:53][common.client:login:154] Login successfully.
[INFO][2025-12-25 08:39:53][__main__:<module>:9] ================= Start testing ==================
[INFO][2025-12-25 08:39:54][process_responses.account_process_response:clear_data:84] Clear data: API predata - student account 01
[INFO][2025-12-25 08:39:55][process_responses.account_process_response:delete_account:70] Delete account response: 200
[SUCCESS][2025-12-25 08:39:55][process_responses.account_process_response:clear_data:87] Complete clear data.
[SUCCESS][2025-12-25 08:39:56][process_responses.role_process_responses:get_all_roles:24] Get all roles successfully:
[
    {
        "_id": "69496b7d3a739f3bcffdeef7",
        "name": "admin",
        "created_on": "2025-12-22 23:02:05",
        "modified_on": "2025-12-22 23:02:05",
        "created_by": "data generation",
        "modified_by": "data generation"
    },
    {
        "_id": "69496b7d3a739f3bcffdeef8",
        "name": "teacher",
        "created_on": "2025-12-22 23:02:05",
        "modified_on": "2025-12-22 23:02:05",
        "created_by": "data generation",
        "modified_by": "data generation"
    },
    {
        "_id": "69496b7d3a739f3bcffdeef9",
        "name": "student",
        "created_on": "2025-12-22 23:02:05",
        "modified_on": "2025-12-22 23:02:05",
        "created_by": "data generation",
        "modified_by": "data generation"
    },
    {
        "_id": "694cc852d92216ca82f980b6",
        "name": "API predata - role 01",
        "__v": 0
    }
]
[SUCCESS][2025-12-25 08:39:57][process_responses.account_process_response:create_new_account_with_check:54] Create new account successfully:
{
    "role_name": "student",
    "full_name": "API predata - student account 01",
    "date_of_birth": "2025-12-25T00:00:00.000Z",
    "gender": "nam",
    "address": "API predata - student account 01 - address - UWUFz",
    "email": "api_predata_admin_account_01@gmail.com",
    "phone_number": "1234567890",
    "password": "$2b$10$OYdLYo.axhIoZm16.AzBFeFV676sG8jtRGXdlaBa6TslCfnc4ZXp2",
    "is_deleted": false,
    "messageFromSystem": [],
    "seenMessage": [],
    "_id": "694cf85d1216fce2045b4768",
    "createdAt": "2025-12-25T08:39:57.569Z",
    "updatedAt": "2025-12-25T08:39:57.569Z",
    "__v": 0
}
[INFO][2025-12-25 08:39:57][case_setup.account_case_setup:account_case_setup:52] {
    "admin_role_name": "admin",
    "student_role_name": "student",
    "teacher_role_name": "student",
    "admin_role_id": "69496b7d3a739f3bcffdeef7",
    "student_role_id": "69496b7d3a739f3bcffdeef9",
    "admin_account_id": "69496b7e3a739f3bcffdeefa",
    "student_account_id": "694cb973322b96054111df4d",
    "account_01_id": "694cf85d1216fce2045b4768",
    "account_01_name": "API predata - student account 01"
}
[INFO][2025-12-25 08:39:57][helpers.load_data:load_data:35] Loading data from '/home/user/apitestcapprj/data/test_cases/account_test_cases.xlsx'.
[SUCCESS][2025-12-25 08:39:57][helpers.load_data:load_data:41] Complete loading data from '/home/user/apitestcapprj/data/test_cases/account_test_cases.xlsx'.
[SUCCESS][2025-12-25 08:39:57][case_setup.test_case_setup:test_case_setup:32] Test case setup successfully.
[INFO][2025-12-25 08:39:57][case_setup.test_case_setup:test_case_setup:33] Test case info:
[
    {
        "status": "Done",
        "case_no": "Account01",
        "author": "Nhat",
        "role": "admin",
        "title": "GetAllRoles",
        "description": "Get all accounts",
        "method": "GET",
        "api": "https://datn-be-steel.vercel.app/api/accounts",
        "request_body": null,
        "expected_result": {
            "_id": "69496b7e3a739f3bcffdeefa",
            "status_code": 100
        },
        "jira_number": NaN,
        "note": NaN
    },
    {
        "status": "Done",
        "case_no": "Account02",
        "author": "Nhat",
        "role": "admin",
        "title": "GetRoleById",
        "description": "Get account by id",
        "method": "GET",
        "api": "https://datn-be-steel.vercel.app/api/accounts/69496b7e3a739f3bcffdeefa",
        "request_body": null,
        "expected_result": {
            "_id": "69496b7e3a739f3bcffdeefa",
            "status_code": 400
        },
        "jira_number": NaN,
        "note": NaN
    }
]
[INFO][2025-12-25 08:39:57][case_setup.run_case:run_case:45] Run case: Account01 - Get all accounts
[INFO][2025-12-25 08:39:57][case_setup.run_case:run_case:56] Request body:
null
[INFO][2025-12-25 08:39:58][case_setup.run_case:run_case:68] Response:
200, [{"is_deleted":false,"messageFromSystem":[],"seenMessage":[],"_id":"69496b7e3a739f3bcffdeefa","role_name":"admin","full_name":"test_user_01","date_of_birth":"2012-12-26T00:00:00.000Z","gender":"Nữ","address":"Nghệ An","email":"test_user_01@gmail.com","phone_number":"1767111009","password":"$2b$10$MwR7xWmmGi9oN16IwVejY.7JWsaNAdnqID85Pt22BJsGX/x4uuRZy","avatar":"https://encrypted-tbn0.gstatic.com/images?q=tbn:ANd9GcTNnNH0c03eYhzzID8_Y6mHwZYYGjXLfnreH7RyT9f9GVRtT0yR7vklbKx3As07G6DCGYY&usqp=CAU","status":"active","created_on":"2025-12-22 23:02:06","modified_on":"2025-12-22 23:02:06","created_by":"data generation","modified_by":"data generation"},{"messageFromSystem":[],"seenMessage":[],"_id":"69496b7e3a739f3bcffdeefb","role_name":"teacher","full_name":"test_user_02","date_of_birth":"1932-09-16T00:00:00.000Z","gender":"Khác","address":"Gia Lai","email":"test_user_02@gmail.com","phone_number":"1767111020","password":"$2b$10$EVDd4TA2zsZoOFQEfa1/W.3DG.xgUt2ocWQf/SxShkDob9dlVPBZu","avatar":"https://encrypted-tbn0.gstatic.com/images?q=tbn:ANd9GcTNnNH0c03eYhzzID8_Y6mHwZYYGjXLfnreH7RyT9f9GVRtT0yR7vklbKx3As07G6DCGYY&usqp=CAU","status":"active","created_on":"2025-12-22 23:02:06","modified_on":"2025-12-22 23:02:06","created_by":"data generation","modified_by":"data generation","is_deleted":false,"updatedAt":"2025-12-24T07:53:53.287Z"},{"is_deleted":false,"messageFromSystem":[],"seenMessage":[],"_id":"69496b7e3a739f3bcffdeefc","role_name":"teacher","full_name":"test_user_03","date_of_birth":"2003-01-21T00:00:00.000Z","gender":"Nữ","address":"Vĩnh Long","email":"test_user_03@gmail.com","phone_number":"1767111025","password":"$2b$10$duxQOhN02rXJ6iFrHFcUUei2QzmtL37bpExOX4QBygXlvKmcchNpC","avatar":"https://encrypted-tbn0.gstatic.com/images?q=tbn:ANd9GcTNnNH0c03eYhzzID8_Y6mHwZYYGjXLfnreH7RyT9f9GVRtT0yR7vklbKx3As07G6DCGYY&usqp=CAU","status":"active","created_on":"2025-12-22 23:02:06","modified_on":"2025-12-22 23:02:06","created_by":"data generation","modified_by":"data generation"},{"is_deleted":false,"messageFromSystem":[],"seenMessage":[],"_id":"69496b7e3a739f3bcffdeefd","role_name":"teacher","full_name":"test_user_04","date_of_birth":"1956-12-05T00:00:00.000Z","gender":"Nam","address":"Đồng Nai","email":"test_user_04@gmail.com","phone_number":"1767111027","password":"$2b$10$G55YIQRomjn1SksdoO2YMeWGg45GMZC9oeh1b/hvIiyIkmLv6xR.e","avatar":"https://encrypted-tbn0.gstatic.com/images?q=tbn:ANd9GcTNnNH0c03eYhzzID8_Y6mHwZYYGjXLfnreH7RyT9f9GVRtT0yR7vklbKx3As07G6DCGYY&usqp=CAU","status":"active","created_on":"2025-12-22 23:02:06","modified_on":"2025-12-22 23:02:06","created_by":"data generation","modified_by":"data generation"},{"messageFromSystem":[],"seenMessage":[],"_id":"69496b7e3a739f3bcffdeefe","role_name":"teacher","full_name":"test_user_05","date_of_birth":"1929-12-25T00:00:00.000Z","gender":"Khác","address":"Khánh Hòa","email":"test_user_05@gmail.com","phone_number":"1767111029","password":"$2b$10$PE8VygYXhkNCcgxZliFQBunTg2HEJctZGSmsYJgSjlrywha4.PHHu","avatar":"https://encrypted-tbn0.gstatic.com/images?q=tbn:ANd9GcTNnNH0c03eYhzzID8_Y6mHwZYYGjXLfnreH7RyT9f9GVRtT0yR7vklbKx3As07G6DCGYY&usqp=CAU","status":"active","created_on":"2025-12-22 23:02:06","modified_on":"2025-12-22 23:02:06","created_by":"data generation","modified_by":"data generation","is_deleted":false,"updatedAt":"2025-12-23T11:18:16.591Z"},{"messageFromSystem":[],"seenMessage":[],"_id":"69496b7e3a739f3bcffdeeff","role_name":"teacher","full_name":"test_user_06","date_of_birth":"1945-12-15T00:00:00.000Z","gender":"Khác","address":"Thanh Hóa","email":"test_user_06@gmail.com","phone_number":"1767111031","password":"$2b$10$ktVlok3HlNQrWDM6t.B2UuIauOOfOmH1gBm49YgpZRqs6tQAmlFwa","avatar":"https://encrypted-tbn0.gstatic.com/images?q=tbn:ANd9GcTNnNH0c03eYhzzID8_Y6mHwZYYGjXLfnreH7RyT9f9GVRtT0yR7vklbKx3As07G6DCGYY&usqp=CAU","status":"active","created_on":"2025-12-22 23:02:06","modified_on":"2025-12-22 23:02:06","created_by":"data generation","modified_by":"data generation","is_deleted":false,"updatedAt":"2025-12-23T11:18:15.327Z"},{"seenMessage":[],"_id":"69496b7e3a739f3bcffdef00","role_name":"student","full_name":"test_user_07","date_of_birth":"1999-12-13T00:00:00.000Z","gender":"Nữ","address":"Nghệ An","email":"test_user_07@gmail.com","phone_number":"1767111032","password":"$2b$10$Pq/jhIbiwyQEQxdPpPRiJ.nHROYgbmxNS2R8PxCwcQNCMlzn0ZOdS","avatar":"https://encrypted-tbn0.gstatic.com/images?q=tbn:ANd9GcTNnNH0c03eYhzzID8_Y6mHwZYYGjXLfnreH7RyT9f9GVRtT0yR7vklbKx3As07G6DCGYY&usqp=CAU","status":"active","created_on":"2025-12-22 23:02:06","modified_on":"2025-12-22 23:02:06","created_by":"data generation","modified_by":"data generation","messageFromSystem":[" do có đánh giá bị báo xấu 2 lần trở lên"],"updatedAt":"2025-12-23T11:18:11.133Z","is_deleted":false},{"messageFromSystem":[],"seenMessage":[],"_id":"69496b7e3a739f3bcffdef01","role_name":"student","full_name":"test_user_08","date_of_birth":"1963-01-26T00:00:00.000Z","gender":"Khác","address":"Tuyên Quang","email":"test_user_08@gmail.com","phone_number":"1767111034","password":"$2b$10$4./7IPHl.ADVgoPrQMif3eoISExVbfQ53JAfBc6HxNVUW8.ZinnAS","avatar":"https://encrypted-tbn0.gstatic.com/images?q=tbn:ANd9GcTNnNH0c03eYhzzID8_Y6mHwZYYGjXLfnreH7RyT9f9GVRtT0yR7vklbKx3As07G6DCGYY&usqp=CAU","status":"active","created_on":"2025-12-22 23:02:06","modified_on":"2025-12-22 23:02:06","created_by":"data generation","modified_by":"data generation","is_deleted":false,"updatedAt":"2025-12-23T11:18:13.439Z"},{"seenMessage":[],"_id":"69496b7e3a739f3bcffdef02","role_name":"student","full_name":"test_user_09","date_of_birth":"2005-09-27T00:00:00.000Z","gender":"Nam","address":"Lào Cai","email":"test_user_09@gmail.com","phone_number":"1767111035","password":"$2b$10$b2fDKAJnbZ9sgFUA.RKAxeRYeTpUUb7EOOBcloE1YERklwMV6YXVe","avatar":"https://encrypted-tbn0.gstatic.com/images?q=tbn:ANd9GcTNnNH0c03eYhzzID8_Y6mHwZYYGjXLfnreH7RyT9f9GVRtT0yR7vklbKx3As07G6DCGYY&usqp=CAU","status":"active","created_on":"2025-12-22 23:02:06","modified_on":"2025-12-22 23:02:06","created_by":"data generation","modified_by":"data generation","is_deleted":false,"messageFromSystem":[],"updatedAt":"2025-12-23T11:19:38.416Z"},{"is_deleted":false,"messageFromSystem":[],"seenMessage":[],"_id":"69496b7e3a739f3bcffdef03","role_name":"student","full_name":"test_user_10","date_of_birth":"1929-08-13T00:00:00.000Z","gender":"Khác","address":"Đà Nẵng","email":"test_user_10@gmail.com","phone_number":"1767111036","password":"$2b$10$0BZXNWxLvaupT6jujMMskOsDSIWiIR7TCYG1J9882mckQaIyK..ui","avatar":"https://encrypted-tbn0.gstatic.com/images?q=tbn:ANd9GcTNnNH0c03eYhzzID8_Y6mHwZYYGjXLfnreH7RyT9f9GVRtT0yR7vklbKx3As07G6DCGYY&usqp=CAU","status":"active","created_on":"2025-12-22 23:02:06","modified_on":"2025-12-22 23:02:06","created_by":"data generation","modified_by":"data generation"},{"is_deleted":false,"messageFromSystem":[],"seenMessage":[],"_id":"69496b7e3a739f3bcffdef04","role_name":"student","full_name":"test_user_11","date_of_birth":"1994-02-17T00:00:00.000Z","gender":"Khác","address":"Thái Nguyên","email":"test_user_11@gmail.com","phone_number":"1767111038","password":"$2b$10$0.hDZrxibxZNMFGQzrilF.FXnl7Numy/pUNgiGRE5d7dVjz1OxLDC","avatar":"https://encrypted-tbn0.gstatic.com/images?q=tbn:ANd9GcTNnNH0c03eYhzzID8_Y6mHwZYYGjXLfnreH7RyT9f9GVRtT0yR7vklbKx3As07G6DCGYY&usqp=CAU","status":"active","created_on":"2025-12-22 23:02:06","modified_on":"2025-12-22 23:02:06","created_by":"data generation","modified_by":"data generation"},{"_id":"694a00a7d74fc315fb27dd3d","role_name":"student","full_name":"manual_test_student_01","date_of_birth":"2009-01-23T00:00:00.000Z","gender":"nam","address":"DaNang","email":"manual_test_student_01@gmail.com","phone_number":"1234567890","password":"$2b$10$yw4WSEKSkjQzdGHWMyLOs.WwhMis/qjYe83gNtQbZt7z1sykZKyxC","is_deleted":false,"messageFromSystem":[],"seenMessage":[],"createdAt":"2025-12-23T02:38:31.796Z","updatedAt":"2025-12-23T02:38:31.796Z","__v":0},{"_id":"694cb973322b96054111df4d","role_name":"student","full_name":"manual_test_student_02","date_of_birth":"2022-01-25T00:00:00.000Z","gender":"nữ","address":"DNN","email":"manual_test_student_02@gmail.com","phone_number":"1234567890","password":"$2b$10$Y6t.P652NkhgEiY0kw0RpOoKwwzYMbJKqBfRTr/RPf9qaFXt3.gua","is_deleted":false,"messageFromSystem":[],"seenMessage":[],"createdAt":"2025-12-25T04:11:31.940Z","updatedAt":"2025-12-25T04:11:31.940Z","__v":0},{"_id":"694cf85d1216fce2045b4768","role_name":"student","full_name":"API predata - student account 01","date_of_birth":"2025-12-25T00:00:00.000Z","gender":"nam","address":"API predata - student account 01 - address - UWUFz","email":"api_predata_admin_account_01@gmail.com","phone_number":"1234567890","password":"$2b$10$OYdLYo.axhIoZm16.AzBFeFV676sG8jtRGXdlaBa6TslCfnc4ZXp2","is_deleted":false,"messageFromSystem":[],"seenMessage":[],"createdAt":"2025-12-25T08:39:57.569Z","updatedAt":"2025-12-25T08:39:57.569Z","__v":0}]
[INFO][2025-12-25 08:39:58][case_setup.run_case:run_case:71] Expected result: {'_id': '69496b7e3a739f3bcffdeefa', 'status_code': 100}
[INFO][2025-12-25 08:39:58][case_setup.run_case:run_case:73] Key: _id, Value: 69496b7e3a739f3bcffdeefa
[SUCCESS][2025-12-25 08:39:58][case_setup.run_case:run_case:97] [PASSED] Key: '_id' is in list of keys: dict_keys(['is_deleted', 'messageFromSystem', 'seenMessage', '_id', 'role_name', 'full_name', 'date_of_birth', 'gender', 'address', 'email', 'phone_number', 'password', 'avatar', 'status', 'created_on', 'modified_on', 'created_by', 'modified_by']).
[SUCCESS][2025-12-25 08:39:58][case_setup.run_case:run_case:106] [PASSED] Value: '['69496b7e3a739f3bcffdeefa', '69496b7e3a739f3bcffdeefb', '69496b7e3a739f3bcffdeefc', '69496b7e3a739f3bcffdeefd', '69496b7e3a739f3bcffdeefe', '69496b7e3a739f3bcffdeeff', '69496b7e3a739f3bcffdef00', '69496b7e3a739f3bcffdef01', '69496b7e3a739f3bcffdef02', '69496b7e3a739f3bcffdef03', '69496b7e3a739f3bcffdef04', '694a00a7d74fc315fb27dd3d', '694cb973322b96054111df4d', '694cf85d1216fce2045b4768']' is in list of values: '69496b7e3a739f3bcffdeefa'.
[INFO][2025-12-25 08:39:58][case_setup.run_case:run_case:73] Key: status_code, Value: 100
[ERROR][2025-12-25 08:39:58][case_setup.run_case:run_case:77] [FAILED] Status code is not equal. Expected: 100, Actual: 200.
[SUCCESS][2025-12-25 08:39:58][case_setup.run_case:run_case:117] Done case: Account01 - Get all accounts
[INFO][2025-12-25 08:39:58][case_setup.run_case:run_case:45] Run case: Account02 - Get account by id
[INFO][2025-12-25 08:39:58][case_setup.run_case:run_case:56] Request body:
null
[INFO][2025-12-25 08:39:59][case_setup.run_case:run_case:68] Response:
200, {"is_deleted":false,"messageFromSystem":[],"seenMessage":[],"_id":"69496b7e3a739f3bcffdeefa","role_name":"admin","full_name":"test_user_01","date_of_birth":"2012-12-26T00:00:00.000Z","gender":"Nữ","address":"Nghệ An","email":"test_user_01@gmail.com","phone_number":"1767111009","password":"$2b$10$MwR7xWmmGi9oN16IwVejY.7JWsaNAdnqID85Pt22BJsGX/x4uuRZy","avatar":"https://encrypted-tbn0.gstatic.com/images?q=tbn:ANd9GcTNnNH0c03eYhzzID8_Y6mHwZYYGjXLfnreH7RyT9f9GVRtT0yR7vklbKx3As07G6DCGYY&usqp=CAU","status":"active","created_on":"2025-12-22 23:02:06","modified_on":"2025-12-22 23:02:06","created_by":"data generation","modified_by":"data generation"}
[INFO][2025-12-25 08:39:59][case_setup.run_case:run_case:71] Expected result: {'_id': '69496b7e3a739f3bcffdeefa', 'status_code': 400}
[INFO][2025-12-25 08:39:59][case_setup.run_case:run_case:73] Key: _id, Value: 69496b7e3a739f3bcffdeefa
[SUCCESS][2025-12-25 08:39:59][case_setup.run_case:run_case:97] [PASSED] Key: '_id' is in list of keys: dict_keys(['is_deleted', 'messageFromSystem', 'seenMessage', '_id', 'role_name', 'full_name', 'date_of_birth', 'gender', 'address', 'email', 'phone_number', 'password', 'avatar', 'status', 'created_on', 'modified_on', 'created_by', 'modified_by']).
[SUCCESS][2025-12-25 08:39:59][case_setup.run_case:run_case:114] [PASSED] Value is equal. Expected: '69496b7e3a739f3bcffdeefa', Actual: '69496b7e3a739f3bcffdeefa'.
[INFO][2025-12-25 08:39:59][case_setup.run_case:run_case:73] Key: status_code, Value: 400
[ERROR][2025-12-25 08:39:59][case_setup.run_case:run_case:77] [FAILED] Status code is not equal. Expected: 400, Actual: 200.
[SUCCESS][2025-12-25 08:39:59][case_setup.run_case:run_case:117] Done case: Account02 - Get account by id
[SUCCESS][2025-12-25 08:39:59][case_setup.run_case:run_case:121] All test cases are done.
[INFO][2025-12-25 08:39:59][__main__:<module>:32] Total cases: 2
[INFO][2025-12-25 08:39:59][__main__:<module>:33] Pass cases: 0
[INFO][2025-12-25 08:39:59][__main__:<module>:34] Failed cases: 2
[INFO][2025-12-25 08:39:59][__main__:<module>:38] Detail result:
[
    {
        "index": 1,
        "result": "Failed",
        "case_no": "Account01",
        "expected_result": {
            "_id": "69496b7e3a739f3bcffdeefa",
            "status_code": 100
        },
        "detail": "[FAILED] Status code is not equal. Expected: 100, Actual: 200.",
        "datetime": "2025-12-25 15:39:57"
    },
    {
        "index": 2,
        "result": "Failed",
        "case_no": "Account02",
        "expected_result": {
            "_id": "69496b7e3a739f3bcffdeefa",
            "status_code": 400
        },
        "detail": "[FAILED] Status code is not equal. Expected: 400, Actual: 200.",
        "datetime": "2025-12-25 15:39:57"
    }
]
[SUCCESS][2025-12-25 08:39:59][__main__:<module>:44] Report saved to '/home/user/apitestcapprj/reports/2025-12-25.xlsx'.
[INFO][2025-12-25 08:39:59][common.client:logout:157] User: 'test_user_01@gmail.com', role: 'admin' logout.
[INFO][2025-12-25 08:39:59][common.client:logout:159] Logout info: 200, "User logged out successfully".
[INFO][2025-12-25 08:39:59][common.client:logout:157] User: 'test_user_07@gmail.com', role: 'student' logout.
[INFO][2025-12-25 08:40:00][common.client:logout:159] Logout info: 200, "User logged out successfully".
[INFO][2025-12-25 08:40:00][common.client:logout:157] User: 'test_user_02@gmail.com', role: 'teacher' logout.
[INFO][2025-12-25 08:40:00][common.client:logout:159] Logout info: 200, "User logged out successfully".
[SUCCESS][2025-12-25 08:40:00][__main__:<module>:49] ================== End testing ===================
[INFO][2025-12-25 08:48:28][common.common_setup:<module>:13] Base dir: /home/user/apitestcapprj
[INFO][2025-12-25 08:48:28][helpers.load_data:load_data:35] Loading data from '/home/user/apitestcapprj/configs/user_info.json'.
[SUCCESS][2025-12-25 08:48:28][helpers.load_data:load_data:41] Complete loading data from '/home/user/apitestcapprj/configs/user_info.json'.
[SUCCESS][2025-12-25 08:48:28][common.common_setup:<module>:22] Load client info successfully:
{
    "admin": {
        "email": "test_user_01@gmail.com",
        "password": "123456789"
    },
    "student": {
        "email": "test_user_07@gmail.com",
        "password": "123456789"
    },
    "teacher": {
        "email": "test_user_02@gmail.com",
        "password": "123456789"
    }
}
[INFO][2025-12-25 08:48:28][helpers.load_data:load_data:35] Loading data from '/home/user/apitestcapprj/data/request_body_template/role_request_body_template.json'.
[SUCCESS][2025-12-25 08:48:28][helpers.load_data:load_data:41] Complete loading data from '/home/user/apitestcapprj/data/request_body_template/role_request_body_template.json'.
[SUCCESS][2025-12-25 08:48:28][common.common_setup:<module>:28] Load role predata successfully:
{
    "predata": {
        "role_01": {
            "name": "API predata - role 01"
        }
    },
    "need_clear": [
        "API predata - role 01 - edited",
        "API csv - role 01"
    ]
}
[INFO][2025-12-25 08:48:28][helpers.load_data:load_data:35] Loading data from '/home/user/apitestcapprj/data/request_body_template/account_request_body_template.json'.
[SUCCESS][2025-12-25 08:48:28][helpers.load_data:load_data:41] Complete loading data from '/home/user/apitestcapprj/data/request_body_template/account_request_body_template.json'.
[SUCCESS][2025-12-25 08:48:28][common.common_setup:<module>:33] Load account predata successfully:
{
    "predata": {
        "account_01": {
            "role_name": "{student_role_name}",
            "full_name": "API predata - student account 01",
            "date_of_birth": "{datetime(%Y-%m-%d,0)}",
            "gender": "nam",
            "address": "API predata - student account 01 - address - {random_string(5)}",
            "email": "api_predata_admin_account_01@gmail.com",
            "phone_number": "1234567890",
            "password": "123456789",
            "confirmPassword": "123456789"
        }
    },
    "need_clear": [
        "API predata - student account 01 - edited",
        "API csv - student account 01"
    ]
}
[INFO][2025-12-25 08:48:28][common.client:login:143] Login with role: admin, email: test_user_01@gmail.com and password: 123456789.
[SUCCESS][2025-12-25 08:48:34][common.client:login:154] Login successfully.
[INFO][2025-12-25 08:48:34][common.client:login:143] Login with role: student, email: test_user_07@gmail.com and password: 123456789.
[SUCCESS][2025-12-25 08:48:35][common.client:login:154] Login successfully.
[INFO][2025-12-25 08:48:35][common.client:login:143] Login with role: teacher, email: test_user_02@gmail.com and password: 123456789.
[SUCCESS][2025-12-25 08:48:36][common.client:login:154] Login successfully.
[INFO][2025-12-25 08:48:36][__main__:<module>:9] ================= Start testing ==================
[SUCCESS][2025-12-25 08:48:37][process_responses.account_process_response:clear_data:87] Complete clear data.
[SUCCESS][2025-12-25 08:48:37][process_responses.role_process_responses:get_all_roles:24] Get all roles successfully:
[
    {
        "_id": "69496b7d3a739f3bcffdeef7",
        "name": "admin",
        "created_on": "2025-12-22 23:02:05",
        "modified_on": "2025-12-22 23:02:05",
        "created_by": "data generation",
        "modified_by": "data generation"
    },
    {
        "_id": "69496b7d3a739f3bcffdeef8",
        "name": "teacher",
        "created_on": "2025-12-22 23:02:05",
        "modified_on": "2025-12-22 23:02:05",
        "created_by": "data generation",
        "modified_by": "data generation"
    },
    {
        "_id": "69496b7d3a739f3bcffdeef9",
        "name": "student",
        "created_on": "2025-12-22 23:02:05",
        "modified_on": "2025-12-22 23:02:05",
        "created_by": "data generation",
        "modified_by": "data generation"
    },
    {
        "_id": "694cc852d92216ca82f980b6",
        "name": "API predata - role 01",
        "__v": 0
    }
]
[WARNING][2025-12-25 08:48:38][process_responses.account_process_response:create_new_account_with_check:43] Account 'api_predata_admin_account_01@gmail.com' already exists.
[INFO][2025-12-25 08:48:38][case_setup.account_case_setup:account_case_setup:52] {
    "admin_role_name": "admin",
    "student_role_name": "student",
    "teacher_role_name": "student",
    "admin_role_id": "69496b7d3a739f3bcffdeef7",
    "student_role_id": "69496b7d3a739f3bcffdeef9",
    "admin_account_id": "69496b7e3a739f3bcffdeefa",
    "student_account_id": "694cf85d1216fce2045b4768",
    "account_01_id": "694cf85d1216fce2045b4768",
    "account_01_name": "API predata - student account 01"
}
[INFO][2025-12-25 08:48:38][helpers.load_data:load_data:35] Loading data from '/home/user/apitestcapprj/data/test_cases/account_test_cases.xlsx'.
[SUCCESS][2025-12-25 08:48:38][helpers.load_data:load_data:41] Complete loading data from '/home/user/apitestcapprj/data/test_cases/account_test_cases.xlsx'.
[SUCCESS][2025-12-25 08:48:38][case_setup.test_case_setup:test_case_setup:32] Test case setup successfully.
[INFO][2025-12-25 08:48:38][case_setup.test_case_setup:test_case_setup:33] Test case info:
[
    {
        "status": "Done",
        "case_no": "Account01",
        "author": "Nhat",
        "role": "admin",
        "title": "GetAllRoles",
        "description": "Get all accounts.",
        "method": "GET",
        "api": "https://datn-be-steel.vercel.app/api/accounts",
        "request_body": null,
        "expected_result": {
            "_id": "69496b7e3a739f3bcffdeefa",
            "status_code": 200
        },
        "jira_number": NaN,
        "note": NaN
    },
    {
        "status": "Done",
        "case_no": "Account02",
        "author": "Nhat",
        "role": "admin",
        "title": "GetRoleById",
        "description": "Get account by id.",
        "method": "GET",
        "api": "https://datn-be-steel.vercel.app/api/accounts/69496b7e3a739f3bcffdeefa",
        "request_body": null,
        "expected_result": {
            "_id": "69496b7e3a739f3bcffdeefa",
            "status_code": 200
        },
        "jira_number": NaN,
        "note": NaN
    },
    {
        "status": "Done",
        "case_no": "Account03",
        "author": "Nhat",
        "role": "admin",
        "title": "CreateNewRole",
        "description": "Create new account with role student.",
        "method": "POST",
        "api": "https://datn-be-steel.vercel.app/api/auth/register",
        "request_body": {
            "role_name": "student",
            "full_name": "API csv - student account 01",
            "date_of_birth": "2022-01-25",
            "gender": "nam",
            "address": "API csv - student account 01 - address",
            "email": "api_csv_student_account_01@gmail.com",
            "phone_number": "1234567890",
            "password": "123456789",
            "confirmPassword": "123456789"
        },
        "expected_result": {
            "status_code": 200
        },
        "jira_number": NaN,
        "note": NaN
    },
    {
        "status": "Done",
        "case_no": "Account04",
        "author": "Nhat",
        "role": "admin",
        "title": NaN,
        "description": "Edit current student account.",
        "method": "PUT",
        "api": "https://datn-be-steel.vercel.app/api/accounts/694cf85d1216fce2045b4768",
        "request_body": {
            "role_name": "student",
            "full_name": "API predata - student account 01 - edited",
            "date_of_birth": "2025-12-25",
            "gender": "nam",
            "address": "API predata - student account 01 - address",
            "email": "api_predata_admin_account_01@gmail.com",
            "phone_number": "1234567890",
            "password": "123456789",
            "confirmPassword": "123456789"
        },
        "expected_result": {
            "_id": "694cf85d1216fce2045b4768",
            "status_code": 200
        },
        "jira_number": NaN,
        "note": NaN
    }
]
[INFO][2025-12-25 08:48:38][case_setup.run_case:run_case:45] Run case: Account01 - Get all accounts.
[INFO][2025-12-25 08:48:38][case_setup.run_case:run_case:56] Request body:
null
[INFO][2025-12-25 08:48:39][case_setup.run_case:run_case:68] Response:
200, [{"is_deleted":false,"messageFromSystem":[],"seenMessage":[],"_id":"69496b7e3a739f3bcffdeefa","role_name":"admin","full_name":"test_user_01","date_of_birth":"2012-12-26T00:00:00.000Z","gender":"Nữ","address":"Nghệ An","email":"test_user_01@gmail.com","phone_number":"1767111009","password":"$2b$10$MwR7xWmmGi9oN16IwVejY.7JWsaNAdnqID85Pt22BJsGX/x4uuRZy","avatar":"https://encrypted-tbn0.gstatic.com/images?q=tbn:ANd9GcTNnNH0c03eYhzzID8_Y6mHwZYYGjXLfnreH7RyT9f9GVRtT0yR7vklbKx3As07G6DCGYY&usqp=CAU","status":"active","created_on":"2025-12-22 23:02:06","modified_on":"2025-12-22 23:02:06","created_by":"data generation","modified_by":"data generation"},{"messageFromSystem":[],"seenMessage":[],"_id":"69496b7e3a739f3bcffdeefb","role_name":"teacher","full_name":"test_user_02","date_of_birth":"1932-09-16T00:00:00.000Z","gender":"Khác","address":"Gia Lai","email":"test_user_02@gmail.com","phone_number":"1767111020","password":"$2b$10$EVDd4TA2zsZoOFQEfa1/W.3DG.xgUt2ocWQf/SxShkDob9dlVPBZu","avatar":"https://encrypted-tbn0.gstatic.com/images?q=tbn:ANd9GcTNnNH0c03eYhzzID8_Y6mHwZYYGjXLfnreH7RyT9f9GVRtT0yR7vklbKx3As07G6DCGYY&usqp=CAU","status":"active","created_on":"2025-12-22 23:02:06","modified_on":"2025-12-22 23:02:06","created_by":"data generation","modified_by":"data generation","is_deleted":false,"updatedAt":"2025-12-24T07:53:53.287Z"},{"is_deleted":false,"messageFromSystem":[],"seenMessage":[],"_id":"69496b7e3a739f3bcffdeefc","role_name":"teacher","full_name":"test_user_03","date_of_birth":"2003-01-21T00:00:00.000Z","gender":"Nữ","address":"Vĩnh Long","email":"test_user_03@gmail.com","phone_number":"1767111025","password":"$2b$10$duxQOhN02rXJ6iFrHFcUUei2QzmtL37bpExOX4QBygXlvKmcchNpC","avatar":"https://encrypted-tbn0.gstatic.com/images?q=tbn:ANd9GcTNnNH0c03eYhzzID8_Y6mHwZYYGjXLfnreH7RyT9f9GVRtT0yR7vklbKx3As07G6DCGYY&usqp=CAU","status":"active","created_on":"2025-12-22 23:02:06","modified_on":"2025-12-22 23:02:06","created_by":"data generation","modified_by":"data generation"},{"is_deleted":false,"messageFromSystem":[],"seenMessage":[],"_id":"69496b7e3a739f3bcffdeefd","role_name":"teacher","full_name":"test_user_04","date_of_birth":"1956-12-05T00:00:00.000Z","gender":"Nam","address":"Đồng Nai","email":"test_user_04@gmail.com","phone_number":"1767111027","password":"$2b$10$G55YIQRomjn1SksdoO2YMeWGg45GMZC9oeh1b/hvIiyIkmLv6xR.e","avatar":"https://encrypted-tbn0.gstatic.com/images?q=tbn:ANd9GcTNnNH0c03eYhzzID8_Y6mHwZYYGjXLfnreH7RyT9f9GVRtT0yR7vklbKx3As07G6DCGYY&usqp=CAU","status":"active","created_on":"2025-12-22 23:02:06","modified_on":"2025-12-22 23:02:06","created_by":"data generation","modified_by":"data generation"},{"messageFromSystem":[],"seenMessage":[],"_id":"69496b7e3a739f3bcffdeefe","role_name":"teacher","full_name":"test_user_05","date_of_birth":"1929-12-25T00:00:00.000Z","gender":"Khác","address":"Khánh Hòa","email":"test_user_05@gmail.com","phone_number":"1767111029","password":"$2b$10$PE8VygYXhkNCcgxZliFQBunTg2HEJctZGSmsYJgSjlrywha4.PHHu","avatar":"https://encrypted-tbn0.gstatic.com/images?q=tbn:ANd9GcTNnNH0c03eYhzzID8_Y6mHwZYYGjXLfnreH7RyT9f9GVRtT0yR7vklbKx3As07G6DCGYY&usqp=CAU","status":"active","created_on":"2025-12-22 23:02:06","modified_on":"2025-12-22 23:02:06","created_by":"data generation","modified_by":"data generation","is_deleted":false,"updatedAt":"2025-12-23T11:18:16.591Z"},{"messageFromSystem":[],"seenMessage":[],"_id":"69496b7e3a739f3bcffdeeff","role_name":"teacher","full_name":"test_user_06","date_of_birth":"1945-12-15T00:00:00.000Z","gender":"Khác","address":"Thanh Hóa","email":"test_user_06@gmail.com","phone_number":"1767111031","password":"$2b$10$ktVlok3HlNQrWDM6t.B2UuIauOOfOmH1gBm49YgpZRqs6tQAmlFwa","avatar":"https://encrypted-tbn0.gstatic.com/images?q=tbn:ANd9GcTNnNH0c03eYhzzID8_Y6mHwZYYGjXLfnreH7RyT9f9GVRtT0yR7vklbKx3As07G6DCGYY&usqp=CAU","status":"active","created_on":"2025-12-22 23:02:06","modified_on":"2025-12-22 23:02:06","created_by":"data generation","modified_by":"data generation","is_deleted":false,"updatedAt":"2025-12-23T11:18:15.327Z"},{"seenMessage":[],"_id":"69496b7e3a739f3bcffdef00","role_name":"student","full_name":"test_user_07","date_of_birth":"1999-12-13T00:00:00.000Z","gender":"Nữ","address":"Nghệ An","email":"test_user_07@gmail.com","phone_number":"1767111032","password":"$2b$10$Pq/jhIbiwyQEQxdPpPRiJ.nHROYgbmxNS2R8PxCwcQNCMlzn0ZOdS","avatar":"https://encrypted-tbn0.gstatic.com/images?q=tbn:ANd9GcTNnNH0c03eYhzzID8_Y6mHwZYYGjXLfnreH7RyT9f9GVRtT0yR7vklbKx3As07G6DCGYY&usqp=CAU","status":"active","created_on":"2025-12-22 23:02:06","modified_on":"2025-12-22 23:02:06","created_by":"data generation","modified_by":"data generation","messageFromSystem":[" do có đánh giá bị báo xấu 2 lần trở lên"],"updatedAt":"2025-12-23T11:18:11.133Z","is_deleted":false},{"messageFromSystem":[],"seenMessage":[],"_id":"69496b7e3a739f3bcffdef01","role_name":"student","full_name":"test_user_08","date_of_birth":"1963-01-26T00:00:00.000Z","gender":"Khác","address":"Tuyên Quang","email":"test_user_08@gmail.com","phone_number":"1767111034","password":"$2b$10$4./7IPHl.ADVgoPrQMif3eoISExVbfQ53JAfBc6HxNVUW8.ZinnAS","avatar":"https://encrypted-tbn0.gstatic.com/images?q=tbn:ANd9GcTNnNH0c03eYhzzID8_Y6mHwZYYGjXLfnreH7RyT9f9GVRtT0yR7vklbKx3As07G6DCGYY&usqp=CAU","status":"active","created_on":"2025-12-22 23:02:06","modified_on":"2025-12-22 23:02:06","created_by":"data generation","modified_by":"data generation","is_deleted":false,"updatedAt":"2025-12-23T11:18:13.439Z"},{"seenMessage":[],"_id":"69496b7e3a739f3bcffdef02","role_name":"student","full_name":"test_user_09","date_of_birth":"2005-09-27T00:00:00.000Z","gender":"Nam","address":"Lào Cai","email":"test_user_09@gmail.com","phone_number":"1767111035","password":"$2b$10$b2fDKAJnbZ9sgFUA.RKAxeRYeTpUUb7EOOBcloE1YERklwMV6YXVe","avatar":"https://encrypted-tbn0.gstatic.com/images?q=tbn:ANd9GcTNnNH0c03eYhzzID8_Y6mHwZYYGjXLfnreH7RyT9f9GVRtT0yR7vklbKx3As07G6DCGYY&usqp=CAU","status":"active","created_on":"2025-12-22 23:02:06","modified_on":"2025-12-22 23:02:06","created_by":"data generation","modified_by":"data generation","is_deleted":false,"messageFromSystem":[],"updatedAt":"2025-12-23T11:19:38.416Z"},{"is_deleted":false,"messageFromSystem":[],"seenMessage":[],"_id":"69496b7e3a739f3bcffdef03","role_name":"student","full_name":"test_user_10","date_of_birth":"1929-08-13T00:00:00.000Z","gender":"Khác","address":"Đà Nẵng","email":"test_user_10@gmail.com","phone_number":"1767111036","password":"$2b$10$0BZXNWxLvaupT6jujMMskOsDSIWiIR7TCYG1J9882mckQaIyK..ui","avatar":"https://encrypted-tbn0.gstatic.com/images?q=tbn:ANd9GcTNnNH0c03eYhzzID8_Y6mHwZYYGjXLfnreH7RyT9f9GVRtT0yR7vklbKx3As07G6DCGYY&usqp=CAU","status":"active","created_on":"2025-12-22 23:02:06","modified_on":"2025-12-22 23:02:06","created_by":"data generation","modified_by":"data generation"},{"is_deleted":false,"messageFromSystem":[],"seenMessage":[],"_id":"69496b7e3a739f3bcffdef04","role_name":"student","full_name":"test_user_11","date_of_birth":"1994-02-17T00:00:00.000Z","gender":"Khác","address":"Thái Nguyên","email":"test_user_11@gmail.com","phone_number":"1767111038","password":"$2b$10$0.hDZrxibxZNMFGQzrilF.FXnl7Numy/pUNgiGRE5d7dVjz1OxLDC","avatar":"https://encrypted-tbn0.gstatic.com/images?q=tbn:ANd9GcTNnNH0c03eYhzzID8_Y6mHwZYYGjXLfnreH7RyT9f9GVRtT0yR7vklbKx3As07G6DCGYY&usqp=CAU","status":"active","created_on":"2025-12-22 23:02:06","modified_on":"2025-12-22 23:02:06","created_by":"data generation","modified_by":"data generation"},{"_id":"694a00a7d74fc315fb27dd3d","role_name":"student","full_name":"manual_test_student_01","date_of_birth":"2009-01-23T00:00:00.000Z","gender":"nam","address":"DaNang","email":"manual_test_student_01@gmail.com","phone_number":"1234567890","password":"$2b$10$yw4WSEKSkjQzdGHWMyLOs.WwhMis/qjYe83gNtQbZt7z1sykZKyxC","is_deleted":false,"messageFromSystem":[],"seenMessage":[],"createdAt":"2025-12-23T02:38:31.796Z","updatedAt":"2025-12-23T02:38:31.796Z","__v":0},{"_id":"694cb973322b96054111df4d","role_name":"student","full_name":"manual_test_student_02","date_of_birth":"2022-01-25T00:00:00.000Z","gender":"nữ","address":"DNN","email":"manual_test_student_02@gmail.com","phone_number":"1234567890","password":"$2b$10$Y6t.P652NkhgEiY0kw0RpOoKwwzYMbJKqBfRTr/RPf9qaFXt3.gua","is_deleted":false,"messageFromSystem":[],"seenMessage":[],"createdAt":"2025-12-25T04:11:31.940Z","updatedAt":"2025-12-25T04:11:31.940Z","__v":0},{"_id":"694cf85d1216fce2045b4768","role_name":"student","full_name":"API predata - student account 01","date_of_birth":"2025-12-25T00:00:00.000Z","gender":"nam","address":"API predata - student account 01 - address - UWUFz","email":"api_predata_admin_account_01@gmail.com","phone_number":"1234567890","password":"$2b$10$OYdLYo.axhIoZm16.AzBFeFV676sG8jtRGXdlaBa6TslCfnc4ZXp2","is_deleted":false,"messageFromSystem":[],"seenMessage":[],"createdAt":"2025-12-25T08:39:57.569Z","updatedAt":"2025-12-25T08:39:57.569Z","__v":0}]
[INFO][2025-12-25 08:48:39][case_setup.run_case:run_case:71] Expected result: {'_id': '69496b7e3a739f3bcffdeefa', 'status_code': 200}
[INFO][2025-12-25 08:48:39][case_setup.run_case:run_case:73] Key: _id, Value: 69496b7e3a739f3bcffdeefa
[SUCCESS][2025-12-25 08:48:39][case_setup.run_case:run_case:97] [PASSED] Key: '_id' is in list of keys: dict_keys(['is_deleted', 'messageFromSystem', 'seenMessage', '_id', 'role_name', 'full_name', 'date_of_birth', 'gender', 'address', 'email', 'phone_number', 'password', 'avatar', 'status', 'created_on', 'modified_on', 'created_by', 'modified_by']).
[SUCCESS][2025-12-25 08:48:39][case_setup.run_case:run_case:106] [PASSED] Value: '['69496b7e3a739f3bcffdeefa', '69496b7e3a739f3bcffdeefb', '69496b7e3a739f3bcffdeefc', '69496b7e3a739f3bcffdeefd', '69496b7e3a739f3bcffdeefe', '69496b7e3a739f3bcffdeeff', '69496b7e3a739f3bcffdef00', '69496b7e3a739f3bcffdef01', '69496b7e3a739f3bcffdef02', '69496b7e3a739f3bcffdef03', '69496b7e3a739f3bcffdef04', '694a00a7d74fc315fb27dd3d', '694cb973322b96054111df4d', '694cf85d1216fce2045b4768']' is in list of values: '69496b7e3a739f3bcffdeefa'.
[INFO][2025-12-25 08:48:39][case_setup.run_case:run_case:73] Key: status_code, Value: 200
[SUCCESS][2025-12-25 08:48:39][case_setup.run_case:run_case:80] [PASSED] Status code is equal. Expected: 200, Actual: 200.
[SUCCESS][2025-12-25 08:48:39][case_setup.run_case:run_case:117] Done case: Account01 - Get all accounts.
[INFO][2025-12-25 08:48:39][case_setup.run_case:run_case:45] Run case: Account02 - Get account by id.
[INFO][2025-12-25 08:48:39][case_setup.run_case:run_case:56] Request body:
null
[INFO][2025-12-25 08:48:40][case_setup.run_case:run_case:68] Response:
200, {"is_deleted":false,"messageFromSystem":[],"seenMessage":[],"_id":"69496b7e3a739f3bcffdeefa","role_name":"admin","full_name":"test_user_01","date_of_birth":"2012-12-26T00:00:00.000Z","gender":"Nữ","address":"Nghệ An","email":"test_user_01@gmail.com","phone_number":"1767111009","password":"$2b$10$MwR7xWmmGi9oN16IwVejY.7JWsaNAdnqID85Pt22BJsGX/x4uuRZy","avatar":"https://encrypted-tbn0.gstatic.com/images?q=tbn:ANd9GcTNnNH0c03eYhzzID8_Y6mHwZYYGjXLfnreH7RyT9f9GVRtT0yR7vklbKx3As07G6DCGYY&usqp=CAU","status":"active","created_on":"2025-12-22 23:02:06","modified_on":"2025-12-22 23:02:06","created_by":"data generation","modified_by":"data generation"}
[INFO][2025-12-25 08:48:40][case_setup.run_case:run_case:71] Expected result: {'_id': '69496b7e3a739f3bcffdeefa', 'status_code': 200}
[INFO][2025-12-25 08:48:40][case_setup.run_case:run_case:73] Key: _id, Value: 69496b7e3a739f3bcffdeefa
[SUCCESS][2025-12-25 08:48:40][case_setup.run_case:run_case:97] [PASSED] Key: '_id' is in list of keys: dict_keys(['is_deleted', 'messageFromSystem', 'seenMessage', '_id', 'role_name', 'full_name', 'date_of_birth', 'gender', 'address', 'email', 'phone_number', 'password', 'avatar', 'status', 'created_on', 'modified_on', 'created_by', 'modified_by']).
[SUCCESS][2025-12-25 08:48:40][case_setup.run_case:run_case:114] [PASSED] Value is equal. Expected: '69496b7e3a739f3bcffdeefa', Actual: '69496b7e3a739f3bcffdeefa'.
[INFO][2025-12-25 08:48:40][case_setup.run_case:run_case:73] Key: status_code, Value: 200
[SUCCESS][2025-12-25 08:48:40][case_setup.run_case:run_case:80] [PASSED] Status code is equal. Expected: 200, Actual: 200.
[SUCCESS][2025-12-25 08:48:40][case_setup.run_case:run_case:117] Done case: Account02 - Get account by id.
[INFO][2025-12-25 08:48:40][case_setup.run_case:run_case:45] Run case: Account03 - Create new account with role student.
[INFO][2025-12-25 08:48:40][case_setup.run_case:run_case:56] Request body:
{
    "role_name": "student",
    "full_name": "API csv - student account 01",
    "date_of_birth": "2022-01-25",
    "gender": "nam",
    "address": "API csv - student account 01 - address",
    "email": "api_csv_student_account_01@gmail.com",
    "phone_number": "1234567890",
    "password": "123456789",
    "confirmPassword": "123456789"
}
[INFO][2025-12-25 08:48:40][case_setup.run_case:run_case:68] Response:
200, {"role_name":"student","full_name":"API csv - student account 01","date_of_birth":"2022-01-25T00:00:00.000Z","gender":"nam","address":"API csv - student account 01 - address","email":"api_csv_student_account_01@gmail.com","phone_number":"1234567890","password":"$2b$10$Y2uym37GumP4dso4O8Y3WuQDvf1OGpMHebbuTzRIT9/Qqiyf9wLfe","is_deleted":false,"messageFromSystem":[],"seenMessage":[],"_id":"694cfa6819f8abc10a9525b5","createdAt":"2025-12-25T08:48:40.538Z","updatedAt":"2025-12-25T08:48:40.538Z","__v":0}
[INFO][2025-12-25 08:48:40][case_setup.run_case:run_case:71] Expected result: {'status_code': 200}
[INFO][2025-12-25 08:48:40][case_setup.run_case:run_case:73] Key: status_code, Value: 200
[SUCCESS][2025-12-25 08:48:40][case_setup.run_case:run_case:80] [PASSED] Status code is equal. Expected: 200, Actual: 200.
[SUCCESS][2025-12-25 08:48:40][case_setup.run_case:run_case:117] Done case: Account03 - Create new account with role student.
[INFO][2025-12-25 08:48:40][case_setup.run_case:run_case:45] Run case: Account04 - Edit current student account.
[INFO][2025-12-25 08:48:40][case_setup.run_case:run_case:56] Request body:
{
    "role_name": "student",
    "full_name": "API predata - student account 01 - edited",
    "date_of_birth": "2025-12-25",
    "gender": "nam",
    "address": "API predata - student account 01 - address",
    "email": "api_predata_admin_account_01@gmail.com",
    "phone_number": "1234567890",
    "password": "123456789",
    "confirmPassword": "123456789"
}
[INFO][2025-12-25 08:48:41][case_setup.run_case:run_case:68] Response:
404, <!DOCTYPE html>
<html lang="en">
<head>
<meta charset="utf-8">
<title>Error</title>
</head>
<body>
<pre>Cannot PUT /api/accounts/694cf85d1216fce2045b4768</pre>
</body>
</html>

[INFO][2025-12-25 08:48:41][case_setup.run_case:run_case:71] Expected result: {'_id': '694cf85d1216fce2045b4768', 'status_code': 200}
[INFO][2025-12-25 08:48:41][case_setup.run_case:run_case:73] Key: _id, Value: 694cf85d1216fce2045b4768
[ERROR][2025-12-25 08:48:41][__main__:<module>:19] An error has been caught in function '<module>', process 'MainProcess' (95035), thread 'MainThread' (140026773538624):
Traceback (most recent call last):

  File "/home/user/apitestcapprj/.venv/lib/python3.11/site-packages/requests/models.py", line 976, in json
    return complexjson.loads(self.text, **kwargs)
           │           │     │    │       └ {}
           │           │     │    └ <property object at 0x7f5a6b3b0860>
           │           │     └ <Response [404]>
           │           └ <function loads at 0x7f5a784d1620>
           └ <module 'json' from '/usr/lib/python3.11/json/__init__.py'>
  File "/usr/lib/python3.11/json/__init__.py", line 346, in loads
    return _default_decoder.decode(s)
           │                │      └ '<!DOCTYPE html>\n<html lang="en">\n<head>\n<meta charset="utf-8">\n<title>Error</title>\n</head>\n<body>\n<pre>Cannot PUT /a...
           │                └ <function JSONDecoder.decode at 0x7f5a784d0fe0>
           └ <json.decoder.JSONDecoder object at 0x7f5a7843d110>
  File "/usr/lib/python3.11/json/decoder.py", line 337, in decode
    obj, end = self.raw_decode(s, idx=_w(s, 0).end())
               │    │          │      │  └ '<!DOCTYPE html>\n<html lang="en">\n<head>\n<meta charset="utf-8">\n<title>Error</title>\n</head>\n<body>\n<pre>Cannot PUT /a...
               │    │          │      └ <built-in method match of re.Pattern object at 0x7f5a78462a80>
               │    │          └ '<!DOCTYPE html>\n<html lang="en">\n<head>\n<meta charset="utf-8">\n<title>Error</title>\n</head>\n<body>\n<pre>Cannot PUT /a...
               │    └ <function JSONDecoder.raw_decode at 0x7f5a784d1080>
               └ <json.decoder.JSONDecoder object at 0x7f5a7843d110>
  File "/usr/lib/python3.11/json/decoder.py", line 355, in raw_decode
    raise JSONDecodeError("Expecting value", s, err.value) from None
          │                                  └ '<!DOCTYPE html>\n<html lang="en">\n<head>\n<meta charset="utf-8">\n<title>Error</title>\n</head>\n<body>\n<pre>Cannot PUT /a...
          └ <class 'json.decoder.JSONDecodeError'>

json.decoder.JSONDecodeError: Expecting value: line 1 column 1 (char 0)


During handling of the above exception, another exception occurred:


Traceback (most recent call last):

> File "/home/user/apitestcapprj/main.py", line 19, in <module>
    df_run_case: pd.DataFrame = run_case(
                 │  │           └ <function run_case at 0x7f5a6b1f0d60>
                 │  └ <class 'pandas.core.frame.DataFrame'>
                 └ <module 'pandas' from '/home/user/apitestcapprj/.venv/lib/python3.11/site-packages/pandas/__init__.py'>

  File "/home/user/apitestcapprj/helpers/logger_wrapper.py", line 14, in wrap
    return func(*args, **kwargs)
           │     │       └ {'file_path': '/home/user/apitestcapprj/data/test_cases/account_test_cases.xlsx', 'file_type': 'excel', 'pre_data': {'admin_r...
           │     └ ()
           └ <function run_case at 0x7f5a6b1f07c0>

  File "/home/user/apitestcapprj/case_setup/run_case.py", line 82, in run_case
    data = res.json()
           │   └ <function Response.json at 0x7f5a6b39b060>
           └ <Response [404]>

  File "/home/user/apitestcapprj/.venv/lib/python3.11/site-packages/requests/models.py", line 980, in json
    raise RequestsJSONDecodeError(e.msg, e.doc, e.pos)
          └ <class 'requests.exceptions.JSONDecodeError'>

requests.exceptions.JSONDecodeError: Expecting value: line 1 column 1 (char 0)
[INFO][2025-12-25 08:56:24][common.common_setup:<module>:13] Base dir: /home/user/apitestcapprj
[INFO][2025-12-25 08:56:24][helpers.load_data:load_data:35] Loading data from '/home/user/apitestcapprj/configs/user_info.json'.
[SUCCESS][2025-12-25 08:56:24][helpers.load_data:load_data:41] Complete loading data from '/home/user/apitestcapprj/configs/user_info.json'.
[SUCCESS][2025-12-25 08:56:24][common.common_setup:<module>:22] Load client info successfully:
{
    "admin": {
        "email": "test_user_01@gmail.com",
        "password": "123456789"
    },
    "student": {
        "email": "test_user_07@gmail.com",
        "password": "123456789"
    },
    "teacher": {
        "email": "test_user_02@gmail.com",
        "password": "123456789"
    }
}
[INFO][2025-12-25 08:56:24][helpers.load_data:load_data:35] Loading data from '/home/user/apitestcapprj/data/request_body_template/role_request_body_template.json'.
[SUCCESS][2025-12-25 08:56:24][helpers.load_data:load_data:41] Complete loading data from '/home/user/apitestcapprj/data/request_body_template/role_request_body_template.json'.
[SUCCESS][2025-12-25 08:56:24][common.common_setup:<module>:28] Load role predata successfully:
{
    "predata": {
        "role_01": {
            "name": "API predata - role 01"
        }
    },
    "need_clear": [
        "API predata - role 01 - edited",
        "API csv - role 01"
    ]
}
[INFO][2025-12-25 08:56:24][helpers.load_data:load_data:35] Loading data from '/home/user/apitestcapprj/data/request_body_template/account_request_body_template.json'.
[SUCCESS][2025-12-25 08:56:24][helpers.load_data:load_data:41] Complete loading data from '/home/user/apitestcapprj/data/request_body_template/account_request_body_template.json'.
[SUCCESS][2025-12-25 08:56:24][common.common_setup:<module>:33] Load account predata successfully:
{
    "predata": {
        "account_01": {
            "role_name": "{student_role_name}",
            "full_name": "API predata - student account 01",
            "date_of_birth": "{datetime(%Y-%m-%d,0)}",
            "gender": "nam",
            "address": "API predata - student account 01 - address - {random_string(5)}",
            "email": "api_predata_admin_account_01@gmail.com",
            "phone_number": "1234567890",
            "password": "123456789",
            "confirmPassword": "123456789"
        }
    },
    "need_clear": [
        "API predata - student account 01 - edited",
        "API csv - student account 01"
    ]
}
[INFO][2025-12-25 08:56:24][common.client:login:143] Login with role: admin, email: test_user_01@gmail.com and password: 123456789.
[SUCCESS][2025-12-25 08:56:30][common.client:login:154] Login successfully.
[INFO][2025-12-25 08:56:30][common.client:login:143] Login with role: student, email: test_user_07@gmail.com and password: 123456789.
[SUCCESS][2025-12-25 08:56:31][common.client:login:154] Login successfully.
[INFO][2025-12-25 08:56:31][common.client:login:143] Login with role: teacher, email: test_user_02@gmail.com and password: 123456789.
[SUCCESS][2025-12-25 08:56:32][common.client:login:154] Login successfully.
[INFO][2025-12-25 08:56:32][__main__:<module>:9] ================= Start testing ==================
[INFO][2025-12-25 08:56:33][process_responses.account_process_response:clear_data:84] Clear data: API csv - student account 01
[INFO][2025-12-25 08:56:34][process_responses.account_process_response:delete_account:70] Delete account response: 200
[SUCCESS][2025-12-25 08:56:34][process_responses.account_process_response:clear_data:87] Complete clear data.
[SUCCESS][2025-12-25 08:56:34][process_responses.role_process_responses:get_all_roles:24] Get all roles successfully:
[
    {
        "_id": "69496b7d3a739f3bcffdeef7",
        "name": "admin",
        "created_on": "2025-12-22 23:02:05",
        "modified_on": "2025-12-22 23:02:05",
        "created_by": "data generation",
        "modified_by": "data generation"
    },
    {
        "_id": "69496b7d3a739f3bcffdeef8",
        "name": "teacher",
        "created_on": "2025-12-22 23:02:05",
        "modified_on": "2025-12-22 23:02:05",
        "created_by": "data generation",
        "modified_by": "data generation"
    },
    {
        "_id": "69496b7d3a739f3bcffdeef9",
        "name": "student",
        "created_on": "2025-12-22 23:02:05",
        "modified_on": "2025-12-22 23:02:05",
        "created_by": "data generation",
        "modified_by": "data generation"
    },
    {
        "_id": "694cc852d92216ca82f980b6",
        "name": "API predata - role 01",
        "__v": 0
    }
]
[WARNING][2025-12-25 08:56:36][process_responses.account_process_response:create_new_account_with_check:43] Account 'api_predata_admin_account_01@gmail.com' already exists.
[INFO][2025-12-25 08:56:36][case_setup.account_case_setup:account_case_setup:52] {
    "admin_role_name": "admin",
    "student_role_name": "student",
    "teacher_role_name": "student",
    "admin_role_id": "69496b7d3a739f3bcffdeef7",
    "student_role_id": "69496b7d3a739f3bcffdeef9",
    "admin_account_id": "69496b7e3a739f3bcffdeefa",
    "student_account_id": "694cf85d1216fce2045b4768",
    "account_01_id": "694cf85d1216fce2045b4768",
    "account_01_name": "API predata - student account 01"
}
[INFO][2025-12-25 08:56:36][helpers.load_data:load_data:35] Loading data from '/home/user/apitestcapprj/data/test_cases/account_test_cases.xlsx'.
[SUCCESS][2025-12-25 08:56:36][helpers.load_data:load_data:41] Complete loading data from '/home/user/apitestcapprj/data/test_cases/account_test_cases.xlsx'.
[SUCCESS][2025-12-25 08:56:36][case_setup.test_case_setup:test_case_setup:32] Test case setup successfully.
[INFO][2025-12-25 08:56:36][case_setup.test_case_setup:test_case_setup:33] Test case info:
[
    {
        "status": "Done",
        "case_no": "Account04",
        "author": "Nhat",
        "role": "admin",
        "title": NaN,
        "description": "Edit current student account.",
        "method": "PUT",
        "api": "https://datn-be-steel.vercel.app/api/accounts/694cf85d1216fce2045b4768",
        "request_body": {
            "role_name": "student",
            "full_name": "API predata - student account 01 - edited",
            "date_of_birth": "2025-12-25",
            "gender": "nam",
            "address": "API predata - student account 01 - address",
            "email": "api_predata_admin_account_01@gmail.com",
            "phone_number": "1234567890",
            "password": "123456789",
            "confirmPassword": "123456789",
            "is_deleted": false,
            "avatar": ""
        },
        "expected_result": {
            "_id": "694cf85d1216fce2045b4768",
            "status_code": 200
        },
        "jira_number": NaN,
        "note": NaN
    }
]
[INFO][2025-12-25 08:56:36][case_setup.run_case:run_case:45] Run case: Account04 - Edit current student account.
[INFO][2025-12-25 08:56:36][case_setup.run_case:run_case:56] Request body:
{
    "role_name": "student",
    "full_name": "API predata - student account 01 - edited",
    "date_of_birth": "2025-12-25",
    "gender": "nam",
    "address": "API predata - student account 01 - address",
    "email": "api_predata_admin_account_01@gmail.com",
    "phone_number": "1234567890",
    "password": "123456789",
    "confirmPassword": "123456789",
    "is_deleted": false,
    "avatar": ""
}
[INFO][2025-12-25 08:56:36][case_setup.run_case:run_case:68] Response:
404, <!DOCTYPE html>
<html lang="en">
<head>
<meta charset="utf-8">
<title>Error</title>
</head>
<body>
<pre>Cannot PUT /api/accounts/694cf85d1216fce2045b4768</pre>
</body>
</html>

[INFO][2025-12-25 08:56:36][case_setup.run_case:run_case:71] Expected result: {'_id': '694cf85d1216fce2045b4768', 'status_code': 200}
[INFO][2025-12-25 08:56:36][case_setup.run_case:run_case:73] Key: _id, Value: 694cf85d1216fce2045b4768
[ERROR][2025-12-25 08:56:36][case_setup.run_case:run_case:82] Request error:
Status:404. Text:<!DOCTYPE html>
<html lang="en">
<head>
<meta charset="utf-8">
<title>Error</title>
</head>
<body>
<pre>Cannot PUT /api/accounts/694cf85d1216fce2045b4768</pre>
</body>
</html>

[INFO][2025-12-25 08:56:36][case_setup.run_case:run_case:73] Key: status_code, Value: 200
[ERROR][2025-12-25 08:56:36][case_setup.run_case:run_case:77] [FAILED] Status code is not equal. Expected: 200, Actual: 404.
[SUCCESS][2025-12-25 08:56:36][case_setup.run_case:run_case:120] Done case: Account04 - Edit current student account.
[SUCCESS][2025-12-25 08:56:36][case_setup.run_case:run_case:124] All test cases are done.
[INFO][2025-12-25 08:56:36][__main__:<module>:32] Total cases: 1
[INFO][2025-12-25 08:56:36][__main__:<module>:33] Pass cases: 0
[INFO][2025-12-25 08:56:36][__main__:<module>:34] Failed cases: 1
[INFO][2025-12-25 08:56:36][__main__:<module>:38] Detail result:
[
    {
        "index": 4,
        "result": "Failed",
        "case_no": "Account04",
        "expected_result": {
            "_id": "694cf85d1216fce2045b4768",
            "status_code": 200
        },
        "detail": "[FAILED] Status code is not equal. Expected: 200, Actual: 404.",
        "datetime": "2025-12-25 15:56:36"
    }
]
[SUCCESS][2025-12-25 08:56:36][__main__:<module>:44] Report saved to '/home/user/apitestcapprj/reports/2025-12-25.xlsx'.
[INFO][2025-12-25 08:56:36][common.client:logout:157] User: 'test_user_01@gmail.com', role: 'admin' logout.
[INFO][2025-12-25 08:56:37][common.client:logout:159] Logout info: 200, "User logged out successfully".
[INFO][2025-12-25 08:56:37][common.client:logout:157] User: 'test_user_07@gmail.com', role: 'student' logout.
[INFO][2025-12-25 08:56:37][common.client:logout:159] Logout info: 200, "User logged out successfully".
[INFO][2025-12-25 08:56:37][common.client:logout:157] User: 'test_user_02@gmail.com', role: 'teacher' logout.
[INFO][2025-12-25 08:56:38][common.client:logout:159] Logout info: 200, "User logged out successfully".
[SUCCESS][2025-12-25 08:56:38][__main__:<module>:49] ================== End testing ===================
[INFO][2025-12-25 11:09:19][common.common_setup:<module>:13] Base dir: /home/user/apitestcapprj
[INFO][2025-12-25 11:09:19][helpers.load_data:load_data:35] Loading data from '/home/user/apitestcapprj/configs/user_info.json'.
[SUCCESS][2025-12-25 11:09:19][helpers.load_data:load_data:41] Complete loading data from '/home/user/apitestcapprj/configs/user_info.json'.
[SUCCESS][2025-12-25 11:09:19][common.common_setup:<module>:22] Load client info successfully:
{
    "admin": {
        "email": "test_user_01@gmail.com",
        "password": "123456789"
    },
    "student": {
        "email": "test_user_07@gmail.com",
        "password": "123456789"
    },
    "teacher": {
        "email": "test_user_02@gmail.com",
        "password": "123456789"
    }
}
[INFO][2025-12-25 11:09:19][helpers.load_data:load_data:35] Loading data from '/home/user/apitestcapprj/data/request_body_template/role_request_body_template.json'.
[SUCCESS][2025-12-25 11:09:19][helpers.load_data:load_data:41] Complete loading data from '/home/user/apitestcapprj/data/request_body_template/role_request_body_template.json'.
[SUCCESS][2025-12-25 11:09:19][common.common_setup:<module>:28] Load role predata successfully:
{
    "predata": {
        "role_01": {
            "name": "API predata - role 01"
        }
    },
    "need_clear": [
        "API predata - role 01 - edited",
        "API csv - role 01"
    ]
}
[INFO][2025-12-25 11:09:19][helpers.load_data:load_data:35] Loading data from '/home/user/apitestcapprj/data/request_body_template/account_request_body_template.json'.
[SUCCESS][2025-12-25 11:09:19][helpers.load_data:load_data:41] Complete loading data from '/home/user/apitestcapprj/data/request_body_template/account_request_body_template.json'.
[SUCCESS][2025-12-25 11:09:19][common.common_setup:<module>:33] Load account predata successfully:
{
    "predata": {
        "account_01": {
            "role_name": "{student_role_name}",
            "full_name": "API predata - student account 01",
            "date_of_birth": "{datetime(%Y-%m-%d,0)}",
            "gender": "nam",
            "address": "API predata - student account 01 - address - {random_string(5)}",
            "email": "api_predata_admin_account_01@gmail.com",
            "phone_number": "1234567890",
            "password": "123456789",
            "confirmPassword": "123456789"
        }
    },
    "need_clear": [
        "API predata - student account 01 - edited",
        "API csv - student account 01"
    ]
}
[INFO][2025-12-25 11:09:19][common.client:login:143] Login with role: admin, email: test_user_01@gmail.com and password: 123456789.
[SUCCESS][2025-12-25 11:09:25][common.client:login:154] Login successfully.
[INFO][2025-12-25 11:09:25][common.client:login:143] Login with role: student, email: test_user_07@gmail.com and password: 123456789.
[SUCCESS][2025-12-25 11:09:27][common.client:login:154] Login successfully.
[INFO][2025-12-25 11:09:27][common.client:login:143] Login with role: teacher, email: test_user_02@gmail.com and password: 123456789.
[SUCCESS][2025-12-25 11:09:28][common.client:login:154] Login successfully.
[INFO][2025-12-25 11:09:28][__main__:<module>:9] ================= Start testing ==================
[SUCCESS][2025-12-25 11:09:30][process_responses.account_process_response:clear_data:87] Complete clear data.
[SUCCESS][2025-12-25 11:09:31][process_responses.role_process_responses:get_all_roles:24] Get all roles successfully:
[
    {
        "_id": "69496b7d3a739f3bcffdeef7",
        "name": "admin",
        "created_on": "2025-12-22 23:02:05",
        "modified_on": "2025-12-22 23:02:05",
        "created_by": "data generation",
        "modified_by": "data generation"
    },
    {
        "_id": "69496b7d3a739f3bcffdeef8",
        "name": "teacher",
        "created_on": "2025-12-22 23:02:05",
        "modified_on": "2025-12-22 23:02:05",
        "created_by": "data generation",
        "modified_by": "data generation"
    },
    {
        "_id": "69496b7d3a739f3bcffdeef9",
        "name": "student",
        "created_on": "2025-12-22 23:02:05",
        "modified_on": "2025-12-22 23:02:05",
        "created_by": "data generation",
        "modified_by": "data generation"
    },
    {
        "_id": "694cc852d92216ca82f980b6",
        "name": "API predata - role 01",
        "__v": 0
    }
]
[WARNING][2025-12-25 11:09:32][process_responses.account_process_response:create_new_account_with_check:43] Account 'api_predata_admin_account_01@gmail.com' already exists.
[INFO][2025-12-25 11:09:32][case_setup.account_case_setup:account_case_setup:52] {
    "admin_role_name": "admin",
    "student_role_name": "student",
    "teacher_role_name": "student",
    "admin_role_id": "69496b7d3a739f3bcffdeef7",
    "student_role_id": "69496b7d3a739f3bcffdeef9",
    "admin_account_id": "69496b7e3a739f3bcffdeefa",
    "student_account_id": "694cf85d1216fce2045b4768",
    "account_01_id": "694cf85d1216fce2045b4768",
    "account_01_name": "API predata - student account 01"
}
[INFO][2025-12-25 11:09:32][helpers.load_data:load_data:35] Loading data from '/home/user/apitestcapprj/data/test_cases/account_test_cases.xlsx'.
[SUCCESS][2025-12-25 11:09:32][helpers.load_data:load_data:41] Complete loading data from '/home/user/apitestcapprj/data/test_cases/account_test_cases.xlsx'.
[SUCCESS][2025-12-25 11:09:32][case_setup.test_case_setup:test_case_setup:32] Test case setup successfully.
[INFO][2025-12-25 11:09:32][case_setup.test_case_setup:test_case_setup:33] Test case info:
[
    {
        "status": "Done",
        "case_no": "Account01",
        "author": "Nhat",
        "role": "admin",
        "title": "GetAllRoles",
        "description": "Get all accounts.",
        "method": "GET",
        "api": "https://datn-be-steel.vercel.app/api/accounts",
        "request_body": null,
        "expected_result": {
            "_id": "69496b7e3a739f3bcffdeefa",
            "status_code": 200
        },
        "jira_number": NaN,
        "note": NaN
    },
    {
        "status": "Done",
        "case_no": "Account02",
        "author": "Nhat",
        "role": "admin",
        "title": "GetRoleById",
        "description": "Get account by id.",
        "method": "GET",
        "api": "https://datn-be-steel.vercel.app/api/accounts/69496b7e3a739f3bcffdeefa",
        "request_body": null,
        "expected_result": {
            "_id": "69496b7e3a739f3bcffdeefa",
            "status_code": 200
        },
        "jira_number": NaN,
        "note": NaN
    },
    {
        "status": "Done",
        "case_no": "Account03",
        "author": "Nhat",
        "role": "admin",
        "title": "CreateNewRole",
        "description": "Create new account with role student.",
        "method": "POST",
        "api": "https://datn-be-steel.vercel.app/api/auth/register",
        "request_body": {
            "role_name": "student",
            "full_name": "API csv - student account 01",
            "date_of_birth": "2022-01-25",
            "gender": "nam",
            "address": "API csv - student account 01 - address",
            "email": "api_csv_student_account_01@gmail.com",
            "phone_number": "1234567890",
            "password": "123456789",
            "confirmPassword": "123456789"
        },
        "expected_result": {
            "status_code": 200
        },
        "jira_number": NaN,
        "note": NaN
    }
]
[INFO][2025-12-25 11:09:32][case_setup.run_case:run_case:45] Run case: Account01 - Get all accounts.
[INFO][2025-12-25 11:09:32][case_setup.run_case:run_case:56] Request body:
null
[INFO][2025-12-25 11:09:33][case_setup.run_case:run_case:68] Response:
200, [{"is_deleted":false,"messageFromSystem":[],"seenMessage":[],"_id":"69496b7e3a739f3bcffdeefa","role_name":"admin","full_name":"test_user_01","date_of_birth":"2012-12-26T00:00:00.000Z","gender":"Nữ","address":"Nghệ An","email":"test_user_01@gmail.com","phone_number":"1767111009","password":"$2b$10$MwR7xWmmGi9oN16IwVejY.7JWsaNAdnqID85Pt22BJsGX/x4uuRZy","avatar":"https://encrypted-tbn0.gstatic.com/images?q=tbn:ANd9GcTNnNH0c03eYhzzID8_Y6mHwZYYGjXLfnreH7RyT9f9GVRtT0yR7vklbKx3As07G6DCGYY&usqp=CAU","status":"active","created_on":"2025-12-22 23:02:06","modified_on":"2025-12-22 23:02:06","created_by":"data generation","modified_by":"data generation"},{"messageFromSystem":[],"seenMessage":[],"_id":"69496b7e3a739f3bcffdeefb","role_name":"teacher","full_name":"test_user_02","date_of_birth":"1932-09-16T00:00:00.000Z","gender":"Khác","address":"Gia Lai","email":"test_user_02@gmail.com","phone_number":"1767111020","password":"$2b$10$EVDd4TA2zsZoOFQEfa1/W.3DG.xgUt2ocWQf/SxShkDob9dlVPBZu","avatar":"https://encrypted-tbn0.gstatic.com/images?q=tbn:ANd9GcTNnNH0c03eYhzzID8_Y6mHwZYYGjXLfnreH7RyT9f9GVRtT0yR7vklbKx3As07G6DCGYY&usqp=CAU","status":"active","created_on":"2025-12-22 23:02:06","modified_on":"2025-12-22 23:02:06","created_by":"data generation","modified_by":"data generation","is_deleted":false,"updatedAt":"2025-12-24T07:53:53.287Z"},{"is_deleted":false,"messageFromSystem":[],"seenMessage":[],"_id":"69496b7e3a739f3bcffdeefc","role_name":"teacher","full_name":"test_user_03","date_of_birth":"2003-01-21T00:00:00.000Z","gender":"Nữ","address":"Vĩnh Long","email":"test_user_03@gmail.com","phone_number":"1767111025","password":"$2b$10$duxQOhN02rXJ6iFrHFcUUei2QzmtL37bpExOX4QBygXlvKmcchNpC","avatar":"https://encrypted-tbn0.gstatic.com/images?q=tbn:ANd9GcTNnNH0c03eYhzzID8_Y6mHwZYYGjXLfnreH7RyT9f9GVRtT0yR7vklbKx3As07G6DCGYY&usqp=CAU","status":"active","created_on":"2025-12-22 23:02:06","modified_on":"2025-12-22 23:02:06","created_by":"data generation","modified_by":"data generation"},{"is_deleted":false,"messageFromSystem":[],"seenMessage":[],"_id":"69496b7e3a739f3bcffdeefd","role_name":"teacher","full_name":"test_user_04","date_of_birth":"1956-12-05T00:00:00.000Z","gender":"Nam","address":"Đồng Nai","email":"test_user_04@gmail.com","phone_number":"1767111027","password":"$2b$10$G55YIQRomjn1SksdoO2YMeWGg45GMZC9oeh1b/hvIiyIkmLv6xR.e","avatar":"https://encrypted-tbn0.gstatic.com/images?q=tbn:ANd9GcTNnNH0c03eYhzzID8_Y6mHwZYYGjXLfnreH7RyT9f9GVRtT0yR7vklbKx3As07G6DCGYY&usqp=CAU","status":"active","created_on":"2025-12-22 23:02:06","modified_on":"2025-12-22 23:02:06","created_by":"data generation","modified_by":"data generation"},{"messageFromSystem":[],"seenMessage":[],"_id":"69496b7e3a739f3bcffdeefe","role_name":"teacher","full_name":"test_user_05","date_of_birth":"1929-12-25T00:00:00.000Z","gender":"Khác","address":"Khánh Hòa","email":"test_user_05@gmail.com","phone_number":"1767111029","password":"$2b$10$PE8VygYXhkNCcgxZliFQBunTg2HEJctZGSmsYJgSjlrywha4.PHHu","avatar":"https://encrypted-tbn0.gstatic.com/images?q=tbn:ANd9GcTNnNH0c03eYhzzID8_Y6mHwZYYGjXLfnreH7RyT9f9GVRtT0yR7vklbKx3As07G6DCGYY&usqp=CAU","status":"active","created_on":"2025-12-22 23:02:06","modified_on":"2025-12-22 23:02:06","created_by":"data generation","modified_by":"data generation","is_deleted":false,"updatedAt":"2025-12-23T11:18:16.591Z"},{"messageFromSystem":[],"seenMessage":[],"_id":"69496b7e3a739f3bcffdeeff","role_name":"teacher","full_name":"test_user_06","date_of_birth":"1945-12-15T00:00:00.000Z","gender":"Khác","address":"Thanh Hóa","email":"test_user_06@gmail.com","phone_number":"1767111031","password":"$2b$10$ktVlok3HlNQrWDM6t.B2UuIauOOfOmH1gBm49YgpZRqs6tQAmlFwa","avatar":"https://encrypted-tbn0.gstatic.com/images?q=tbn:ANd9GcTNnNH0c03eYhzzID8_Y6mHwZYYGjXLfnreH7RyT9f9GVRtT0yR7vklbKx3As07G6DCGYY&usqp=CAU","status":"active","created_on":"2025-12-22 23:02:06","modified_on":"2025-12-22 23:02:06","created_by":"data generation","modified_by":"data generation","is_deleted":false,"updatedAt":"2025-12-23T11:18:15.327Z"},{"seenMessage":[],"_id":"69496b7e3a739f3bcffdef00","role_name":"student","full_name":"test_user_07","date_of_birth":"1999-12-13T00:00:00.000Z","gender":"Nữ","address":"Nghệ An","email":"test_user_07@gmail.com","phone_number":"1767111032","password":"$2b$10$Pq/jhIbiwyQEQxdPpPRiJ.nHROYgbmxNS2R8PxCwcQNCMlzn0ZOdS","avatar":"https://encrypted-tbn0.gstatic.com/images?q=tbn:ANd9GcTNnNH0c03eYhzzID8_Y6mHwZYYGjXLfnreH7RyT9f9GVRtT0yR7vklbKx3As07G6DCGYY&usqp=CAU","status":"active","created_on":"2025-12-22 23:02:06","modified_on":"2025-12-22 23:02:06","created_by":"data generation","modified_by":"data generation","messageFromSystem":[" do có đánh giá bị báo xấu 2 lần trở lên"],"updatedAt":"2025-12-23T11:18:11.133Z","is_deleted":false},{"messageFromSystem":[],"seenMessage":[],"_id":"69496b7e3a739f3bcffdef01","role_name":"student","full_name":"test_user_08","date_of_birth":"1963-01-26T00:00:00.000Z","gender":"Khác","address":"Tuyên Quang","email":"test_user_08@gmail.com","phone_number":"1767111034","password":"$2b$10$4./7IPHl.ADVgoPrQMif3eoISExVbfQ53JAfBc6HxNVUW8.ZinnAS","avatar":"https://encrypted-tbn0.gstatic.com/images?q=tbn:ANd9GcTNnNH0c03eYhzzID8_Y6mHwZYYGjXLfnreH7RyT9f9GVRtT0yR7vklbKx3As07G6DCGYY&usqp=CAU","status":"active","created_on":"2025-12-22 23:02:06","modified_on":"2025-12-22 23:02:06","created_by":"data generation","modified_by":"data generation","is_deleted":false,"updatedAt":"2025-12-23T11:18:13.439Z"},{"seenMessage":[],"_id":"69496b7e3a739f3bcffdef02","role_name":"student","full_name":"test_user_09","date_of_birth":"2005-09-27T00:00:00.000Z","gender":"Nam","address":"Lào Cai","email":"test_user_09@gmail.com","phone_number":"1767111035","password":"$2b$10$b2fDKAJnbZ9sgFUA.RKAxeRYeTpUUb7EOOBcloE1YERklwMV6YXVe","avatar":"https://encrypted-tbn0.gstatic.com/images?q=tbn:ANd9GcTNnNH0c03eYhzzID8_Y6mHwZYYGjXLfnreH7RyT9f9GVRtT0yR7vklbKx3As07G6DCGYY&usqp=CAU","status":"active","created_on":"2025-12-22 23:02:06","modified_on":"2025-12-22 23:02:06","created_by":"data generation","modified_by":"data generation","is_deleted":false,"messageFromSystem":[],"updatedAt":"2025-12-23T11:19:38.416Z"},{"is_deleted":false,"messageFromSystem":[],"seenMessage":[],"_id":"69496b7e3a739f3bcffdef03","role_name":"student","full_name":"test_user_10","date_of_birth":"1929-08-13T00:00:00.000Z","gender":"Khác","address":"Đà Nẵng","email":"test_user_10@gmail.com","phone_number":"1767111036","password":"$2b$10$0BZXNWxLvaupT6jujMMskOsDSIWiIR7TCYG1J9882mckQaIyK..ui","avatar":"https://encrypted-tbn0.gstatic.com/images?q=tbn:ANd9GcTNnNH0c03eYhzzID8_Y6mHwZYYGjXLfnreH7RyT9f9GVRtT0yR7vklbKx3As07G6DCGYY&usqp=CAU","status":"active","created_on":"2025-12-22 23:02:06","modified_on":"2025-12-22 23:02:06","created_by":"data generation","modified_by":"data generation"},{"is_deleted":false,"messageFromSystem":[],"seenMessage":[],"_id":"69496b7e3a739f3bcffdef04","role_name":"student","full_name":"test_user_11","date_of_birth":"1994-02-17T00:00:00.000Z","gender":"Khác","address":"Thái Nguyên","email":"test_user_11@gmail.com","phone_number":"1767111038","password":"$2b$10$0.hDZrxibxZNMFGQzrilF.FXnl7Numy/pUNgiGRE5d7dVjz1OxLDC","avatar":"https://encrypted-tbn0.gstatic.com/images?q=tbn:ANd9GcTNnNH0c03eYhzzID8_Y6mHwZYYGjXLfnreH7RyT9f9GVRtT0yR7vklbKx3As07G6DCGYY&usqp=CAU","status":"active","created_on":"2025-12-22 23:02:06","modified_on":"2025-12-22 23:02:06","created_by":"data generation","modified_by":"data generation"},{"_id":"694a00a7d74fc315fb27dd3d","role_name":"student","full_name":"manual_test_student_01","date_of_birth":"2009-01-23T00:00:00.000Z","gender":"nam","address":"DaNang","email":"manual_test_student_01@gmail.com","phone_number":"1234567890","password":"$2b$10$yw4WSEKSkjQzdGHWMyLOs.WwhMis/qjYe83gNtQbZt7z1sykZKyxC","is_deleted":false,"messageFromSystem":[],"seenMessage":[],"createdAt":"2025-12-23T02:38:31.796Z","updatedAt":"2025-12-23T02:38:31.796Z","__v":0},{"_id":"694cb973322b96054111df4d","role_name":"student","full_name":"manual_test_student_02","date_of_birth":"2022-01-25T00:00:00.000Z","gender":"nữ","address":"DNN","email":"manual_test_student_02@gmail.com","phone_number":"1234567890","password":"$2b$10$Y6t.P652NkhgEiY0kw0RpOoKwwzYMbJKqBfRTr/RPf9qaFXt3.gua","is_deleted":false,"messageFromSystem":[],"seenMessage":[],"createdAt":"2025-12-25T04:11:31.940Z","updatedAt":"2025-12-25T04:11:31.940Z","__v":0},{"_id":"694cf85d1216fce2045b4768","role_name":"student","full_name":"API predata - student account 01","date_of_birth":"2025-12-25T00:00:00.000Z","gender":"nam","address":"API predata - student account 01 - address - UWUFz","email":"api_predata_admin_account_01@gmail.com","phone_number":"1234567890","password":"$2b$10$OYdLYo.axhIoZm16.AzBFeFV676sG8jtRGXdlaBa6TslCfnc4ZXp2","is_deleted":false,"messageFromSystem":[],"seenMessage":[],"createdAt":"2025-12-25T08:39:57.569Z","updatedAt":"2025-12-25T08:39:57.569Z","__v":0}]
[INFO][2025-12-25 11:09:33][case_setup.run_case:run_case:71] Expected result: {'_id': '69496b7e3a739f3bcffdeefa', 'status_code': 200}
[INFO][2025-12-25 11:09:33][case_setup.run_case:run_case:73] Key: _id, Value: 69496b7e3a739f3bcffdeefa
[SUCCESS][2025-12-25 11:09:33][case_setup.run_case:run_case:100] [PASSED] Key: '_id' is in list of keys: dict_keys(['is_deleted', 'messageFromSystem', 'seenMessage', '_id', 'role_name', 'full_name', 'date_of_birth', 'gender', 'address', 'email', 'phone_number', 'password', 'avatar', 'status', 'created_on', 'modified_on', 'created_by', 'modified_by']).
[SUCCESS][2025-12-25 11:09:33][case_setup.run_case:run_case:109] [PASSED] Value: '['69496b7e3a739f3bcffdeefa', '69496b7e3a739f3bcffdeefb', '69496b7e3a739f3bcffdeefc', '69496b7e3a739f3bcffdeefd', '69496b7e3a739f3bcffdeefe', '69496b7e3a739f3bcffdeeff', '69496b7e3a739f3bcffdef00', '69496b7e3a739f3bcffdef01', '69496b7e3a739f3bcffdef02', '69496b7e3a739f3bcffdef03', '69496b7e3a739f3bcffdef04', '694a00a7d74fc315fb27dd3d', '694cb973322b96054111df4d', '694cf85d1216fce2045b4768']' is in list of values: '69496b7e3a739f3bcffdeefa'.
[INFO][2025-12-25 11:09:33][case_setup.run_case:run_case:73] Key: status_code, Value: 200
[SUCCESS][2025-12-25 11:09:33][case_setup.run_case:run_case:80] [PASSED] Status code is equal. Expected: 200, Actual: 200.
[SUCCESS][2025-12-25 11:09:33][case_setup.run_case:run_case:120] Done case: Account01 - Get all accounts.
[INFO][2025-12-25 11:09:33][case_setup.run_case:run_case:45] Run case: Account02 - Get account by id.
[INFO][2025-12-25 11:09:33][case_setup.run_case:run_case:56] Request body:
null
[INFO][2025-12-25 11:09:33][case_setup.run_case:run_case:68] Response:
200, {"is_deleted":false,"messageFromSystem":[],"seenMessage":[],"_id":"69496b7e3a739f3bcffdeefa","role_name":"admin","full_name":"test_user_01","date_of_birth":"2012-12-26T00:00:00.000Z","gender":"Nữ","address":"Nghệ An","email":"test_user_01@gmail.com","phone_number":"1767111009","password":"$2b$10$MwR7xWmmGi9oN16IwVejY.7JWsaNAdnqID85Pt22BJsGX/x4uuRZy","avatar":"https://encrypted-tbn0.gstatic.com/images?q=tbn:ANd9GcTNnNH0c03eYhzzID8_Y6mHwZYYGjXLfnreH7RyT9f9GVRtT0yR7vklbKx3As07G6DCGYY&usqp=CAU","status":"active","created_on":"2025-12-22 23:02:06","modified_on":"2025-12-22 23:02:06","created_by":"data generation","modified_by":"data generation"}
[INFO][2025-12-25 11:09:33][case_setup.run_case:run_case:71] Expected result: {'_id': '69496b7e3a739f3bcffdeefa', 'status_code': 200}
[INFO][2025-12-25 11:09:33][case_setup.run_case:run_case:73] Key: _id, Value: 69496b7e3a739f3bcffdeefa
[SUCCESS][2025-12-25 11:09:33][case_setup.run_case:run_case:100] [PASSED] Key: '_id' is in list of keys: dict_keys(['is_deleted', 'messageFromSystem', 'seenMessage', '_id', 'role_name', 'full_name', 'date_of_birth', 'gender', 'address', 'email', 'phone_number', 'password', 'avatar', 'status', 'created_on', 'modified_on', 'created_by', 'modified_by']).
[SUCCESS][2025-12-25 11:09:33][case_setup.run_case:run_case:117] [PASSED] Value is equal. Expected: '69496b7e3a739f3bcffdeefa', Actual: '69496b7e3a739f3bcffdeefa'.
[INFO][2025-12-25 11:09:33][case_setup.run_case:run_case:73] Key: status_code, Value: 200
[SUCCESS][2025-12-25 11:09:33][case_setup.run_case:run_case:80] [PASSED] Status code is equal. Expected: 200, Actual: 200.
[SUCCESS][2025-12-25 11:09:33][case_setup.run_case:run_case:120] Done case: Account02 - Get account by id.
[INFO][2025-12-25 11:09:33][case_setup.run_case:run_case:45] Run case: Account03 - Create new account with role student.
[INFO][2025-12-25 11:09:33][case_setup.run_case:run_case:56] Request body:
{
    "role_name": "student",
    "full_name": "API csv - student account 01",
    "date_of_birth": "2022-01-25",
    "gender": "nam",
    "address": "API csv - student account 01 - address",
    "email": "api_csv_student_account_01@gmail.com",
    "phone_number": "1234567890",
    "password": "123456789",
    "confirmPassword": "123456789"
}
[INFO][2025-12-25 11:09:34][case_setup.run_case:run_case:68] Response:
200, {"role_name":"student","full_name":"API csv - student account 01","date_of_birth":"2022-01-25T00:00:00.000Z","gender":"nam","address":"API csv - student account 01 - address","email":"api_csv_student_account_01@gmail.com","phone_number":"1234567890","password":"$2b$10$31di2KDY0HYyOh0ESqF52.rfb/f5Pb6CsPqPjqTiIlXg5i5zcuqkO","is_deleted":false,"messageFromSystem":[],"seenMessage":[],"_id":"694d1b6e888300d1efa1fec1","createdAt":"2025-12-25T11:09:34.243Z","updatedAt":"2025-12-25T11:09:34.243Z","__v":0}
[INFO][2025-12-25 11:09:34][case_setup.run_case:run_case:71] Expected result: {'status_code': 200}
[INFO][2025-12-25 11:09:34][case_setup.run_case:run_case:73] Key: status_code, Value: 200
[SUCCESS][2025-12-25 11:09:34][case_setup.run_case:run_case:80] [PASSED] Status code is equal. Expected: 200, Actual: 200.
[SUCCESS][2025-12-25 11:09:34][case_setup.run_case:run_case:120] Done case: Account03 - Create new account with role student.
[SUCCESS][2025-12-25 11:09:34][case_setup.run_case:run_case:124] All test cases are done.
[INFO][2025-12-25 11:09:34][__main__:<module>:32] Total cases: 3
[INFO][2025-12-25 11:09:34][__main__:<module>:33] Pass cases: 3
[INFO][2025-12-25 11:09:34][__main__:<module>:34] Failed cases: 0
[INFO][2025-12-25 11:09:34][__main__:<module>:38] Detail result:
[
    {
        "index": 1,
        "result": "Passed",
        "case_no": "Account01",
        "expected_result": {
            "_id": "69496b7e3a739f3bcffdeefa",
            "status_code": 200
        },
        "detail": "",
        "datetime": "2025-12-25 18:09:32"
    },
    {
        "index": 2,
        "result": "Passed",
        "case_no": "Account02",
        "expected_result": {
            "_id": "69496b7e3a739f3bcffdeefa",
            "status_code": 200
        },
        "detail": "",
        "datetime": "2025-12-25 18:09:32"
    },
    {
        "index": 3,
        "result": "Passed",
        "case_no": "Account03",
        "expected_result": {
            "status_code": 200
        },
        "detail": "",
        "datetime": "2025-12-25 18:09:32"
    }
]
[INFO][2025-12-25 11:09:34][common.client:logout:157] User: 'test_user_01@gmail.com', role: 'admin' logout.
[INFO][2025-12-25 11:09:35][common.client:logout:159] Logout info: 200, "User logged out successfully".
[INFO][2025-12-25 11:09:35][common.client:logout:157] User: 'test_user_07@gmail.com', role: 'student' logout.
[INFO][2025-12-25 11:09:35][common.client:logout:159] Logout info: 200, "User logged out successfully".
[INFO][2025-12-25 11:09:35][common.client:logout:157] User: 'test_user_02@gmail.com', role: 'teacher' logout.
[INFO][2025-12-25 11:09:35][common.client:logout:159] Logout info: 200, "User logged out successfully".
[SUCCESS][2025-12-25 11:09:35][__main__:<module>:49] ================== End testing ===================
[INFO][2025-12-25 11:44:15][common.common_setup:<module>:13] Base dir: /home/user/apitestcapprj
[INFO][2025-12-25 11:44:15][helpers.load_data:load_data:35] Loading data from '/home/user/apitestcapprj/configs/user_info.json'.
[SUCCESS][2025-12-25 11:44:15][helpers.load_data:load_data:41] Complete loading data from '/home/user/apitestcapprj/configs/user_info.json'.
[SUCCESS][2025-12-25 11:44:15][common.common_setup:<module>:22] Load client info successfully:
{
    "admin": {
        "email": "test_user_01@gmail.com",
        "password": "123456789"
    },
    "student": {
        "email": "test_user_07@gmail.com",
        "password": "123456789"
    },
    "teacher": {
        "email": "test_user_02@gmail.com",
        "password": "123456789"
    }
}
[INFO][2025-12-25 11:44:15][helpers.load_data:load_data:35] Loading data from '/home/user/apitestcapprj/data/request_body_template/role_request_body_template.json'.
[SUCCESS][2025-12-25 11:44:15][helpers.load_data:load_data:41] Complete loading data from '/home/user/apitestcapprj/data/request_body_template/role_request_body_template.json'.
[SUCCESS][2025-12-25 11:44:15][common.common_setup:<module>:28] Load role predata successfully:
{
    "predata": {
        "role_01": {
            "name": "API predata - role 01"
        }
    },
    "need_clear": [
        "API predata - role 01 - edited",
        "API csv - role 01"
    ]
}
[INFO][2025-12-25 11:44:15][helpers.load_data:load_data:35] Loading data from '/home/user/apitestcapprj/data/request_body_template/account_request_body_template.json'.
[SUCCESS][2025-12-25 11:44:15][helpers.load_data:load_data:41] Complete loading data from '/home/user/apitestcapprj/data/request_body_template/account_request_body_template.json'.
[SUCCESS][2025-12-25 11:44:15][common.common_setup:<module>:33] Load account predata successfully:
{
    "predata": {
        "account_01": {
            "role_name": "{student_role_name}",
            "full_name": "API predata - student account 01",
            "date_of_birth": "{datetime(%Y-%m-%d,0)}",
            "gender": "nam",
            "address": "API predata - student account 01 - address - {random_string(5)}",
            "email": "api_predata_admin_account_01@gmail.com",
            "phone_number": "1234567890",
            "password": "123456789",
            "confirmPassword": "123456789"
        }
    },
    "need_clear": [
        "API predata - student account 01 - edited",
        "API csv - student account 01"
    ]
}
[INFO][2025-12-25 11:44:15][common.client:login:143] Login with role: admin, email: test_user_01@gmail.com and password: 123456789.
[SUCCESS][2025-12-25 11:44:21][common.client:login:154] Login successfully.
[INFO][2025-12-25 11:44:21][common.client:login:143] Login with role: student, email: test_user_07@gmail.com and password: 123456789.
[SUCCESS][2025-12-25 11:44:22][common.client:login:154] Login successfully.
[INFO][2025-12-25 11:44:22][common.client:login:143] Login with role: teacher, email: test_user_02@gmail.com and password: 123456789.
[SUCCESS][2025-12-25 11:44:23][common.client:login:154] Login successfully.
[INFO][2025-12-25 11:44:23][__main__:<module>:9] ================= Start testing ==================
[INFO][2025-12-25 11:44:24][process_responses.account_process_response:clear_data:84] Clear data: API csv - student account 01
[INFO][2025-12-25 11:44:25][process_responses.account_process_response:delete_account:70] Delete account response: 200
[SUCCESS][2025-12-25 11:44:25][process_responses.account_process_response:clear_data:87] Complete clear data.
[SUCCESS][2025-12-25 11:44:26][process_responses.role_process_responses:get_all_roles:24] Get all roles successfully:
[
    {
        "_id": "69496b7d3a739f3bcffdeef7",
        "name": "admin",
        "created_on": "2025-12-22 23:02:05",
        "modified_on": "2025-12-22 23:02:05",
        "created_by": "data generation",
        "modified_by": "data generation"
    },
    {
        "_id": "69496b7d3a739f3bcffdeef8",
        "name": "teacher",
        "created_on": "2025-12-22 23:02:05",
        "modified_on": "2025-12-22 23:02:05",
        "created_by": "data generation",
        "modified_by": "data generation"
    },
    {
        "_id": "69496b7d3a739f3bcffdeef9",
        "name": "student",
        "created_on": "2025-12-22 23:02:05",
        "modified_on": "2025-12-22 23:02:05",
        "created_by": "data generation",
        "modified_by": "data generation"
    },
    {
        "_id": "694cc852d92216ca82f980b6",
        "name": "API predata - role 01",
        "__v": 0
    }
]
[WARNING][2025-12-25 11:44:27][process_responses.account_process_response:create_new_account_with_check:43] Account 'api_predata_admin_account_01@gmail.com' already exists.
[INFO][2025-12-25 11:44:27][case_setup.account_case_setup:account_case_setup:52] {
    "admin_role_name": "admin",
    "student_role_name": "student",
    "teacher_role_name": "student",
    "admin_role_id": "69496b7d3a739f3bcffdeef7",
    "student_role_id": "69496b7d3a739f3bcffdeef9",
    "admin_account_id": "69496b7e3a739f3bcffdeefa",
    "student_account_id": "694cf85d1216fce2045b4768",
    "account_01_id": "694cf85d1216fce2045b4768",
    "account_01_name": "API predata - student account 01"
}
[INFO][2025-12-25 11:44:27][helpers.load_data:load_data:35] Loading data from '/home/user/apitestcapprj/data/test_cases/account_test_cases.xlsx'.
[SUCCESS][2025-12-25 11:44:27][helpers.load_data:load_data:41] Complete loading data from '/home/user/apitestcapprj/data/test_cases/account_test_cases.xlsx'.
[SUCCESS][2025-12-25 11:44:27][case_setup.test_case_setup:test_case_setup:32] Test case setup successfully.
[INFO][2025-12-25 11:44:27][case_setup.test_case_setup:test_case_setup:33] Test case info:
[
    {
        "status": "Done",
        "case_no": "Account01",
        "author": "Nhat",
        "role": "admin",
        "title": "GetAllRoles",
        "description": "Get all accounts.",
        "method": "GET",
        "api": "https://datn-be-steel.vercel.app/api/accounts",
        "request_body": null,
        "expected_result": {
            "_id": "69496b7e3a739f3bcffdeefa",
            "status_code": 200
        },
        "jira_number": NaN,
        "note": NaN
    },
    {
        "status": "Done",
        "case_no": "Account02",
        "author": "Nhat",
        "role": "admin",
        "title": "GetRoleById",
        "description": "Get account by id.",
        "method": "GET",
        "api": "https://datn-be-steel.vercel.app/api/accounts/69496b7e3a739f3bcffdeefa",
        "request_body": null,
        "expected_result": {
            "_id": "69496b7e3a739f3bcffdeefa",
            "status_code": 200
        },
        "jira_number": NaN,
        "note": NaN
    },
    {
        "status": "Done",
        "case_no": "Account03",
        "author": "Nhat",
        "role": "admin",
        "title": "CreateNewRole",
        "description": "Create new account with role student.",
        "method": "POST",
        "api": "https://datn-be-steel.vercel.app/api/auth/register",
        "request_body": {
            "role_name": "student",
            "full_name": "API csv - student account 01",
            "date_of_birth": "2022-01-25",
            "gender": "nam",
            "address": "API csv - student account 01 - address",
            "email": "api_csv_student_account_01@gmail.com",
            "phone_number": "1234567890",
            "password": "123456789",
            "confirmPassword": "123456789"
        },
        "expected_result": {
            "status_code": 200
        },
        "jira_number": NaN,
        "note": NaN
    }
]
[INFO][2025-12-25 11:44:27][case_setup.run_case:run_case:45] Run case: Account01 - Get all accounts.
[INFO][2025-12-25 11:44:27][case_setup.run_case:run_case:56] Request body:
null
[INFO][2025-12-25 11:44:28][case_setup.run_case:run_case:68] Response:
200, [{"is_deleted":false,"messageFromSystem":[],"seenMessage":[],"_id":"69496b7e3a739f3bcffdeefa","role_name":"admin","full_name":"test_user_01","date_of_birth":"2012-12-26T00:00:00.000Z","gender":"Nữ","address":"Nghệ An","email":"test_user_01@gmail.com","phone_number":"1767111009","password":"$2b$10$MwR7xWmmGi9oN16IwVejY.7JWsaNAdnqID85Pt22BJsGX/x4uuRZy","avatar":"https://encrypted-tbn0.gstatic.com/images?q=tbn:ANd9GcTNnNH0c03eYhzzID8_Y6mHwZYYGjXLfnreH7RyT9f9GVRtT0yR7vklbKx3As07G6DCGYY&usqp=CAU","status":"active","created_on":"2025-12-22 23:02:06","modified_on":"2025-12-22 23:02:06","created_by":"data generation","modified_by":"data generation"},{"messageFromSystem":[],"seenMessage":[],"_id":"69496b7e3a739f3bcffdeefb","role_name":"teacher","full_name":"test_user_02","date_of_birth":"1932-09-16T00:00:00.000Z","gender":"Khác","address":"Gia Lai","email":"test_user_02@gmail.com","phone_number":"1767111020","password":"$2b$10$EVDd4TA2zsZoOFQEfa1/W.3DG.xgUt2ocWQf/SxShkDob9dlVPBZu","avatar":"https://encrypted-tbn0.gstatic.com/images?q=tbn:ANd9GcTNnNH0c03eYhzzID8_Y6mHwZYYGjXLfnreH7RyT9f9GVRtT0yR7vklbKx3As07G6DCGYY&usqp=CAU","status":"active","created_on":"2025-12-22 23:02:06","modified_on":"2025-12-22 23:02:06","created_by":"data generation","modified_by":"data generation","is_deleted":false,"updatedAt":"2025-12-24T07:53:53.287Z"},{"is_deleted":false,"messageFromSystem":[],"seenMessage":[],"_id":"69496b7e3a739f3bcffdeefc","role_name":"teacher","full_name":"test_user_03","date_of_birth":"2003-01-21T00:00:00.000Z","gender":"Nữ","address":"Vĩnh Long","email":"test_user_03@gmail.com","phone_number":"1767111025","password":"$2b$10$duxQOhN02rXJ6iFrHFcUUei2QzmtL37bpExOX4QBygXlvKmcchNpC","avatar":"https://encrypted-tbn0.gstatic.com/images?q=tbn:ANd9GcTNnNH0c03eYhzzID8_Y6mHwZYYGjXLfnreH7RyT9f9GVRtT0yR7vklbKx3As07G6DCGYY&usqp=CAU","status":"active","created_on":"2025-12-22 23:02:06","modified_on":"2025-12-22 23:02:06","created_by":"data generation","modified_by":"data generation"},{"is_deleted":false,"messageFromSystem":[],"seenMessage":[],"_id":"69496b7e3a739f3bcffdeefd","role_name":"teacher","full_name":"test_user_04","date_of_birth":"1956-12-05T00:00:00.000Z","gender":"Nam","address":"Đồng Nai","email":"test_user_04@gmail.com","phone_number":"1767111027","password":"$2b$10$G55YIQRomjn1SksdoO2YMeWGg45GMZC9oeh1b/hvIiyIkmLv6xR.e","avatar":"https://encrypted-tbn0.gstatic.com/images?q=tbn:ANd9GcTNnNH0c03eYhzzID8_Y6mHwZYYGjXLfnreH7RyT9f9GVRtT0yR7vklbKx3As07G6DCGYY&usqp=CAU","status":"active","created_on":"2025-12-22 23:02:06","modified_on":"2025-12-22 23:02:06","created_by":"data generation","modified_by":"data generation"},{"messageFromSystem":[],"seenMessage":[],"_id":"69496b7e3a739f3bcffdeefe","role_name":"teacher","full_name":"test_user_05","date_of_birth":"1929-12-25T00:00:00.000Z","gender":"Khác","address":"Khánh Hòa","email":"test_user_05@gmail.com","phone_number":"1767111029","password":"$2b$10$PE8VygYXhkNCcgxZliFQBunTg2HEJctZGSmsYJgSjlrywha4.PHHu","avatar":"https://encrypted-tbn0.gstatic.com/images?q=tbn:ANd9GcTNnNH0c03eYhzzID8_Y6mHwZYYGjXLfnreH7RyT9f9GVRtT0yR7vklbKx3As07G6DCGYY&usqp=CAU","status":"active","created_on":"2025-12-22 23:02:06","modified_on":"2025-12-22 23:02:06","created_by":"data generation","modified_by":"data generation","is_deleted":false,"updatedAt":"2025-12-23T11:18:16.591Z"},{"messageFromSystem":[],"seenMessage":[],"_id":"69496b7e3a739f3bcffdeeff","role_name":"teacher","full_name":"test_user_06","date_of_birth":"1945-12-15T00:00:00.000Z","gender":"Khác","address":"Thanh Hóa","email":"test_user_06@gmail.com","phone_number":"1767111031","password":"$2b$10$ktVlok3HlNQrWDM6t.B2UuIauOOfOmH1gBm49YgpZRqs6tQAmlFwa","avatar":"https://encrypted-tbn0.gstatic.com/images?q=tbn:ANd9GcTNnNH0c03eYhzzID8_Y6mHwZYYGjXLfnreH7RyT9f9GVRtT0yR7vklbKx3As07G6DCGYY&usqp=CAU","status":"active","created_on":"2025-12-22 23:02:06","modified_on":"2025-12-22 23:02:06","created_by":"data generation","modified_by":"data generation","is_deleted":false,"updatedAt":"2025-12-23T11:18:15.327Z"},{"seenMessage":[],"_id":"69496b7e3a739f3bcffdef00","role_name":"student","full_name":"test_user_07","date_of_birth":"1999-12-13T00:00:00.000Z","gender":"Nữ","address":"Nghệ An","email":"test_user_07@gmail.com","phone_number":"1767111032","password":"$2b$10$Pq/jhIbiwyQEQxdPpPRiJ.nHROYgbmxNS2R8PxCwcQNCMlzn0ZOdS","avatar":"https://encrypted-tbn0.gstatic.com/images?q=tbn:ANd9GcTNnNH0c03eYhzzID8_Y6mHwZYYGjXLfnreH7RyT9f9GVRtT0yR7vklbKx3As07G6DCGYY&usqp=CAU","status":"active","created_on":"2025-12-22 23:02:06","modified_on":"2025-12-22 23:02:06","created_by":"data generation","modified_by":"data generation","messageFromSystem":[" do có đánh giá bị báo xấu 2 lần trở lên"],"updatedAt":"2025-12-23T11:18:11.133Z","is_deleted":false},{"messageFromSystem":[],"seenMessage":[],"_id":"69496b7e3a739f3bcffdef01","role_name":"student","full_name":"test_user_08","date_of_birth":"1963-01-26T00:00:00.000Z","gender":"Khác","address":"Tuyên Quang","email":"test_user_08@gmail.com","phone_number":"1767111034","password":"$2b$10$4./7IPHl.ADVgoPrQMif3eoISExVbfQ53JAfBc6HxNVUW8.ZinnAS","avatar":"https://encrypted-tbn0.gstatic.com/images?q=tbn:ANd9GcTNnNH0c03eYhzzID8_Y6mHwZYYGjXLfnreH7RyT9f9GVRtT0yR7vklbKx3As07G6DCGYY&usqp=CAU","status":"active","created_on":"2025-12-22 23:02:06","modified_on":"2025-12-22 23:02:06","created_by":"data generation","modified_by":"data generation","is_deleted":false,"updatedAt":"2025-12-23T11:18:13.439Z"},{"seenMessage":[],"_id":"69496b7e3a739f3bcffdef02","role_name":"student","full_name":"test_user_09","date_of_birth":"2005-09-27T00:00:00.000Z","gender":"Nam","address":"Lào Cai","email":"test_user_09@gmail.com","phone_number":"1767111035","password":"$2b$10$b2fDKAJnbZ9sgFUA.RKAxeRYeTpUUb7EOOBcloE1YERklwMV6YXVe","avatar":"https://encrypted-tbn0.gstatic.com/images?q=tbn:ANd9GcTNnNH0c03eYhzzID8_Y6mHwZYYGjXLfnreH7RyT9f9GVRtT0yR7vklbKx3As07G6DCGYY&usqp=CAU","status":"active","created_on":"2025-12-22 23:02:06","modified_on":"2025-12-22 23:02:06","created_by":"data generation","modified_by":"data generation","is_deleted":false,"messageFromSystem":[],"updatedAt":"2025-12-23T11:19:38.416Z"},{"is_deleted":false,"messageFromSystem":[],"seenMessage":[],"_id":"69496b7e3a739f3bcffdef03","role_name":"student","full_name":"test_user_10","date_of_birth":"1929-08-13T00:00:00.000Z","gender":"Khác","address":"Đà Nẵng","email":"test_user_10@gmail.com","phone_number":"1767111036","password":"$2b$10$0BZXNWxLvaupT6jujMMskOsDSIWiIR7TCYG1J9882mckQaIyK..ui","avatar":"https://encrypted-tbn0.gstatic.com/images?q=tbn:ANd9GcTNnNH0c03eYhzzID8_Y6mHwZYYGjXLfnreH7RyT9f9GVRtT0yR7vklbKx3As07G6DCGYY&usqp=CAU","status":"active","created_on":"2025-12-22 23:02:06","modified_on":"2025-12-22 23:02:06","created_by":"data generation","modified_by":"data generation"},{"is_deleted":false,"messageFromSystem":[],"seenMessage":[],"_id":"69496b7e3a739f3bcffdef04","role_name":"student","full_name":"test_user_11","date_of_birth":"1994-02-17T00:00:00.000Z","gender":"Khác","address":"Thái Nguyên","email":"test_user_11@gmail.com","phone_number":"1767111038","password":"$2b$10$0.hDZrxibxZNMFGQzrilF.FXnl7Numy/pUNgiGRE5d7dVjz1OxLDC","avatar":"https://encrypted-tbn0.gstatic.com/images?q=tbn:ANd9GcTNnNH0c03eYhzzID8_Y6mHwZYYGjXLfnreH7RyT9f9GVRtT0yR7vklbKx3As07G6DCGYY&usqp=CAU","status":"active","created_on":"2025-12-22 23:02:06","modified_on":"2025-12-22 23:02:06","created_by":"data generation","modified_by":"data generation"},{"_id":"694a00a7d74fc315fb27dd3d","role_name":"student","full_name":"manual_test_student_01","date_of_birth":"2009-01-23T00:00:00.000Z","gender":"nam","address":"DaNang","email":"manual_test_student_01@gmail.com","phone_number":"1234567890","password":"$2b$10$yw4WSEKSkjQzdGHWMyLOs.WwhMis/qjYe83gNtQbZt7z1sykZKyxC","is_deleted":false,"messageFromSystem":[],"seenMessage":[],"createdAt":"2025-12-23T02:38:31.796Z","updatedAt":"2025-12-23T02:38:31.796Z","__v":0},{"_id":"694cb973322b96054111df4d","role_name":"student","full_name":"manual_test_student_02","date_of_birth":"2022-01-25T00:00:00.000Z","gender":"nữ","address":"DNN","email":"manual_test_student_02@gmail.com","phone_number":"1234567890","password":"$2b$10$Y6t.P652NkhgEiY0kw0RpOoKwwzYMbJKqBfRTr/RPf9qaFXt3.gua","is_deleted":false,"messageFromSystem":[],"seenMessage":[],"createdAt":"2025-12-25T04:11:31.940Z","updatedAt":"2025-12-25T04:11:31.940Z","__v":0},{"_id":"694cf85d1216fce2045b4768","role_name":"student","full_name":"API predata - student account 01","date_of_birth":"2025-12-25T00:00:00.000Z","gender":"nam","address":"API predata - student account 01 - address - UWUFz","email":"api_predata_admin_account_01@gmail.com","phone_number":"1234567890","password":"$2b$10$OYdLYo.axhIoZm16.AzBFeFV676sG8jtRGXdlaBa6TslCfnc4ZXp2","is_deleted":false,"messageFromSystem":[],"seenMessage":[],"createdAt":"2025-12-25T08:39:57.569Z","updatedAt":"2025-12-25T08:39:57.569Z","__v":0}]
[INFO][2025-12-25 11:44:28][case_setup.run_case:run_case:71] Expected result: {'_id': '69496b7e3a739f3bcffdeefa', 'status_code': 200}
[INFO][2025-12-25 11:44:28][case_setup.run_case:run_case:73] Key: _id, Value: 69496b7e3a739f3bcffdeefa
[SUCCESS][2025-12-25 11:44:28][case_setup.run_case:run_case:100] [PASSED] Key: '_id' is in list of keys: dict_keys(['is_deleted', 'messageFromSystem', 'seenMessage', '_id', 'role_name', 'full_name', 'date_of_birth', 'gender', 'address', 'email', 'phone_number', 'password', 'avatar', 'status', 'created_on', 'modified_on', 'created_by', 'modified_by']).
[SUCCESS][2025-12-25 11:44:28][case_setup.run_case:run_case:109] [PASSED] Value: '['69496b7e3a739f3bcffdeefa', '69496b7e3a739f3bcffdeefb', '69496b7e3a739f3bcffdeefc', '69496b7e3a739f3bcffdeefd', '69496b7e3a739f3bcffdeefe', '69496b7e3a739f3bcffdeeff', '69496b7e3a739f3bcffdef00', '69496b7e3a739f3bcffdef01', '69496b7e3a739f3bcffdef02', '69496b7e3a739f3bcffdef03', '69496b7e3a739f3bcffdef04', '694a00a7d74fc315fb27dd3d', '694cb973322b96054111df4d', '694cf85d1216fce2045b4768']' is in list of values: '69496b7e3a739f3bcffdeefa'.
[INFO][2025-12-25 11:44:28][case_setup.run_case:run_case:73] Key: status_code, Value: 200
[SUCCESS][2025-12-25 11:44:28][case_setup.run_case:run_case:80] [PASSED] Status code is equal. Expected: 200, Actual: 200.
[SUCCESS][2025-12-25 11:44:28][case_setup.run_case:run_case:120] Done case: Account01 - Get all accounts.
[INFO][2025-12-25 11:44:28][case_setup.run_case:run_case:45] Run case: Account02 - Get account by id.
[INFO][2025-12-25 11:44:28][case_setup.run_case:run_case:56] Request body:
null
[INFO][2025-12-25 11:44:28][case_setup.run_case:run_case:68] Response:
200, {"is_deleted":false,"messageFromSystem":[],"seenMessage":[],"_id":"69496b7e3a739f3bcffdeefa","role_name":"admin","full_name":"test_user_01","date_of_birth":"2012-12-26T00:00:00.000Z","gender":"Nữ","address":"Nghệ An","email":"test_user_01@gmail.com","phone_number":"1767111009","password":"$2b$10$MwR7xWmmGi9oN16IwVejY.7JWsaNAdnqID85Pt22BJsGX/x4uuRZy","avatar":"https://encrypted-tbn0.gstatic.com/images?q=tbn:ANd9GcTNnNH0c03eYhzzID8_Y6mHwZYYGjXLfnreH7RyT9f9GVRtT0yR7vklbKx3As07G6DCGYY&usqp=CAU","status":"active","created_on":"2025-12-22 23:02:06","modified_on":"2025-12-22 23:02:06","created_by":"data generation","modified_by":"data generation"}
[INFO][2025-12-25 11:44:28][case_setup.run_case:run_case:71] Expected result: {'_id': '69496b7e3a739f3bcffdeefa', 'status_code': 200}
[INFO][2025-12-25 11:44:28][case_setup.run_case:run_case:73] Key: _id, Value: 69496b7e3a739f3bcffdeefa
[SUCCESS][2025-12-25 11:44:28][case_setup.run_case:run_case:100] [PASSED] Key: '_id' is in list of keys: dict_keys(['is_deleted', 'messageFromSystem', 'seenMessage', '_id', 'role_name', 'full_name', 'date_of_birth', 'gender', 'address', 'email', 'phone_number', 'password', 'avatar', 'status', 'created_on', 'modified_on', 'created_by', 'modified_by']).
[SUCCESS][2025-12-25 11:44:28][case_setup.run_case:run_case:117] [PASSED] Value is equal. Expected: '69496b7e3a739f3bcffdeefa', Actual: '69496b7e3a739f3bcffdeefa'.
[INFO][2025-12-25 11:44:28][case_setup.run_case:run_case:73] Key: status_code, Value: 200
[SUCCESS][2025-12-25 11:44:28][case_setup.run_case:run_case:80] [PASSED] Status code is equal. Expected: 200, Actual: 200.
[SUCCESS][2025-12-25 11:44:28][case_setup.run_case:run_case:120] Done case: Account02 - Get account by id.
[INFO][2025-12-25 11:44:28][case_setup.run_case:run_case:45] Run case: Account03 - Create new account with role student.
[INFO][2025-12-25 11:44:28][case_setup.run_case:run_case:56] Request body:
{
    "role_name": "student",
    "full_name": "API csv - student account 01",
    "date_of_birth": "2022-01-25",
    "gender": "nam",
    "address": "API csv - student account 01 - address",
    "email": "api_csv_student_account_01@gmail.com",
    "phone_number": "1234567890",
    "password": "123456789",
    "confirmPassword": "123456789"
}
[INFO][2025-12-25 11:44:29][case_setup.run_case:run_case:68] Response:
200, {"role_name":"student","full_name":"API csv - student account 01","date_of_birth":"2022-01-25T00:00:00.000Z","gender":"nam","address":"API csv - student account 01 - address","email":"api_csv_student_account_01@gmail.com","phone_number":"1234567890","password":"$2b$10$rAUphYYQTUoivymbm8TI3e3D4xGpHAx.Jb4Bb.37HW./64sC5YR7G","is_deleted":false,"messageFromSystem":[],"seenMessage":[],"_id":"694d239d4e46a89f420acde7","createdAt":"2025-12-25T11:44:29.135Z","updatedAt":"2025-12-25T11:44:29.135Z","__v":0}
[INFO][2025-12-25 11:44:29][case_setup.run_case:run_case:71] Expected result: {'status_code': 200}
[INFO][2025-12-25 11:44:29][case_setup.run_case:run_case:73] Key: status_code, Value: 200
[SUCCESS][2025-12-25 11:44:29][case_setup.run_case:run_case:80] [PASSED] Status code is equal. Expected: 200, Actual: 200.
[SUCCESS][2025-12-25 11:44:29][case_setup.run_case:run_case:120] Done case: Account03 - Create new account with role student.
[SUCCESS][2025-12-25 11:44:29][case_setup.run_case:run_case:124] All test cases are done.
[INFO][2025-12-25 11:44:29][__main__:<module>:32] Total cases: 3
[INFO][2025-12-25 11:44:29][__main__:<module>:33] Pass cases: 3
[INFO][2025-12-25 11:44:29][__main__:<module>:34] Failed cases: 0
[INFO][2025-12-25 11:44:29][__main__:<module>:38] Detail result:
[
    {
        "index": 1,
        "result": "Passed",
        "case_no": "Account01",
        "expected_result": {
            "_id": "69496b7e3a739f3bcffdeefa",
            "status_code": 200
        },
        "detail": "",
        "datetime": "2025-12-25 18:44:27"
    },
    {
        "index": 2,
        "result": "Passed",
        "case_no": "Account02",
        "expected_result": {
            "_id": "69496b7e3a739f3bcffdeefa",
            "status_code": 200
        },
        "detail": "",
        "datetime": "2025-12-25 18:44:27"
    },
    {
        "index": 3,
        "result": "Passed",
        "case_no": "Account03",
        "expected_result": {
            "status_code": 200
        },
        "detail": "",
        "datetime": "2025-12-25 18:44:27"
    }
]
[INFO][2025-12-25 11:44:29][common.client:logout:157] User: 'test_user_01@gmail.com', role: 'admin' logout.
[INFO][2025-12-25 11:44:29][common.client:logout:159] Logout info: 200, "User logged out successfully".
[INFO][2025-12-25 11:44:29][common.client:logout:157] User: 'test_user_07@gmail.com', role: 'student' logout.
[INFO][2025-12-25 11:44:30][common.client:logout:159] Logout info: 200, "User logged out successfully".
[INFO][2025-12-25 11:44:30][common.client:logout:157] User: 'test_user_02@gmail.com', role: 'teacher' logout.
[INFO][2025-12-25 11:44:30][common.client:logout:159] Logout info: 200, "User logged out successfully".
[SUCCESS][2025-12-25 11:44:30][__main__:<module>:49] ================== End testing ===================
[INFO][2025-12-25 11:48:06][common.common_setup:<module>:13] Base dir: /home/user/apitestcapprj
[INFO][2025-12-25 11:48:06][helpers.load_data:load_data:35] Loading data from '/home/user/apitestcapprj/configs/user_info.json'.
[SUCCESS][2025-12-25 11:48:06][helpers.load_data:load_data:41] Complete loading data from '/home/user/apitestcapprj/configs/user_info.json'.
[SUCCESS][2025-12-25 11:48:06][common.common_setup:<module>:22] Load client info successfully:
{
    "admin": {
        "email": "test_user_01@gmail.com",
        "password": "123456789"
    },
    "student": {
        "email": "test_user_07@gmail.com",
        "password": "123456789"
    },
    "teacher": {
        "email": "test_user_02@gmail.com",
        "password": "123456789"
    }
}
[INFO][2025-12-25 11:48:06][helpers.load_data:load_data:35] Loading data from '/home/user/apitestcapprj/data/request_body_template/role_request_body_template.json'.
[SUCCESS][2025-12-25 11:48:06][helpers.load_data:load_data:41] Complete loading data from '/home/user/apitestcapprj/data/request_body_template/role_request_body_template.json'.
[SUCCESS][2025-12-25 11:48:06][common.common_setup:<module>:28] Load role predata successfully:
{
    "predata": {
        "role_01": {
            "name": "API predata - role 01"
        }
    },
    "need_clear": [
        "API predata - role 01 - edited",
        "API csv - role 01"
    ]
}
[INFO][2025-12-25 11:48:06][helpers.load_data:load_data:35] Loading data from '/home/user/apitestcapprj/data/request_body_template/account_request_body_template.json'.
[SUCCESS][2025-12-25 11:48:06][helpers.load_data:load_data:41] Complete loading data from '/home/user/apitestcapprj/data/request_body_template/account_request_body_template.json'.
[SUCCESS][2025-12-25 11:48:06][common.common_setup:<module>:33] Load account predata successfully:
{
    "predata": {
        "account_01": {
            "role_name": "{student_role_name}",
            "full_name": "API predata - student account 01",
            "date_of_birth": "{datetime(%Y-%m-%d,0)}",
            "gender": "nam",
            "address": "API predata - student account 01 - address - {random_string(5)}",
            "email": "api_predata_admin_account_01@gmail.com",
            "phone_number": "1234567890",
            "password": "123456789",
            "confirmPassword": "123456789"
        }
    },
    "need_clear": [
        "API predata - student account 01 - edited",
        "API csv - student account 01"
    ]
}
[INFO][2025-12-25 11:48:06][common.client:login:143] Login with role: admin, email: test_user_01@gmail.com and password: 123456789.
[SUCCESS][2025-12-25 11:48:07][common.client:login:154] Login successfully.
[INFO][2025-12-25 11:48:07][common.client:login:143] Login with role: student, email: test_user_07@gmail.com and password: 123456789.
[SUCCESS][2025-12-25 11:48:08][common.client:login:154] Login successfully.
[INFO][2025-12-25 11:48:08][common.client:login:143] Login with role: teacher, email: test_user_02@gmail.com and password: 123456789.
[SUCCESS][2025-12-25 11:48:09][common.client:login:154] Login successfully.
[INFO][2025-12-25 11:48:09][__main__:<module>:9] ================= Start testing ==================
[INFO][2025-12-25 11:48:09][process_responses.account_process_response:clear_data:84] Clear data: API csv - student account 01
[INFO][2025-12-25 11:48:10][process_responses.account_process_response:delete_account:70] Delete account response: 200
[SUCCESS][2025-12-25 11:48:10][process_responses.account_process_response:clear_data:87] Complete clear data.
[SUCCESS][2025-12-25 11:48:11][process_responses.role_process_responses:get_all_roles:24] Get all roles successfully:
[
    {
        "_id": "69496b7d3a739f3bcffdeef7",
        "name": "admin",
        "created_on": "2025-12-22 23:02:05",
        "modified_on": "2025-12-22 23:02:05",
        "created_by": "data generation",
        "modified_by": "data generation"
    },
    {
        "_id": "69496b7d3a739f3bcffdeef8",
        "name": "teacher",
        "created_on": "2025-12-22 23:02:05",
        "modified_on": "2025-12-22 23:02:05",
        "created_by": "data generation",
        "modified_by": "data generation"
    },
    {
        "_id": "69496b7d3a739f3bcffdeef9",
        "name": "student",
        "created_on": "2025-12-22 23:02:05",
        "modified_on": "2025-12-22 23:02:05",
        "created_by": "data generation",
        "modified_by": "data generation"
    },
    {
        "_id": "694cc852d92216ca82f980b6",
        "name": "API predata - role 01",
        "__v": 0
    }
]
[WARNING][2025-12-25 11:48:12][process_responses.account_process_response:create_new_account_with_check:43] Account 'api_predata_admin_account_01@gmail.com' already exists.
[INFO][2025-12-25 11:48:12][case_setup.account_case_setup:account_case_setup:52] {
    "admin_role_name": "admin",
    "student_role_name": "student",
    "teacher_role_name": "student",
    "admin_role_id": "69496b7d3a739f3bcffdeef7",
    "student_role_id": "69496b7d3a739f3bcffdeef9",
    "admin_account_id": "69496b7e3a739f3bcffdeefa",
    "student_account_id": "694cf85d1216fce2045b4768",
    "account_01_id": "694cf85d1216fce2045b4768",
    "account_01_name": "API predata - student account 01"
}
[INFO][2025-12-25 11:48:12][helpers.load_data:load_data:35] Loading data from '/home/user/apitestcapprj/data/test_cases/account_test_cases.xlsx'.
[SUCCESS][2025-12-25 11:48:12][helpers.load_data:load_data:41] Complete loading data from '/home/user/apitestcapprj/data/test_cases/account_test_cases.xlsx'.
[SUCCESS][2025-12-25 11:48:12][case_setup.test_case_setup:test_case_setup:32] Test case setup successfully.
[INFO][2025-12-25 11:48:12][case_setup.test_case_setup:test_case_setup:33] Test case info:
[
    {
        "status": "Done",
        "case_no": "Account01",
        "author": "Nhat",
        "role": "admin",
        "title": "GetAllRoles",
        "description": "Get all accounts.",
        "method": "GET",
        "api": "https://datn-be-steel.vercel.app/api/accounts",
        "request_body": null,
        "expected_result": {
            "_id": "69496b7e3a739f3bcffdeefa",
            "status_code": 200
        },
        "jira_number": NaN,
        "note": NaN
    },
    {
        "status": "Done",
        "case_no": "Account02",
        "author": "Nhat",
        "role": "admin",
        "title": "GetRoleById",
        "description": "Get account by id.",
        "method": "GET",
        "api": "https://datn-be-steel.vercel.app/api/accounts/69496b7e3a739f3bcffdeefa",
        "request_body": null,
        "expected_result": {
            "_id": "69496b7e3a739f3bcffdeefa",
            "status_code": 200
        },
        "jira_number": NaN,
        "note": NaN
    },
    {
        "status": "Done",
        "case_no": "Account03",
        "author": "Nhat",
        "role": "admin",
        "title": "CreateNewRole",
        "description": "Create new account with role student.",
        "method": "POST",
        "api": "https://datn-be-steel.vercel.app/api/auth/register",
        "request_body": {
            "role_name": "student",
            "full_name": "API csv - student account 01",
            "date_of_birth": "2022-01-25",
            "gender": "nam",
            "address": "API csv - student account 01 - address",
            "email": "api_csv_student_account_01@gmail.com",
            "phone_number": "1234567890",
            "password": "123456789",
            "confirmPassword": "123456789"
        },
        "expected_result": {
            "status_code": 200
        },
        "jira_number": NaN,
        "note": NaN
    }
]
[INFO][2025-12-25 11:48:12][case_setup.run_case:run_case:45] Run case: Account01 - Get all accounts.
[INFO][2025-12-25 11:48:12][case_setup.run_case:run_case:56] Request body:
null
[INFO][2025-12-25 11:48:13][case_setup.run_case:run_case:68] Response:
200, [{"is_deleted":false,"messageFromSystem":[],"seenMessage":[],"_id":"69496b7e3a739f3bcffdeefa","role_name":"admin","full_name":"test_user_01","date_of_birth":"2012-12-26T00:00:00.000Z","gender":"Nữ","address":"Nghệ An","email":"test_user_01@gmail.com","phone_number":"1767111009","password":"$2b$10$MwR7xWmmGi9oN16IwVejY.7JWsaNAdnqID85Pt22BJsGX/x4uuRZy","avatar":"https://encrypted-tbn0.gstatic.com/images?q=tbn:ANd9GcTNnNH0c03eYhzzID8_Y6mHwZYYGjXLfnreH7RyT9f9GVRtT0yR7vklbKx3As07G6DCGYY&usqp=CAU","status":"active","created_on":"2025-12-22 23:02:06","modified_on":"2025-12-22 23:02:06","created_by":"data generation","modified_by":"data generation"},{"messageFromSystem":[],"seenMessage":[],"_id":"69496b7e3a739f3bcffdeefb","role_name":"teacher","full_name":"test_user_02","date_of_birth":"1932-09-16T00:00:00.000Z","gender":"Khác","address":"Gia Lai","email":"test_user_02@gmail.com","phone_number":"1767111020","password":"$2b$10$EVDd4TA2zsZoOFQEfa1/W.3DG.xgUt2ocWQf/SxShkDob9dlVPBZu","avatar":"https://encrypted-tbn0.gstatic.com/images?q=tbn:ANd9GcTNnNH0c03eYhzzID8_Y6mHwZYYGjXLfnreH7RyT9f9GVRtT0yR7vklbKx3As07G6DCGYY&usqp=CAU","status":"active","created_on":"2025-12-22 23:02:06","modified_on":"2025-12-22 23:02:06","created_by":"data generation","modified_by":"data generation","is_deleted":false,"updatedAt":"2025-12-24T07:53:53.287Z"},{"is_deleted":false,"messageFromSystem":[],"seenMessage":[],"_id":"69496b7e3a739f3bcffdeefc","role_name":"teacher","full_name":"test_user_03","date_of_birth":"2003-01-21T00:00:00.000Z","gender":"Nữ","address":"Vĩnh Long","email":"test_user_03@gmail.com","phone_number":"1767111025","password":"$2b$10$duxQOhN02rXJ6iFrHFcUUei2QzmtL37bpExOX4QBygXlvKmcchNpC","avatar":"https://encrypted-tbn0.gstatic.com/images?q=tbn:ANd9GcTNnNH0c03eYhzzID8_Y6mHwZYYGjXLfnreH7RyT9f9GVRtT0yR7vklbKx3As07G6DCGYY&usqp=CAU","status":"active","created_on":"2025-12-22 23:02:06","modified_on":"2025-12-22 23:02:06","created_by":"data generation","modified_by":"data generation"},{"is_deleted":false,"messageFromSystem":[],"seenMessage":[],"_id":"69496b7e3a739f3bcffdeefd","role_name":"teacher","full_name":"test_user_04","date_of_birth":"1956-12-05T00:00:00.000Z","gender":"Nam","address":"Đồng Nai","email":"test_user_04@gmail.com","phone_number":"1767111027","password":"$2b$10$G55YIQRomjn1SksdoO2YMeWGg45GMZC9oeh1b/hvIiyIkmLv6xR.e","avatar":"https://encrypted-tbn0.gstatic.com/images?q=tbn:ANd9GcTNnNH0c03eYhzzID8_Y6mHwZYYGjXLfnreH7RyT9f9GVRtT0yR7vklbKx3As07G6DCGYY&usqp=CAU","status":"active","created_on":"2025-12-22 23:02:06","modified_on":"2025-12-22 23:02:06","created_by":"data generation","modified_by":"data generation"},{"messageFromSystem":[],"seenMessage":[],"_id":"69496b7e3a739f3bcffdeefe","role_name":"teacher","full_name":"test_user_05","date_of_birth":"1929-12-25T00:00:00.000Z","gender":"Khác","address":"Khánh Hòa","email":"test_user_05@gmail.com","phone_number":"1767111029","password":"$2b$10$PE8VygYXhkNCcgxZliFQBunTg2HEJctZGSmsYJgSjlrywha4.PHHu","avatar":"https://encrypted-tbn0.gstatic.com/images?q=tbn:ANd9GcTNnNH0c03eYhzzID8_Y6mHwZYYGjXLfnreH7RyT9f9GVRtT0yR7vklbKx3As07G6DCGYY&usqp=CAU","status":"active","created_on":"2025-12-22 23:02:06","modified_on":"2025-12-22 23:02:06","created_by":"data generation","modified_by":"data generation","is_deleted":false,"updatedAt":"2025-12-23T11:18:16.591Z"},{"messageFromSystem":[],"seenMessage":[],"_id":"69496b7e3a739f3bcffdeeff","role_name":"teacher","full_name":"test_user_06","date_of_birth":"1945-12-15T00:00:00.000Z","gender":"Khác","address":"Thanh Hóa","email":"test_user_06@gmail.com","phone_number":"1767111031","password":"$2b$10$ktVlok3HlNQrWDM6t.B2UuIauOOfOmH1gBm49YgpZRqs6tQAmlFwa","avatar":"https://encrypted-tbn0.gstatic.com/images?q=tbn:ANd9GcTNnNH0c03eYhzzID8_Y6mHwZYYGjXLfnreH7RyT9f9GVRtT0yR7vklbKx3As07G6DCGYY&usqp=CAU","status":"active","created_on":"2025-12-22 23:02:06","modified_on":"2025-12-22 23:02:06","created_by":"data generation","modified_by":"data generation","is_deleted":false,"updatedAt":"2025-12-23T11:18:15.327Z"},{"seenMessage":[],"_id":"69496b7e3a739f3bcffdef00","role_name":"student","full_name":"test_user_07","date_of_birth":"1999-12-13T00:00:00.000Z","gender":"Nữ","address":"Nghệ An","email":"test_user_07@gmail.com","phone_number":"1767111032","password":"$2b$10$Pq/jhIbiwyQEQxdPpPRiJ.nHROYgbmxNS2R8PxCwcQNCMlzn0ZOdS","avatar":"https://encrypted-tbn0.gstatic.com/images?q=tbn:ANd9GcTNnNH0c03eYhzzID8_Y6mHwZYYGjXLfnreH7RyT9f9GVRtT0yR7vklbKx3As07G6DCGYY&usqp=CAU","status":"active","created_on":"2025-12-22 23:02:06","modified_on":"2025-12-22 23:02:06","created_by":"data generation","modified_by":"data generation","messageFromSystem":[" do có đánh giá bị báo xấu 2 lần trở lên"],"updatedAt":"2025-12-23T11:18:11.133Z","is_deleted":false},{"messageFromSystem":[],"seenMessage":[],"_id":"69496b7e3a739f3bcffdef01","role_name":"student","full_name":"test_user_08","date_of_birth":"1963-01-26T00:00:00.000Z","gender":"Khác","address":"Tuyên Quang","email":"test_user_08@gmail.com","phone_number":"1767111034","password":"$2b$10$4./7IPHl.ADVgoPrQMif3eoISExVbfQ53JAfBc6HxNVUW8.ZinnAS","avatar":"https://encrypted-tbn0.gstatic.com/images?q=tbn:ANd9GcTNnNH0c03eYhzzID8_Y6mHwZYYGjXLfnreH7RyT9f9GVRtT0yR7vklbKx3As07G6DCGYY&usqp=CAU","status":"active","created_on":"2025-12-22 23:02:06","modified_on":"2025-12-22 23:02:06","created_by":"data generation","modified_by":"data generation","is_deleted":false,"updatedAt":"2025-12-23T11:18:13.439Z"},{"seenMessage":[],"_id":"69496b7e3a739f3bcffdef02","role_name":"student","full_name":"test_user_09","date_of_birth":"2005-09-27T00:00:00.000Z","gender":"Nam","address":"Lào Cai","email":"test_user_09@gmail.com","phone_number":"1767111035","password":"$2b$10$b2fDKAJnbZ9sgFUA.RKAxeRYeTpUUb7EOOBcloE1YERklwMV6YXVe","avatar":"https://encrypted-tbn0.gstatic.com/images?q=tbn:ANd9GcTNnNH0c03eYhzzID8_Y6mHwZYYGjXLfnreH7RyT9f9GVRtT0yR7vklbKx3As07G6DCGYY&usqp=CAU","status":"active","created_on":"2025-12-22 23:02:06","modified_on":"2025-12-22 23:02:06","created_by":"data generation","modified_by":"data generation","is_deleted":false,"messageFromSystem":[],"updatedAt":"2025-12-23T11:19:38.416Z"},{"is_deleted":false,"messageFromSystem":[],"seenMessage":[],"_id":"69496b7e3a739f3bcffdef03","role_name":"student","full_name":"test_user_10","date_of_birth":"1929-08-13T00:00:00.000Z","gender":"Khác","address":"Đà Nẵng","email":"test_user_10@gmail.com","phone_number":"1767111036","password":"$2b$10$0BZXNWxLvaupT6jujMMskOsDSIWiIR7TCYG1J9882mckQaIyK..ui","avatar":"https://encrypted-tbn0.gstatic.com/images?q=tbn:ANd9GcTNnNH0c03eYhzzID8_Y6mHwZYYGjXLfnreH7RyT9f9GVRtT0yR7vklbKx3As07G6DCGYY&usqp=CAU","status":"active","created_on":"2025-12-22 23:02:06","modified_on":"2025-12-22 23:02:06","created_by":"data generation","modified_by":"data generation"},{"is_deleted":false,"messageFromSystem":[],"seenMessage":[],"_id":"69496b7e3a739f3bcffdef04","role_name":"student","full_name":"test_user_11","date_of_birth":"1994-02-17T00:00:00.000Z","gender":"Khác","address":"Thái Nguyên","email":"test_user_11@gmail.com","phone_number":"1767111038","password":"$2b$10$0.hDZrxibxZNMFGQzrilF.FXnl7Numy/pUNgiGRE5d7dVjz1OxLDC","avatar":"https://encrypted-tbn0.gstatic.com/images?q=tbn:ANd9GcTNnNH0c03eYhzzID8_Y6mHwZYYGjXLfnreH7RyT9f9GVRtT0yR7vklbKx3As07G6DCGYY&usqp=CAU","status":"active","created_on":"2025-12-22 23:02:06","modified_on":"2025-12-22 23:02:06","created_by":"data generation","modified_by":"data generation"},{"_id":"694a00a7d74fc315fb27dd3d","role_name":"student","full_name":"manual_test_student_01","date_of_birth":"2009-01-23T00:00:00.000Z","gender":"nam","address":"DaNang","email":"manual_test_student_01@gmail.com","phone_number":"1234567890","password":"$2b$10$yw4WSEKSkjQzdGHWMyLOs.WwhMis/qjYe83gNtQbZt7z1sykZKyxC","is_deleted":false,"messageFromSystem":[],"seenMessage":[],"createdAt":"2025-12-23T02:38:31.796Z","updatedAt":"2025-12-23T02:38:31.796Z","__v":0},{"_id":"694cb973322b96054111df4d","role_name":"student","full_name":"manual_test_student_02","date_of_birth":"2022-01-25T00:00:00.000Z","gender":"nữ","address":"DNN","email":"manual_test_student_02@gmail.com","phone_number":"1234567890","password":"$2b$10$Y6t.P652NkhgEiY0kw0RpOoKwwzYMbJKqBfRTr/RPf9qaFXt3.gua","is_deleted":false,"messageFromSystem":[],"seenMessage":[],"createdAt":"2025-12-25T04:11:31.940Z","updatedAt":"2025-12-25T04:11:31.940Z","__v":0},{"_id":"694cf85d1216fce2045b4768","role_name":"student","full_name":"API predata - student account 01","date_of_birth":"2025-12-25T00:00:00.000Z","gender":"nam","address":"API predata - student account 01 - address - UWUFz","email":"api_predata_admin_account_01@gmail.com","phone_number":"1234567890","password":"$2b$10$OYdLYo.axhIoZm16.AzBFeFV676sG8jtRGXdlaBa6TslCfnc4ZXp2","is_deleted":false,"messageFromSystem":[],"seenMessage":[],"createdAt":"2025-12-25T08:39:57.569Z","updatedAt":"2025-12-25T08:39:57.569Z","__v":0}]
[INFO][2025-12-25 11:48:13][case_setup.run_case:run_case:71] Expected result: {'_id': '69496b7e3a739f3bcffdeefa', 'status_code': 200}
[INFO][2025-12-25 11:48:13][case_setup.run_case:run_case:73] Key: _id, Value: 69496b7e3a739f3bcffdeefa
[SUCCESS][2025-12-25 11:48:13][case_setup.run_case:run_case:100] [PASSED] Key: '_id' is in list of keys: dict_keys(['is_deleted', 'messageFromSystem', 'seenMessage', '_id', 'role_name', 'full_name', 'date_of_birth', 'gender', 'address', 'email', 'phone_number', 'password', 'avatar', 'status', 'created_on', 'modified_on', 'created_by', 'modified_by']).
[SUCCESS][2025-12-25 11:48:13][case_setup.run_case:run_case:109] [PASSED] Value: '['69496b7e3a739f3bcffdeefa', '69496b7e3a739f3bcffdeefb', '69496b7e3a739f3bcffdeefc', '69496b7e3a739f3bcffdeefd', '69496b7e3a739f3bcffdeefe', '69496b7e3a739f3bcffdeeff', '69496b7e3a739f3bcffdef00', '69496b7e3a739f3bcffdef01', '69496b7e3a739f3bcffdef02', '69496b7e3a739f3bcffdef03', '69496b7e3a739f3bcffdef04', '694a00a7d74fc315fb27dd3d', '694cb973322b96054111df4d', '694cf85d1216fce2045b4768']' is in list of values: '69496b7e3a739f3bcffdeefa'.
[INFO][2025-12-25 11:48:13][case_setup.run_case:run_case:73] Key: status_code, Value: 200
[SUCCESS][2025-12-25 11:48:13][case_setup.run_case:run_case:80] [PASSED] Status code is equal. Expected: 200, Actual: 200.
[SUCCESS][2025-12-25 11:48:13][case_setup.run_case:run_case:120] Done case: Account01 - Get all accounts.
[INFO][2025-12-25 11:48:13][case_setup.run_case:run_case:45] Run case: Account02 - Get account by id.
[INFO][2025-12-25 11:48:13][case_setup.run_case:run_case:56] Request body:
null
[INFO][2025-12-25 11:48:13][case_setup.run_case:run_case:68] Response:
200, {"is_deleted":false,"messageFromSystem":[],"seenMessage":[],"_id":"69496b7e3a739f3bcffdeefa","role_name":"admin","full_name":"test_user_01","date_of_birth":"2012-12-26T00:00:00.000Z","gender":"Nữ","address":"Nghệ An","email":"test_user_01@gmail.com","phone_number":"1767111009","password":"$2b$10$MwR7xWmmGi9oN16IwVejY.7JWsaNAdnqID85Pt22BJsGX/x4uuRZy","avatar":"https://encrypted-tbn0.gstatic.com/images?q=tbn:ANd9GcTNnNH0c03eYhzzID8_Y6mHwZYYGjXLfnreH7RyT9f9GVRtT0yR7vklbKx3As07G6DCGYY&usqp=CAU","status":"active","created_on":"2025-12-22 23:02:06","modified_on":"2025-12-22 23:02:06","created_by":"data generation","modified_by":"data generation"}
[INFO][2025-12-25 11:48:13][case_setup.run_case:run_case:71] Expected result: {'_id': '69496b7e3a739f3bcffdeefa', 'status_code': 200}
[INFO][2025-12-25 11:48:13][case_setup.run_case:run_case:73] Key: _id, Value: 69496b7e3a739f3bcffdeefa
[SUCCESS][2025-12-25 11:48:13][case_setup.run_case:run_case:100] [PASSED] Key: '_id' is in list of keys: dict_keys(['is_deleted', 'messageFromSystem', 'seenMessage', '_id', 'role_name', 'full_name', 'date_of_birth', 'gender', 'address', 'email', 'phone_number', 'password', 'avatar', 'status', 'created_on', 'modified_on', 'created_by', 'modified_by']).
[SUCCESS][2025-12-25 11:48:13][case_setup.run_case:run_case:117] [PASSED] Value is equal. Expected: '69496b7e3a739f3bcffdeefa', Actual: '69496b7e3a739f3bcffdeefa'.
[INFO][2025-12-25 11:48:13][case_setup.run_case:run_case:73] Key: status_code, Value: 200
[SUCCESS][2025-12-25 11:48:13][case_setup.run_case:run_case:80] [PASSED] Status code is equal. Expected: 200, Actual: 200.
[SUCCESS][2025-12-25 11:48:13][case_setup.run_case:run_case:120] Done case: Account02 - Get account by id.
[INFO][2025-12-25 11:48:13][case_setup.run_case:run_case:45] Run case: Account03 - Create new account with role student.
[INFO][2025-12-25 11:48:13][case_setup.run_case:run_case:56] Request body:
{
    "role_name": "student",
    "full_name": "API csv - student account 01",
    "date_of_birth": "2022-01-25",
    "gender": "nam",
    "address": "API csv - student account 01 - address",
    "email": "api_csv_student_account_01@gmail.com",
    "phone_number": "1234567890",
    "password": "123456789",
    "confirmPassword": "123456789"
}
[INFO][2025-12-25 11:48:14][case_setup.run_case:run_case:68] Response:
200, {"role_name":"student","full_name":"API csv - student account 01","date_of_birth":"2022-01-25T00:00:00.000Z","gender":"nam","address":"API csv - student account 01 - address","email":"api_csv_student_account_01@gmail.com","phone_number":"1234567890","password":"$2b$10$uVq6arFIipzJOxKCsLjM4elVRs.l.K8S88G9tq0TG9fEc3mFRlW0K","is_deleted":false,"messageFromSystem":[],"seenMessage":[],"_id":"694d247e4e46a89f420acdf8","createdAt":"2025-12-25T11:48:14.126Z","updatedAt":"2025-12-25T11:48:14.126Z","__v":0}
[INFO][2025-12-25 11:48:14][case_setup.run_case:run_case:71] Expected result: {'status_code': 200}
[INFO][2025-12-25 11:48:14][case_setup.run_case:run_case:73] Key: status_code, Value: 200
[SUCCESS][2025-12-25 11:48:14][case_setup.run_case:run_case:80] [PASSED] Status code is equal. Expected: 200, Actual: 200.
[SUCCESS][2025-12-25 11:48:14][case_setup.run_case:run_case:120] Done case: Account03 - Create new account with role student.
[SUCCESS][2025-12-25 11:48:14][case_setup.run_case:run_case:124] All test cases are done.
[INFO][2025-12-25 11:48:14][__main__:<module>:35] Total cases: 3
[INFO][2025-12-25 11:48:14][__main__:<module>:36] Pass cases: 3
[INFO][2025-12-25 11:48:14][__main__:<module>:37] Failed cases: 0
[INFO][2025-12-25 11:48:14][__main__:<module>:41] Detail result:
[
    {
        "index": 1,
        "result": "Passed",
        "case_no": "Account01",
        "expected_result": {
            "_id": "69496b7e3a739f3bcffdeefa",
            "status_code": 200
        },
        "detail": "",
        "datetime": "2025-12-25 18:48:12"
    },
    {
        "index": 2,
        "result": "Passed",
        "case_no": "Account02",
        "expected_result": {
            "_id": "69496b7e3a739f3bcffdeefa",
            "status_code": 200
        },
        "detail": "",
        "datetime": "2025-12-25 18:48:12"
    },
    {
        "index": 3,
        "result": "Passed",
        "case_no": "Account03",
        "expected_result": {
            "status_code": 200
        },
        "detail": "",
        "datetime": "2025-12-25 18:48:12"
    }
]
[INFO][2025-12-25 11:48:14][common.client:logout:157] User: 'test_user_01@gmail.com', role: 'admin' logout.
[INFO][2025-12-25 11:48:14][common.client:logout:159] Logout info: 200, "User logged out successfully".
[INFO][2025-12-25 11:48:14][common.client:logout:157] User: 'test_user_07@gmail.com', role: 'student' logout.
[INFO][2025-12-25 11:48:15][common.client:logout:159] Logout info: 200, "User logged out successfully".
[INFO][2025-12-25 11:48:15][common.client:logout:157] User: 'test_user_02@gmail.com', role: 'teacher' logout.
[INFO][2025-12-25 11:48:15][common.client:logout:159] Logout info: 200, "User logged out successfully".
[SUCCESS][2025-12-25 11:48:15][__main__:<module>:54] ================== End testing ===================
[INFO][2025-12-25 11:48:28][common.common_setup:<module>:13] Base dir: /home/user/apitestcapprj
[INFO][2025-12-25 11:48:28][helpers.load_data:load_data:35] Loading data from '/home/user/apitestcapprj/configs/user_info.json'.
[SUCCESS][2025-12-25 11:48:28][helpers.load_data:load_data:41] Complete loading data from '/home/user/apitestcapprj/configs/user_info.json'.
[SUCCESS][2025-12-25 11:48:28][common.common_setup:<module>:22] Load client info successfully:
{
    "admin": {
        "email": "test_user_01@gmail.com",
        "password": "123456789"
    },
    "student": {
        "email": "test_user_07@gmail.com",
        "password": "123456789"
    },
    "teacher": {
        "email": "test_user_02@gmail.com",
        "password": "123456789"
    }
}
[INFO][2025-12-25 11:48:28][helpers.load_data:load_data:35] Loading data from '/home/user/apitestcapprj/data/request_body_template/role_request_body_template.json'.
[SUCCESS][2025-12-25 11:48:28][helpers.load_data:load_data:41] Complete loading data from '/home/user/apitestcapprj/data/request_body_template/role_request_body_template.json'.
[SUCCESS][2025-12-25 11:48:28][common.common_setup:<module>:28] Load role predata successfully:
{
    "predata": {
        "role_01": {
            "name": "API predata - role 01"
        }
    },
    "need_clear": [
        "API predata - role 01 - edited",
        "API csv - role 01"
    ]
}
[INFO][2025-12-25 11:48:28][helpers.load_data:load_data:35] Loading data from '/home/user/apitestcapprj/data/request_body_template/account_request_body_template.json'.
[SUCCESS][2025-12-25 11:48:28][helpers.load_data:load_data:41] Complete loading data from '/home/user/apitestcapprj/data/request_body_template/account_request_body_template.json'.
[SUCCESS][2025-12-25 11:48:28][common.common_setup:<module>:33] Load account predata successfully:
{
    "predata": {
        "account_01": {
            "role_name": "{student_role_name}",
            "full_name": "API predata - student account 01",
            "date_of_birth": "{datetime(%Y-%m-%d,0)}",
            "gender": "nam",
            "address": "API predata - student account 01 - address - {random_string(5)}",
            "email": "api_predata_admin_account_01@gmail.com",
            "phone_number": "1234567890",
            "password": "123456789",
            "confirmPassword": "123456789"
        }
    },
    "need_clear": [
        "API predata - student account 01 - edited",
        "API csv - student account 01"
    ]
}
[INFO][2025-12-25 11:48:28][common.client:login:143] Login with role: admin, email: test_user_01@gmail.com and password: 123456789.
[SUCCESS][2025-12-25 11:48:29][common.client:login:154] Login successfully.
[INFO][2025-12-25 11:48:29][common.client:login:143] Login with role: student, email: test_user_07@gmail.com and password: 123456789.
[SUCCESS][2025-12-25 11:48:30][common.client:login:154] Login successfully.
[INFO][2025-12-25 11:48:30][common.client:login:143] Login with role: teacher, email: test_user_02@gmail.com and password: 123456789.
[SUCCESS][2025-12-25 11:48:30][common.client:login:154] Login successfully.
[INFO][2025-12-25 11:48:30][__main__:<module>:9] ================= Start testing ==================
[INFO][2025-12-25 11:48:31][process_responses.account_process_response:clear_data:84] Clear data: API csv - student account 01
[INFO][2025-12-25 11:48:32][process_responses.account_process_response:delete_account:70] Delete account response: 200
[SUCCESS][2025-12-25 11:48:32][process_responses.account_process_response:clear_data:87] Complete clear data.
[SUCCESS][2025-12-25 11:48:33][process_responses.role_process_responses:get_all_roles:24] Get all roles successfully:
[
    {
        "_id": "69496b7d3a739f3bcffdeef7",
        "name": "admin",
        "created_on": "2025-12-22 23:02:05",
        "modified_on": "2025-12-22 23:02:05",
        "created_by": "data generation",
        "modified_by": "data generation"
    },
    {
        "_id": "69496b7d3a739f3bcffdeef8",
        "name": "teacher",
        "created_on": "2025-12-22 23:02:05",
        "modified_on": "2025-12-22 23:02:05",
        "created_by": "data generation",
        "modified_by": "data generation"
    },
    {
        "_id": "69496b7d3a739f3bcffdeef9",
        "name": "student",
        "created_on": "2025-12-22 23:02:05",
        "modified_on": "2025-12-22 23:02:05",
        "created_by": "data generation",
        "modified_by": "data generation"
    },
    {
        "_id": "694cc852d92216ca82f980b6",
        "name": "API predata - role 01",
        "__v": 0
    }
]
[WARNING][2025-12-25 11:48:34][process_responses.account_process_response:create_new_account_with_check:43] Account 'api_predata_admin_account_01@gmail.com' already exists.
[INFO][2025-12-25 11:48:34][case_setup.account_case_setup:account_case_setup:52] {
    "admin_role_name": "admin",
    "student_role_name": "student",
    "teacher_role_name": "student",
    "admin_role_id": "69496b7d3a739f3bcffdeef7",
    "student_role_id": "69496b7d3a739f3bcffdeef9",
    "admin_account_id": "69496b7e3a739f3bcffdeefa",
    "student_account_id": "694cf85d1216fce2045b4768",
    "account_01_id": "694cf85d1216fce2045b4768",
    "account_01_name": "API predata - student account 01"
}
[INFO][2025-12-25 11:48:34][helpers.load_data:load_data:35] Loading data from '/home/user/apitestcapprj/data/test_cases/account_test_cases.xlsx'.
[SUCCESS][2025-12-25 11:48:34][helpers.load_data:load_data:41] Complete loading data from '/home/user/apitestcapprj/data/test_cases/account_test_cases.xlsx'.
[SUCCESS][2025-12-25 11:48:34][case_setup.test_case_setup:test_case_setup:32] Test case setup successfully.
[INFO][2025-12-25 11:48:34][case_setup.test_case_setup:test_case_setup:33] Test case info:
[
    {
        "status": "Done",
        "case_no": "Account01",
        "author": "Nhat",
        "role": "admin",
        "title": "GetAllRoles",
        "description": "Get all accounts.",
        "method": "GET",
        "api": "https://datn-be-steel.vercel.app/api/accounts",
        "request_body": null,
        "expected_result": {
            "_id": "69496b7e3a739f3bcffdeefa",
            "status_code": 200
        },
        "jira_number": NaN,
        "note": NaN
    },
    {
        "status": "Done",
        "case_no": "Account02",
        "author": "Nhat",
        "role": "admin",
        "title": "GetRoleById",
        "description": "Get account by id.",
        "method": "GET",
        "api": "https://datn-be-steel.vercel.app/api/accounts/69496b7e3a739f3bcffdeefa",
        "request_body": null,
        "expected_result": {
            "_id": "69496b7e3a739f3bcffdeefa",
            "status_code": 200
        },
        "jira_number": NaN,
        "note": NaN
    },
    {
        "status": "Done",
        "case_no": "Account03",
        "author": "Nhat",
        "role": "admin",
        "title": "CreateNewRole",
        "description": "Create new account with role student.",
        "method": "POST",
        "api": "https://datn-be-steel.vercel.app/api/auth/register",
        "request_body": {
            "role_name": "student",
            "full_name": "API csv - student account 01",
            "date_of_birth": "2022-01-25",
            "gender": "nam",
            "address": "API csv - student account 01 - address",
            "email": "api_csv_student_account_01@gmail.com",
            "phone_number": "1234567890",
            "password": "123456789",
            "confirmPassword": "123456789"
        },
        "expected_result": {
            "status_code": 200
        },
        "jira_number": NaN,
        "note": NaN
    }
]
[INFO][2025-12-25 11:48:34][case_setup.run_case:run_case:45] Run case: Account01 - Get all accounts.
[INFO][2025-12-25 11:48:34][case_setup.run_case:run_case:56] Request body:
null
[INFO][2025-12-25 11:48:35][case_setup.run_case:run_case:68] Response:
200, [{"is_deleted":false,"messageFromSystem":[],"seenMessage":[],"_id":"69496b7e3a739f3bcffdeefa","role_name":"admin","full_name":"test_user_01","date_of_birth":"2012-12-26T00:00:00.000Z","gender":"Nữ","address":"Nghệ An","email":"test_user_01@gmail.com","phone_number":"1767111009","password":"$2b$10$MwR7xWmmGi9oN16IwVejY.7JWsaNAdnqID85Pt22BJsGX/x4uuRZy","avatar":"https://encrypted-tbn0.gstatic.com/images?q=tbn:ANd9GcTNnNH0c03eYhzzID8_Y6mHwZYYGjXLfnreH7RyT9f9GVRtT0yR7vklbKx3As07G6DCGYY&usqp=CAU","status":"active","created_on":"2025-12-22 23:02:06","modified_on":"2025-12-22 23:02:06","created_by":"data generation","modified_by":"data generation"},{"messageFromSystem":[],"seenMessage":[],"_id":"69496b7e3a739f3bcffdeefb","role_name":"teacher","full_name":"test_user_02","date_of_birth":"1932-09-16T00:00:00.000Z","gender":"Khác","address":"Gia Lai","email":"test_user_02@gmail.com","phone_number":"1767111020","password":"$2b$10$EVDd4TA2zsZoOFQEfa1/W.3DG.xgUt2ocWQf/SxShkDob9dlVPBZu","avatar":"https://encrypted-tbn0.gstatic.com/images?q=tbn:ANd9GcTNnNH0c03eYhzzID8_Y6mHwZYYGjXLfnreH7RyT9f9GVRtT0yR7vklbKx3As07G6DCGYY&usqp=CAU","status":"active","created_on":"2025-12-22 23:02:06","modified_on":"2025-12-22 23:02:06","created_by":"data generation","modified_by":"data generation","is_deleted":false,"updatedAt":"2025-12-24T07:53:53.287Z"},{"is_deleted":false,"messageFromSystem":[],"seenMessage":[],"_id":"69496b7e3a739f3bcffdeefc","role_name":"teacher","full_name":"test_user_03","date_of_birth":"2003-01-21T00:00:00.000Z","gender":"Nữ","address":"Vĩnh Long","email":"test_user_03@gmail.com","phone_number":"1767111025","password":"$2b$10$duxQOhN02rXJ6iFrHFcUUei2QzmtL37bpExOX4QBygXlvKmcchNpC","avatar":"https://encrypted-tbn0.gstatic.com/images?q=tbn:ANd9GcTNnNH0c03eYhzzID8_Y6mHwZYYGjXLfnreH7RyT9f9GVRtT0yR7vklbKx3As07G6DCGYY&usqp=CAU","status":"active","created_on":"2025-12-22 23:02:06","modified_on":"2025-12-22 23:02:06","created_by":"data generation","modified_by":"data generation"},{"is_deleted":false,"messageFromSystem":[],"seenMessage":[],"_id":"69496b7e3a739f3bcffdeefd","role_name":"teacher","full_name":"test_user_04","date_of_birth":"1956-12-05T00:00:00.000Z","gender":"Nam","address":"Đồng Nai","email":"test_user_04@gmail.com","phone_number":"1767111027","password":"$2b$10$G55YIQRomjn1SksdoO2YMeWGg45GMZC9oeh1b/hvIiyIkmLv6xR.e","avatar":"https://encrypted-tbn0.gstatic.com/images?q=tbn:ANd9GcTNnNH0c03eYhzzID8_Y6mHwZYYGjXLfnreH7RyT9f9GVRtT0yR7vklbKx3As07G6DCGYY&usqp=CAU","status":"active","created_on":"2025-12-22 23:02:06","modified_on":"2025-12-22 23:02:06","created_by":"data generation","modified_by":"data generation"},{"messageFromSystem":[],"seenMessage":[],"_id":"69496b7e3a739f3bcffdeefe","role_name":"teacher","full_name":"test_user_05","date_of_birth":"1929-12-25T00:00:00.000Z","gender":"Khác","address":"Khánh Hòa","email":"test_user_05@gmail.com","phone_number":"1767111029","password":"$2b$10$PE8VygYXhkNCcgxZliFQBunTg2HEJctZGSmsYJgSjlrywha4.PHHu","avatar":"https://encrypted-tbn0.gstatic.com/images?q=tbn:ANd9GcTNnNH0c03eYhzzID8_Y6mHwZYYGjXLfnreH7RyT9f9GVRtT0yR7vklbKx3As07G6DCGYY&usqp=CAU","status":"active","created_on":"2025-12-22 23:02:06","modified_on":"2025-12-22 23:02:06","created_by":"data generation","modified_by":"data generation","is_deleted":false,"updatedAt":"2025-12-23T11:18:16.591Z"},{"messageFromSystem":[],"seenMessage":[],"_id":"69496b7e3a739f3bcffdeeff","role_name":"teacher","full_name":"test_user_06","date_of_birth":"1945-12-15T00:00:00.000Z","gender":"Khác","address":"Thanh Hóa","email":"test_user_06@gmail.com","phone_number":"1767111031","password":"$2b$10$ktVlok3HlNQrWDM6t.B2UuIauOOfOmH1gBm49YgpZRqs6tQAmlFwa","avatar":"https://encrypted-tbn0.gstatic.com/images?q=tbn:ANd9GcTNnNH0c03eYhzzID8_Y6mHwZYYGjXLfnreH7RyT9f9GVRtT0yR7vklbKx3As07G6DCGYY&usqp=CAU","status":"active","created_on":"2025-12-22 23:02:06","modified_on":"2025-12-22 23:02:06","created_by":"data generation","modified_by":"data generation","is_deleted":false,"updatedAt":"2025-12-23T11:18:15.327Z"},{"seenMessage":[],"_id":"69496b7e3a739f3bcffdef00","role_name":"student","full_name":"test_user_07","date_of_birth":"1999-12-13T00:00:00.000Z","gender":"Nữ","address":"Nghệ An","email":"test_user_07@gmail.com","phone_number":"1767111032","password":"$2b$10$Pq/jhIbiwyQEQxdPpPRiJ.nHROYgbmxNS2R8PxCwcQNCMlzn0ZOdS","avatar":"https://encrypted-tbn0.gstatic.com/images?q=tbn:ANd9GcTNnNH0c03eYhzzID8_Y6mHwZYYGjXLfnreH7RyT9f9GVRtT0yR7vklbKx3As07G6DCGYY&usqp=CAU","status":"active","created_on":"2025-12-22 23:02:06","modified_on":"2025-12-22 23:02:06","created_by":"data generation","modified_by":"data generation","messageFromSystem":[" do có đánh giá bị báo xấu 2 lần trở lên"],"updatedAt":"2025-12-23T11:18:11.133Z","is_deleted":false},{"messageFromSystem":[],"seenMessage":[],"_id":"69496b7e3a739f3bcffdef01","role_name":"student","full_name":"test_user_08","date_of_birth":"1963-01-26T00:00:00.000Z","gender":"Khác","address":"Tuyên Quang","email":"test_user_08@gmail.com","phone_number":"1767111034","password":"$2b$10$4./7IPHl.ADVgoPrQMif3eoISExVbfQ53JAfBc6HxNVUW8.ZinnAS","avatar":"https://encrypted-tbn0.gstatic.com/images?q=tbn:ANd9GcTNnNH0c03eYhzzID8_Y6mHwZYYGjXLfnreH7RyT9f9GVRtT0yR7vklbKx3As07G6DCGYY&usqp=CAU","status":"active","created_on":"2025-12-22 23:02:06","modified_on":"2025-12-22 23:02:06","created_by":"data generation","modified_by":"data generation","is_deleted":false,"updatedAt":"2025-12-23T11:18:13.439Z"},{"seenMessage":[],"_id":"69496b7e3a739f3bcffdef02","role_name":"student","full_name":"test_user_09","date_of_birth":"2005-09-27T00:00:00.000Z","gender":"Nam","address":"Lào Cai","email":"test_user_09@gmail.com","phone_number":"1767111035","password":"$2b$10$b2fDKAJnbZ9sgFUA.RKAxeRYeTpUUb7EOOBcloE1YERklwMV6YXVe","avatar":"https://encrypted-tbn0.gstatic.com/images?q=tbn:ANd9GcTNnNH0c03eYhzzID8_Y6mHwZYYGjXLfnreH7RyT9f9GVRtT0yR7vklbKx3As07G6DCGYY&usqp=CAU","status":"active","created_on":"2025-12-22 23:02:06","modified_on":"2025-12-22 23:02:06","created_by":"data generation","modified_by":"data generation","is_deleted":false,"messageFromSystem":[],"updatedAt":"2025-12-23T11:19:38.416Z"},{"is_deleted":false,"messageFromSystem":[],"seenMessage":[],"_id":"69496b7e3a739f3bcffdef03","role_name":"student","full_name":"test_user_10","date_of_birth":"1929-08-13T00:00:00.000Z","gender":"Khác","address":"Đà Nẵng","email":"test_user_10@gmail.com","phone_number":"1767111036","password":"$2b$10$0BZXNWxLvaupT6jujMMskOsDSIWiIR7TCYG1J9882mckQaIyK..ui","avatar":"https://encrypted-tbn0.gstatic.com/images?q=tbn:ANd9GcTNnNH0c03eYhzzID8_Y6mHwZYYGjXLfnreH7RyT9f9GVRtT0yR7vklbKx3As07G6DCGYY&usqp=CAU","status":"active","created_on":"2025-12-22 23:02:06","modified_on":"2025-12-22 23:02:06","created_by":"data generation","modified_by":"data generation"},{"is_deleted":false,"messageFromSystem":[],"seenMessage":[],"_id":"69496b7e3a739f3bcffdef04","role_name":"student","full_name":"test_user_11","date_of_birth":"1994-02-17T00:00:00.000Z","gender":"Khác","address":"Thái Nguyên","email":"test_user_11@gmail.com","phone_number":"1767111038","password":"$2b$10$0.hDZrxibxZNMFGQzrilF.FXnl7Numy/pUNgiGRE5d7dVjz1OxLDC","avatar":"https://encrypted-tbn0.gstatic.com/images?q=tbn:ANd9GcTNnNH0c03eYhzzID8_Y6mHwZYYGjXLfnreH7RyT9f9GVRtT0yR7vklbKx3As07G6DCGYY&usqp=CAU","status":"active","created_on":"2025-12-22 23:02:06","modified_on":"2025-12-22 23:02:06","created_by":"data generation","modified_by":"data generation"},{"_id":"694a00a7d74fc315fb27dd3d","role_name":"student","full_name":"manual_test_student_01","date_of_birth":"2009-01-23T00:00:00.000Z","gender":"nam","address":"DaNang","email":"manual_test_student_01@gmail.com","phone_number":"1234567890","password":"$2b$10$yw4WSEKSkjQzdGHWMyLOs.WwhMis/qjYe83gNtQbZt7z1sykZKyxC","is_deleted":false,"messageFromSystem":[],"seenMessage":[],"createdAt":"2025-12-23T02:38:31.796Z","updatedAt":"2025-12-23T02:38:31.796Z","__v":0},{"_id":"694cb973322b96054111df4d","role_name":"student","full_name":"manual_test_student_02","date_of_birth":"2022-01-25T00:00:00.000Z","gender":"nữ","address":"DNN","email":"manual_test_student_02@gmail.com","phone_number":"1234567890","password":"$2b$10$Y6t.P652NkhgEiY0kw0RpOoKwwzYMbJKqBfRTr/RPf9qaFXt3.gua","is_deleted":false,"messageFromSystem":[],"seenMessage":[],"createdAt":"2025-12-25T04:11:31.940Z","updatedAt":"2025-12-25T04:11:31.940Z","__v":0},{"_id":"694cf85d1216fce2045b4768","role_name":"student","full_name":"API predata - student account 01","date_of_birth":"2025-12-25T00:00:00.000Z","gender":"nam","address":"API predata - student account 01 - address - UWUFz","email":"api_predata_admin_account_01@gmail.com","phone_number":"1234567890","password":"$2b$10$OYdLYo.axhIoZm16.AzBFeFV676sG8jtRGXdlaBa6TslCfnc4ZXp2","is_deleted":false,"messageFromSystem":[],"seenMessage":[],"createdAt":"2025-12-25T08:39:57.569Z","updatedAt":"2025-12-25T08:39:57.569Z","__v":0}]
[INFO][2025-12-25 11:48:35][case_setup.run_case:run_case:71] Expected result: {'_id': '69496b7e3a739f3bcffdeefa', 'status_code': 200}
[INFO][2025-12-25 11:48:35][case_setup.run_case:run_case:73] Key: _id, Value: 69496b7e3a739f3bcffdeefa
[SUCCESS][2025-12-25 11:48:35][case_setup.run_case:run_case:100] [PASSED] Key: '_id' is in list of keys: dict_keys(['is_deleted', 'messageFromSystem', 'seenMessage', '_id', 'role_name', 'full_name', 'date_of_birth', 'gender', 'address', 'email', 'phone_number', 'password', 'avatar', 'status', 'created_on', 'modified_on', 'created_by', 'modified_by']).
[SUCCESS][2025-12-25 11:48:35][case_setup.run_case:run_case:109] [PASSED] Value: '['69496b7e3a739f3bcffdeefa', '69496b7e3a739f3bcffdeefb', '69496b7e3a739f3bcffdeefc', '69496b7e3a739f3bcffdeefd', '69496b7e3a739f3bcffdeefe', '69496b7e3a739f3bcffdeeff', '69496b7e3a739f3bcffdef00', '69496b7e3a739f3bcffdef01', '69496b7e3a739f3bcffdef02', '69496b7e3a739f3bcffdef03', '69496b7e3a739f3bcffdef04', '694a00a7d74fc315fb27dd3d', '694cb973322b96054111df4d', '694cf85d1216fce2045b4768']' is in list of values: '69496b7e3a739f3bcffdeefa'.
[INFO][2025-12-25 11:48:35][case_setup.run_case:run_case:73] Key: status_code, Value: 200
[SUCCESS][2025-12-25 11:48:35][case_setup.run_case:run_case:80] [PASSED] Status code is equal. Expected: 200, Actual: 200.
[SUCCESS][2025-12-25 11:48:35][case_setup.run_case:run_case:120] Done case: Account01 - Get all accounts.
[INFO][2025-12-25 11:48:35][case_setup.run_case:run_case:45] Run case: Account02 - Get account by id.
[INFO][2025-12-25 11:48:35][case_setup.run_case:run_case:56] Request body:
null
[INFO][2025-12-25 11:48:35][case_setup.run_case:run_case:68] Response:
200, {"is_deleted":false,"messageFromSystem":[],"seenMessage":[],"_id":"69496b7e3a739f3bcffdeefa","role_name":"admin","full_name":"test_user_01","date_of_birth":"2012-12-26T00:00:00.000Z","gender":"Nữ","address":"Nghệ An","email":"test_user_01@gmail.com","phone_number":"1767111009","password":"$2b$10$MwR7xWmmGi9oN16IwVejY.7JWsaNAdnqID85Pt22BJsGX/x4uuRZy","avatar":"https://encrypted-tbn0.gstatic.com/images?q=tbn:ANd9GcTNnNH0c03eYhzzID8_Y6mHwZYYGjXLfnreH7RyT9f9GVRtT0yR7vklbKx3As07G6DCGYY&usqp=CAU","status":"active","created_on":"2025-12-22 23:02:06","modified_on":"2025-12-22 23:02:06","created_by":"data generation","modified_by":"data generation"}
[INFO][2025-12-25 11:48:35][case_setup.run_case:run_case:71] Expected result: {'_id': '69496b7e3a739f3bcffdeefa', 'status_code': 200}
[INFO][2025-12-25 11:48:35][case_setup.run_case:run_case:73] Key: _id, Value: 69496b7e3a739f3bcffdeefa
[SUCCESS][2025-12-25 11:48:35][case_setup.run_case:run_case:100] [PASSED] Key: '_id' is in list of keys: dict_keys(['is_deleted', 'messageFromSystem', 'seenMessage', '_id', 'role_name', 'full_name', 'date_of_birth', 'gender', 'address', 'email', 'phone_number', 'password', 'avatar', 'status', 'created_on', 'modified_on', 'created_by', 'modified_by']).
[SUCCESS][2025-12-25 11:48:35][case_setup.run_case:run_case:117] [PASSED] Value is equal. Expected: '69496b7e3a739f3bcffdeefa', Actual: '69496b7e3a739f3bcffdeefa'.
[INFO][2025-12-25 11:48:35][case_setup.run_case:run_case:73] Key: status_code, Value: 200
[SUCCESS][2025-12-25 11:48:35][case_setup.run_case:run_case:80] [PASSED] Status code is equal. Expected: 200, Actual: 200.
[SUCCESS][2025-12-25 11:48:35][case_setup.run_case:run_case:120] Done case: Account02 - Get account by id.
[INFO][2025-12-25 11:48:35][case_setup.run_case:run_case:45] Run case: Account03 - Create new account with role student.
[INFO][2025-12-25 11:48:35][case_setup.run_case:run_case:56] Request body:
{
    "role_name": "student",
    "full_name": "API csv - student account 01",
    "date_of_birth": "2022-01-25",
    "gender": "nam",
    "address": "API csv - student account 01 - address",
    "email": "api_csv_student_account_01@gmail.com",
    "phone_number": "1234567890",
    "password": "123456789",
    "confirmPassword": "123456789"
}
[INFO][2025-12-25 11:48:36][case_setup.run_case:run_case:68] Response:
200, {"role_name":"student","full_name":"API csv - student account 01","date_of_birth":"2022-01-25T00:00:00.000Z","gender":"nam","address":"API csv - student account 01 - address","email":"api_csv_student_account_01@gmail.com","phone_number":"1234567890","password":"$2b$10$qMYPP0Ny8S9utrvKukl6teM4LxvDdAJyJkty01nb2Ega/g6Etl2WS","is_deleted":false,"messageFromSystem":[],"seenMessage":[],"_id":"694d24944e46a89f420ace09","createdAt":"2025-12-25T11:48:36.121Z","updatedAt":"2025-12-25T11:48:36.121Z","__v":0}
[INFO][2025-12-25 11:48:36][case_setup.run_case:run_case:71] Expected result: {'status_code': 200}
[INFO][2025-12-25 11:48:36][case_setup.run_case:run_case:73] Key: status_code, Value: 200
[SUCCESS][2025-12-25 11:48:36][case_setup.run_case:run_case:80] [PASSED] Status code is equal. Expected: 200, Actual: 200.
[SUCCESS][2025-12-25 11:48:36][case_setup.run_case:run_case:120] Done case: Account03 - Create new account with role student.
[SUCCESS][2025-12-25 11:48:36][case_setup.run_case:run_case:124] All test cases are done.
[INFO][2025-12-25 11:48:36][__main__:<module>:35] Total cases: 3
[INFO][2025-12-25 11:48:36][__main__:<module>:36] Pass cases: 3
[INFO][2025-12-25 11:48:36][__main__:<module>:37] Failed cases: 0
[INFO][2025-12-25 11:48:36][__main__:<module>:41] Detail result:
[
    {
        "index": 1,
        "result": "Passed",
        "case_no": "Account01",
        "expected_result": {
            "_id": "69496b7e3a739f3bcffdeefa",
            "status_code": 200
        },
        "detail": "",
        "datetime": "2025-12-25 18:48:34"
    },
    {
        "index": 2,
        "result": "Passed",
        "case_no": "Account02",
        "expected_result": {
            "_id": "69496b7e3a739f3bcffdeefa",
            "status_code": 200
        },
        "detail": "",
        "datetime": "2025-12-25 18:48:34"
    },
    {
        "index": 3,
        "result": "Passed",
        "case_no": "Account03",
        "expected_result": {
            "status_code": 200
        },
        "detail": "",
        "datetime": "2025-12-25 18:48:34"
    }
]
[INFO][2025-12-25 11:48:36][common.client:logout:157] User: 'test_user_01@gmail.com', role: 'admin' logout.
[INFO][2025-12-25 11:48:36][common.client:logout:159] Logout info: 200, "User logged out successfully".
[INFO][2025-12-25 11:48:36][common.client:logout:157] User: 'test_user_07@gmail.com', role: 'student' logout.
[INFO][2025-12-25 11:48:37][common.client:logout:159] Logout info: 200, "User logged out successfully".
[INFO][2025-12-25 11:48:37][common.client:logout:157] User: 'test_user_02@gmail.com', role: 'teacher' logout.
[INFO][2025-12-25 11:48:37][common.client:logout:159] Logout info: 200, "User logged out successfully".
[SUCCESS][2025-12-25 11:48:37][__main__:<module>:54] ================== End testing ===================
[INFO][2025-12-25 11:49:00][common.common_setup:<module>:13] Base dir: /home/user/apitestcapprj
[INFO][2025-12-25 11:49:00][helpers.load_data:load_data:35] Loading data from '/home/user/apitestcapprj/configs/user_info.json'.
[SUCCESS][2025-12-25 11:49:00][helpers.load_data:load_data:41] Complete loading data from '/home/user/apitestcapprj/configs/user_info.json'.
[SUCCESS][2025-12-25 11:49:00][common.common_setup:<module>:22] Load client info successfully:
{
    "admin": {
        "email": "test_user_01@gmail.com",
        "password": "123456789"
    },
    "student": {
        "email": "test_user_07@gmail.com",
        "password": "123456789"
    },
    "teacher": {
        "email": "test_user_02@gmail.com",
        "password": "123456789"
    }
}
[INFO][2025-12-25 11:49:00][helpers.load_data:load_data:35] Loading data from '/home/user/apitestcapprj/data/request_body_template/role_request_body_template.json'.
[SUCCESS][2025-12-25 11:49:00][helpers.load_data:load_data:41] Complete loading data from '/home/user/apitestcapprj/data/request_body_template/role_request_body_template.json'.
[SUCCESS][2025-12-25 11:49:00][common.common_setup:<module>:28] Load role predata successfully:
{
    "predata": {
        "role_01": {
            "name": "API predata - role 01"
        }
    },
    "need_clear": [
        "API predata - role 01 - edited",
        "API csv - role 01"
    ]
}
[INFO][2025-12-25 11:49:00][helpers.load_data:load_data:35] Loading data from '/home/user/apitestcapprj/data/request_body_template/account_request_body_template.json'.
[SUCCESS][2025-12-25 11:49:00][helpers.load_data:load_data:41] Complete loading data from '/home/user/apitestcapprj/data/request_body_template/account_request_body_template.json'.
[SUCCESS][2025-12-25 11:49:01][common.common_setup:<module>:33] Load account predata successfully:
{
    "predata": {
        "account_01": {
            "role_name": "{student_role_name}",
            "full_name": "API predata - student account 01",
            "date_of_birth": "{datetime(%Y-%m-%d,0)}",
            "gender": "nam",
            "address": "API predata - student account 01 - address - {random_string(5)}",
            "email": "api_predata_admin_account_01@gmail.com",
            "phone_number": "1234567890",
            "password": "123456789",
            "confirmPassword": "123456789"
        }
    },
    "need_clear": [
        "API predata - student account 01 - edited",
        "API csv - student account 01"
    ]
}
[INFO][2025-12-25 11:49:01][common.client:login:143] Login with role: admin, email: test_user_01@gmail.com and password: 123456789.
[SUCCESS][2025-12-25 11:49:01][common.client:login:154] Login successfully.
[INFO][2025-12-25 11:49:01][common.client:login:143] Login with role: student, email: test_user_07@gmail.com and password: 123456789.
[SUCCESS][2025-12-25 11:49:02][common.client:login:154] Login successfully.
[INFO][2025-12-25 11:49:02][common.client:login:143] Login with role: teacher, email: test_user_02@gmail.com and password: 123456789.
[SUCCESS][2025-12-25 11:49:03][common.client:login:154] Login successfully.
[INFO][2025-12-25 11:49:03][__main__:<module>:9] ================= Start testing ==================
[INFO][2025-12-25 11:49:04][process_responses.account_process_response:clear_data:84] Clear data: API csv - student account 01
[INFO][2025-12-25 11:49:05][process_responses.account_process_response:delete_account:70] Delete account response: 200
[SUCCESS][2025-12-25 11:49:05][process_responses.account_process_response:clear_data:87] Complete clear data.
[SUCCESS][2025-12-25 11:49:06][process_responses.role_process_responses:get_all_roles:24] Get all roles successfully:
[
    {
        "_id": "69496b7d3a739f3bcffdeef7",
        "name": "admin",
        "created_on": "2025-12-22 23:02:05",
        "modified_on": "2025-12-22 23:02:05",
        "created_by": "data generation",
        "modified_by": "data generation"
    },
    {
        "_id": "69496b7d3a739f3bcffdeef8",
        "name": "teacher",
        "created_on": "2025-12-22 23:02:05",
        "modified_on": "2025-12-22 23:02:05",
        "created_by": "data generation",
        "modified_by": "data generation"
    },
    {
        "_id": "69496b7d3a739f3bcffdeef9",
        "name": "student",
        "created_on": "2025-12-22 23:02:05",
        "modified_on": "2025-12-22 23:02:05",
        "created_by": "data generation",
        "modified_by": "data generation"
    },
    {
        "_id": "694cc852d92216ca82f980b6",
        "name": "API predata - role 01",
        "__v": 0
    }
]
[WARNING][2025-12-25 11:49:07][process_responses.account_process_response:create_new_account_with_check:43] Account 'api_predata_admin_account_01@gmail.com' already exists.
[INFO][2025-12-25 11:49:07][case_setup.account_case_setup:account_case_setup:52] {
    "admin_role_name": "admin",
    "student_role_name": "student",
    "teacher_role_name": "student",
    "admin_role_id": "69496b7d3a739f3bcffdeef7",
    "student_role_id": "69496b7d3a739f3bcffdeef9",
    "admin_account_id": "69496b7e3a739f3bcffdeefa",
    "student_account_id": "694cf85d1216fce2045b4768",
    "account_01_id": "694cf85d1216fce2045b4768",
    "account_01_name": "API predata - student account 01"
}
[INFO][2025-12-25 11:49:07][helpers.load_data:load_data:35] Loading data from '/home/user/apitestcapprj/data/test_cases/account_test_cases.xlsx'.
[SUCCESS][2025-12-25 11:49:07][helpers.load_data:load_data:41] Complete loading data from '/home/user/apitestcapprj/data/test_cases/account_test_cases.xlsx'.
[SUCCESS][2025-12-25 11:49:07][case_setup.test_case_setup:test_case_setup:32] Test case setup successfully.
[INFO][2025-12-25 11:49:07][case_setup.test_case_setup:test_case_setup:33] Test case info:
[
    {
        "status": "Done",
        "case_no": "Account01",
        "author": "Nhat",
        "role": "admin",
        "title": "GetAllRoles",
        "description": "Get all accounts.",
        "method": "GET",
        "api": "https://datn-be-steel.vercel.app/api/accounts",
        "request_body": null,
        "expected_result": {
            "_id": "69496b7e3a739f3bcffdeefa",
            "status_code": 200
        },
        "jira_number": NaN,
        "note": NaN
    },
    {
        "status": "Done",
        "case_no": "Account02",
        "author": "Nhat",
        "role": "admin",
        "title": "GetRoleById",
        "description": "Get account by id.",
        "method": "GET",
        "api": "https://datn-be-steel.vercel.app/api/accounts/69496b7e3a739f3bcffdeefa",
        "request_body": null,
        "expected_result": {
            "_id": "69496b7e3a739f3bcffdeefa",
            "status_code": 300
        },
        "jira_number": NaN,
        "note": NaN
    },
    {
        "status": "Done",
        "case_no": "Account03",
        "author": "Nhat",
        "role": "admin",
        "title": "CreateNewRole",
        "description": "Create new account with role student.",
        "method": "POST",
        "api": "https://datn-be-steel.vercel.app/api/auth/register",
        "request_body": {
            "role_name": "student",
            "full_name": "API csv - student account 01",
            "date_of_birth": "2022-01-25",
            "gender": "nam",
            "address": "API csv - student account 01 - address",
            "email": "api_csv_student_account_01@gmail.com",
            "phone_number": "1234567890",
            "password": "123456789",
            "confirmPassword": "123456789"
        },
        "expected_result": {
            "status_code": 200
        },
        "jira_number": NaN,
        "note": NaN
    }
]
[INFO][2025-12-25 11:49:07][case_setup.run_case:run_case:45] Run case: Account01 - Get all accounts.
[INFO][2025-12-25 11:49:07][case_setup.run_case:run_case:56] Request body:
null
[INFO][2025-12-25 11:49:08][case_setup.run_case:run_case:68] Response:
200, [{"is_deleted":false,"messageFromSystem":[],"seenMessage":[],"_id":"69496b7e3a739f3bcffdeefa","role_name":"admin","full_name":"test_user_01","date_of_birth":"2012-12-26T00:00:00.000Z","gender":"Nữ","address":"Nghệ An","email":"test_user_01@gmail.com","phone_number":"1767111009","password":"$2b$10$MwR7xWmmGi9oN16IwVejY.7JWsaNAdnqID85Pt22BJsGX/x4uuRZy","avatar":"https://encrypted-tbn0.gstatic.com/images?q=tbn:ANd9GcTNnNH0c03eYhzzID8_Y6mHwZYYGjXLfnreH7RyT9f9GVRtT0yR7vklbKx3As07G6DCGYY&usqp=CAU","status":"active","created_on":"2025-12-22 23:02:06","modified_on":"2025-12-22 23:02:06","created_by":"data generation","modified_by":"data generation"},{"messageFromSystem":[],"seenMessage":[],"_id":"69496b7e3a739f3bcffdeefb","role_name":"teacher","full_name":"test_user_02","date_of_birth":"1932-09-16T00:00:00.000Z","gender":"Khác","address":"Gia Lai","email":"test_user_02@gmail.com","phone_number":"1767111020","password":"$2b$10$EVDd4TA2zsZoOFQEfa1/W.3DG.xgUt2ocWQf/SxShkDob9dlVPBZu","avatar":"https://encrypted-tbn0.gstatic.com/images?q=tbn:ANd9GcTNnNH0c03eYhzzID8_Y6mHwZYYGjXLfnreH7RyT9f9GVRtT0yR7vklbKx3As07G6DCGYY&usqp=CAU","status":"active","created_on":"2025-12-22 23:02:06","modified_on":"2025-12-22 23:02:06","created_by":"data generation","modified_by":"data generation","is_deleted":false,"updatedAt":"2025-12-24T07:53:53.287Z"},{"is_deleted":false,"messageFromSystem":[],"seenMessage":[],"_id":"69496b7e3a739f3bcffdeefc","role_name":"teacher","full_name":"test_user_03","date_of_birth":"2003-01-21T00:00:00.000Z","gender":"Nữ","address":"Vĩnh Long","email":"test_user_03@gmail.com","phone_number":"1767111025","password":"$2b$10$duxQOhN02rXJ6iFrHFcUUei2QzmtL37bpExOX4QBygXlvKmcchNpC","avatar":"https://encrypted-tbn0.gstatic.com/images?q=tbn:ANd9GcTNnNH0c03eYhzzID8_Y6mHwZYYGjXLfnreH7RyT9f9GVRtT0yR7vklbKx3As07G6DCGYY&usqp=CAU","status":"active","created_on":"2025-12-22 23:02:06","modified_on":"2025-12-22 23:02:06","created_by":"data generation","modified_by":"data generation"},{"is_deleted":false,"messageFromSystem":[],"seenMessage":[],"_id":"69496b7e3a739f3bcffdeefd","role_name":"teacher","full_name":"test_user_04","date_of_birth":"1956-12-05T00:00:00.000Z","gender":"Nam","address":"Đồng Nai","email":"test_user_04@gmail.com","phone_number":"1767111027","password":"$2b$10$G55YIQRomjn1SksdoO2YMeWGg45GMZC9oeh1b/hvIiyIkmLv6xR.e","avatar":"https://encrypted-tbn0.gstatic.com/images?q=tbn:ANd9GcTNnNH0c03eYhzzID8_Y6mHwZYYGjXLfnreH7RyT9f9GVRtT0yR7vklbKx3As07G6DCGYY&usqp=CAU","status":"active","created_on":"2025-12-22 23:02:06","modified_on":"2025-12-22 23:02:06","created_by":"data generation","modified_by":"data generation"},{"messageFromSystem":[],"seenMessage":[],"_id":"69496b7e3a739f3bcffdeefe","role_name":"teacher","full_name":"test_user_05","date_of_birth":"1929-12-25T00:00:00.000Z","gender":"Khác","address":"Khánh Hòa","email":"test_user_05@gmail.com","phone_number":"1767111029","password":"$2b$10$PE8VygYXhkNCcgxZliFQBunTg2HEJctZGSmsYJgSjlrywha4.PHHu","avatar":"https://encrypted-tbn0.gstatic.com/images?q=tbn:ANd9GcTNnNH0c03eYhzzID8_Y6mHwZYYGjXLfnreH7RyT9f9GVRtT0yR7vklbKx3As07G6DCGYY&usqp=CAU","status":"active","created_on":"2025-12-22 23:02:06","modified_on":"2025-12-22 23:02:06","created_by":"data generation","modified_by":"data generation","is_deleted":false,"updatedAt":"2025-12-23T11:18:16.591Z"},{"messageFromSystem":[],"seenMessage":[],"_id":"69496b7e3a739f3bcffdeeff","role_name":"teacher","full_name":"test_user_06","date_of_birth":"1945-12-15T00:00:00.000Z","gender":"Khác","address":"Thanh Hóa","email":"test_user_06@gmail.com","phone_number":"1767111031","password":"$2b$10$ktVlok3HlNQrWDM6t.B2UuIauOOfOmH1gBm49YgpZRqs6tQAmlFwa","avatar":"https://encrypted-tbn0.gstatic.com/images?q=tbn:ANd9GcTNnNH0c03eYhzzID8_Y6mHwZYYGjXLfnreH7RyT9f9GVRtT0yR7vklbKx3As07G6DCGYY&usqp=CAU","status":"active","created_on":"2025-12-22 23:02:06","modified_on":"2025-12-22 23:02:06","created_by":"data generation","modified_by":"data generation","is_deleted":false,"updatedAt":"2025-12-23T11:18:15.327Z"},{"seenMessage":[],"_id":"69496b7e3a739f3bcffdef00","role_name":"student","full_name":"test_user_07","date_of_birth":"1999-12-13T00:00:00.000Z","gender":"Nữ","address":"Nghệ An","email":"test_user_07@gmail.com","phone_number":"1767111032","password":"$2b$10$Pq/jhIbiwyQEQxdPpPRiJ.nHROYgbmxNS2R8PxCwcQNCMlzn0ZOdS","avatar":"https://encrypted-tbn0.gstatic.com/images?q=tbn:ANd9GcTNnNH0c03eYhzzID8_Y6mHwZYYGjXLfnreH7RyT9f9GVRtT0yR7vklbKx3As07G6DCGYY&usqp=CAU","status":"active","created_on":"2025-12-22 23:02:06","modified_on":"2025-12-22 23:02:06","created_by":"data generation","modified_by":"data generation","messageFromSystem":[" do có đánh giá bị báo xấu 2 lần trở lên"],"updatedAt":"2025-12-23T11:18:11.133Z","is_deleted":false},{"messageFromSystem":[],"seenMessage":[],"_id":"69496b7e3a739f3bcffdef01","role_name":"student","full_name":"test_user_08","date_of_birth":"1963-01-26T00:00:00.000Z","gender":"Khác","address":"Tuyên Quang","email":"test_user_08@gmail.com","phone_number":"1767111034","password":"$2b$10$4./7IPHl.ADVgoPrQMif3eoISExVbfQ53JAfBc6HxNVUW8.ZinnAS","avatar":"https://encrypted-tbn0.gstatic.com/images?q=tbn:ANd9GcTNnNH0c03eYhzzID8_Y6mHwZYYGjXLfnreH7RyT9f9GVRtT0yR7vklbKx3As07G6DCGYY&usqp=CAU","status":"active","created_on":"2025-12-22 23:02:06","modified_on":"2025-12-22 23:02:06","created_by":"data generation","modified_by":"data generation","is_deleted":false,"updatedAt":"2025-12-23T11:18:13.439Z"},{"seenMessage":[],"_id":"69496b7e3a739f3bcffdef02","role_name":"student","full_name":"test_user_09","date_of_birth":"2005-09-27T00:00:00.000Z","gender":"Nam","address":"Lào Cai","email":"test_user_09@gmail.com","phone_number":"1767111035","password":"$2b$10$b2fDKAJnbZ9sgFUA.RKAxeRYeTpUUb7EOOBcloE1YERklwMV6YXVe","avatar":"https://encrypted-tbn0.gstatic.com/images?q=tbn:ANd9GcTNnNH0c03eYhzzID8_Y6mHwZYYGjXLfnreH7RyT9f9GVRtT0yR7vklbKx3As07G6DCGYY&usqp=CAU","status":"active","created_on":"2025-12-22 23:02:06","modified_on":"2025-12-22 23:02:06","created_by":"data generation","modified_by":"data generation","is_deleted":false,"messageFromSystem":[],"updatedAt":"2025-12-23T11:19:38.416Z"},{"is_deleted":false,"messageFromSystem":[],"seenMessage":[],"_id":"69496b7e3a739f3bcffdef03","role_name":"student","full_name":"test_user_10","date_of_birth":"1929-08-13T00:00:00.000Z","gender":"Khác","address":"Đà Nẵng","email":"test_user_10@gmail.com","phone_number":"1767111036","password":"$2b$10$0BZXNWxLvaupT6jujMMskOsDSIWiIR7TCYG1J9882mckQaIyK..ui","avatar":"https://encrypted-tbn0.gstatic.com/images?q=tbn:ANd9GcTNnNH0c03eYhzzID8_Y6mHwZYYGjXLfnreH7RyT9f9GVRtT0yR7vklbKx3As07G6DCGYY&usqp=CAU","status":"active","created_on":"2025-12-22 23:02:06","modified_on":"2025-12-22 23:02:06","created_by":"data generation","modified_by":"data generation"},{"is_deleted":false,"messageFromSystem":[],"seenMessage":[],"_id":"69496b7e3a739f3bcffdef04","role_name":"student","full_name":"test_user_11","date_of_birth":"1994-02-17T00:00:00.000Z","gender":"Khác","address":"Thái Nguyên","email":"test_user_11@gmail.com","phone_number":"1767111038","password":"$2b$10$0.hDZrxibxZNMFGQzrilF.FXnl7Numy/pUNgiGRE5d7dVjz1OxLDC","avatar":"https://encrypted-tbn0.gstatic.com/images?q=tbn:ANd9GcTNnNH0c03eYhzzID8_Y6mHwZYYGjXLfnreH7RyT9f9GVRtT0yR7vklbKx3As07G6DCGYY&usqp=CAU","status":"active","created_on":"2025-12-22 23:02:06","modified_on":"2025-12-22 23:02:06","created_by":"data generation","modified_by":"data generation"},{"_id":"694a00a7d74fc315fb27dd3d","role_name":"student","full_name":"manual_test_student_01","date_of_birth":"2009-01-23T00:00:00.000Z","gender":"nam","address":"DaNang","email":"manual_test_student_01@gmail.com","phone_number":"1234567890","password":"$2b$10$yw4WSEKSkjQzdGHWMyLOs.WwhMis/qjYe83gNtQbZt7z1sykZKyxC","is_deleted":false,"messageFromSystem":[],"seenMessage":[],"createdAt":"2025-12-23T02:38:31.796Z","updatedAt":"2025-12-23T02:38:31.796Z","__v":0},{"_id":"694cb973322b96054111df4d","role_name":"student","full_name":"manual_test_student_02","date_of_birth":"2022-01-25T00:00:00.000Z","gender":"nữ","address":"DNN","email":"manual_test_student_02@gmail.com","phone_number":"1234567890","password":"$2b$10$Y6t.P652NkhgEiY0kw0RpOoKwwzYMbJKqBfRTr/RPf9qaFXt3.gua","is_deleted":false,"messageFromSystem":[],"seenMessage":[],"createdAt":"2025-12-25T04:11:31.940Z","updatedAt":"2025-12-25T04:11:31.940Z","__v":0},{"_id":"694cf85d1216fce2045b4768","role_name":"student","full_name":"API predata - student account 01","date_of_birth":"2025-12-25T00:00:00.000Z","gender":"nam","address":"API predata - student account 01 - address - UWUFz","email":"api_predata_admin_account_01@gmail.com","phone_number":"1234567890","password":"$2b$10$OYdLYo.axhIoZm16.AzBFeFV676sG8jtRGXdlaBa6TslCfnc4ZXp2","is_deleted":false,"messageFromSystem":[],"seenMessage":[],"createdAt":"2025-12-25T08:39:57.569Z","updatedAt":"2025-12-25T08:39:57.569Z","__v":0}]
[INFO][2025-12-25 11:49:08][case_setup.run_case:run_case:71] Expected result: {'_id': '69496b7e3a739f3bcffdeefa', 'status_code': 200}
[INFO][2025-12-25 11:49:08][case_setup.run_case:run_case:73] Key: _id, Value: 69496b7e3a739f3bcffdeefa
[SUCCESS][2025-12-25 11:49:08][case_setup.run_case:run_case:100] [PASSED] Key: '_id' is in list of keys: dict_keys(['is_deleted', 'messageFromSystem', 'seenMessage', '_id', 'role_name', 'full_name', 'date_of_birth', 'gender', 'address', 'email', 'phone_number', 'password', 'avatar', 'status', 'created_on', 'modified_on', 'created_by', 'modified_by']).
[SUCCESS][2025-12-25 11:49:08][case_setup.run_case:run_case:109] [PASSED] Value: '['69496b7e3a739f3bcffdeefa', '69496b7e3a739f3bcffdeefb', '69496b7e3a739f3bcffdeefc', '69496b7e3a739f3bcffdeefd', '69496b7e3a739f3bcffdeefe', '69496b7e3a739f3bcffdeeff', '69496b7e3a739f3bcffdef00', '69496b7e3a739f3bcffdef01', '69496b7e3a739f3bcffdef02', '69496b7e3a739f3bcffdef03', '69496b7e3a739f3bcffdef04', '694a00a7d74fc315fb27dd3d', '694cb973322b96054111df4d', '694cf85d1216fce2045b4768']' is in list of values: '69496b7e3a739f3bcffdeefa'.
[INFO][2025-12-25 11:49:08][case_setup.run_case:run_case:73] Key: status_code, Value: 200
[SUCCESS][2025-12-25 11:49:08][case_setup.run_case:run_case:80] [PASSED] Status code is equal. Expected: 200, Actual: 200.
[SUCCESS][2025-12-25 11:49:08][case_setup.run_case:run_case:120] Done case: Account01 - Get all accounts.
[INFO][2025-12-25 11:49:08][case_setup.run_case:run_case:45] Run case: Account02 - Get account by id.
[INFO][2025-12-25 11:49:08][case_setup.run_case:run_case:56] Request body:
null
[INFO][2025-12-25 11:49:08][case_setup.run_case:run_case:68] Response:
200, {"is_deleted":false,"messageFromSystem":[],"seenMessage":[],"_id":"69496b7e3a739f3bcffdeefa","role_name":"admin","full_name":"test_user_01","date_of_birth":"2012-12-26T00:00:00.000Z","gender":"Nữ","address":"Nghệ An","email":"test_user_01@gmail.com","phone_number":"1767111009","password":"$2b$10$MwR7xWmmGi9oN16IwVejY.7JWsaNAdnqID85Pt22BJsGX/x4uuRZy","avatar":"https://encrypted-tbn0.gstatic.com/images?q=tbn:ANd9GcTNnNH0c03eYhzzID8_Y6mHwZYYGjXLfnreH7RyT9f9GVRtT0yR7vklbKx3As07G6DCGYY&usqp=CAU","status":"active","created_on":"2025-12-22 23:02:06","modified_on":"2025-12-22 23:02:06","created_by":"data generation","modified_by":"data generation"}
[INFO][2025-12-25 11:49:08][case_setup.run_case:run_case:71] Expected result: {'_id': '69496b7e3a739f3bcffdeefa', 'status_code': 300}
[INFO][2025-12-25 11:49:08][case_setup.run_case:run_case:73] Key: _id, Value: 69496b7e3a739f3bcffdeefa
[SUCCESS][2025-12-25 11:49:08][case_setup.run_case:run_case:100] [PASSED] Key: '_id' is in list of keys: dict_keys(['is_deleted', 'messageFromSystem', 'seenMessage', '_id', 'role_name', 'full_name', 'date_of_birth', 'gender', 'address', 'email', 'phone_number', 'password', 'avatar', 'status', 'created_on', 'modified_on', 'created_by', 'modified_by']).
[SUCCESS][2025-12-25 11:49:08][case_setup.run_case:run_case:117] [PASSED] Value is equal. Expected: '69496b7e3a739f3bcffdeefa', Actual: '69496b7e3a739f3bcffdeefa'.
[INFO][2025-12-25 11:49:08][case_setup.run_case:run_case:73] Key: status_code, Value: 300
[ERROR][2025-12-25 11:49:08][case_setup.run_case:run_case:77] [FAILED] Status code is not equal. Expected: 300, Actual: 200.
[SUCCESS][2025-12-25 11:49:08][case_setup.run_case:run_case:120] Done case: Account02 - Get account by id.
[INFO][2025-12-25 11:49:08][case_setup.run_case:run_case:45] Run case: Account03 - Create new account with role student.
[INFO][2025-12-25 11:49:08][case_setup.run_case:run_case:56] Request body:
{
    "role_name": "student",
    "full_name": "API csv - student account 01",
    "date_of_birth": "2022-01-25",
    "gender": "nam",
    "address": "API csv - student account 01 - address",
    "email": "api_csv_student_account_01@gmail.com",
    "phone_number": "1234567890",
    "password": "123456789",
    "confirmPassword": "123456789"
}
[INFO][2025-12-25 11:49:09][case_setup.run_case:run_case:68] Response:
200, {"role_name":"student","full_name":"API csv - student account 01","date_of_birth":"2022-01-25T00:00:00.000Z","gender":"nam","address":"API csv - student account 01 - address","email":"api_csv_student_account_01@gmail.com","phone_number":"1234567890","password":"$2b$10$9V6oQHujGWgVTBx2CzfXLemUl3gGUdWKT2Zt0kQ3tCdGH0bVKF3eS","is_deleted":false,"messageFromSystem":[],"seenMessage":[],"_id":"694d24b54e46a89f420ace1a","createdAt":"2025-12-25T11:49:09.157Z","updatedAt":"2025-12-25T11:49:09.157Z","__v":0}
[INFO][2025-12-25 11:49:09][case_setup.run_case:run_case:71] Expected result: {'status_code': 200}
[INFO][2025-12-25 11:49:09][case_setup.run_case:run_case:73] Key: status_code, Value: 200
[SUCCESS][2025-12-25 11:49:09][case_setup.run_case:run_case:80] [PASSED] Status code is equal. Expected: 200, Actual: 200.
[SUCCESS][2025-12-25 11:49:09][case_setup.run_case:run_case:120] Done case: Account03 - Create new account with role student.
[SUCCESS][2025-12-25 11:49:09][case_setup.run_case:run_case:124] All test cases are done.
[INFO][2025-12-25 11:49:09][__main__:<module>:35] Total cases: 3
[INFO][2025-12-25 11:49:09][__main__:<module>:36] Pass cases: 2
[INFO][2025-12-25 11:49:09][__main__:<module>:37] Failed cases: 1
[INFO][2025-12-25 11:49:09][__main__:<module>:41] Detail result:
[
    {
        "index": 1,
        "result": "Passed",
        "case_no": "Account01",
        "expected_result": {
            "_id": "69496b7e3a739f3bcffdeefa",
            "status_code": 200
        },
        "detail": "",
        "datetime": "2025-12-25 18:49:07"
    },
    {
        "index": 2,
        "result": "Failed",
        "case_no": "Account02",
        "expected_result": {
            "_id": "69496b7e3a739f3bcffdeefa",
            "status_code": 300
        },
        "detail": "[FAILED] Status code is not equal. Expected: 300, Actual: 200.",
        "datetime": "2025-12-25 18:49:07"
    },
    {
        "index": 3,
        "result": "Passed",
        "case_no": "Account03",
        "expected_result": {
            "status_code": 200
        },
        "detail": "",
        "datetime": "2025-12-25 18:49:07"
    }
]
[SUCCESS][2025-12-25 11:49:10][__main__:<module>:49] Report saved to '/home/user/apitestcapprj/reports/2025-12-25.xlsx'.
[INFO][2025-12-25 11:49:10][common.client:logout:157] User: 'test_user_01@gmail.com', role: 'admin' logout.
[INFO][2025-12-25 11:49:10][common.client:logout:159] Logout info: 200, "User logged out successfully".
[INFO][2025-12-25 11:49:10][common.client:logout:157] User: 'test_user_07@gmail.com', role: 'student' logout.
[INFO][2025-12-25 11:49:10][common.client:logout:159] Logout info: 200, "User logged out successfully".
[INFO][2025-12-25 11:49:10][common.client:logout:157] User: 'test_user_02@gmail.com', role: 'teacher' logout.
[INFO][2025-12-25 11:49:11][common.client:logout:159] Logout info: 200, "User logged out successfully".
[SUCCESS][2025-12-25 11:49:11][__main__:<module>:54] ================== End testing ===================
[INFO][2025-12-25 11:50:28][common.common_setup:<module>:13] Base dir: /home/user/apitestcapprj
[INFO][2025-12-25 11:50:28][helpers.load_data:load_data:35] Loading data from '/home/user/apitestcapprj/configs/user_info.json'.
[SUCCESS][2025-12-25 11:50:28][helpers.load_data:load_data:41] Complete loading data from '/home/user/apitestcapprj/configs/user_info.json'.
[SUCCESS][2025-12-25 11:50:28][common.common_setup:<module>:22] Load client info successfully:
{
    "admin": {
        "email": "test_user_01@gmail.com",
        "password": "123456789"
    },
    "student": {
        "email": "test_user_07@gmail.com",
        "password": "123456789"
    },
    "teacher": {
        "email": "test_user_02@gmail.com",
        "password": "123456789"
    }
}
[INFO][2025-12-25 11:50:28][helpers.load_data:load_data:35] Loading data from '/home/user/apitestcapprj/data/request_body_template/role_request_body_template.json'.
[SUCCESS][2025-12-25 11:50:28][helpers.load_data:load_data:41] Complete loading data from '/home/user/apitestcapprj/data/request_body_template/role_request_body_template.json'.
[SUCCESS][2025-12-25 11:50:28][common.common_setup:<module>:28] Load role predata successfully:
{
    "predata": {
        "role_01": {
            "name": "API predata - role 01"
        }
    },
    "need_clear": [
        "API predata - role 01 - edited",
        "API csv - role 01"
    ]
}
[INFO][2025-12-25 11:50:28][helpers.load_data:load_data:35] Loading data from '/home/user/apitestcapprj/data/request_body_template/account_request_body_template.json'.
[SUCCESS][2025-12-25 11:50:28][helpers.load_data:load_data:41] Complete loading data from '/home/user/apitestcapprj/data/request_body_template/account_request_body_template.json'.
[SUCCESS][2025-12-25 11:50:28][common.common_setup:<module>:33] Load account predata successfully:
{
    "predata": {
        "account_01": {
            "role_name": "{student_role_name}",
            "full_name": "API predata - student account 01",
            "date_of_birth": "{datetime(%Y-%m-%d,0)}",
            "gender": "nam",
            "address": "API predata - student account 01 - address - {random_string(5)}",
            "email": "api_predata_admin_account_01@gmail.com",
            "phone_number": "1234567890",
            "password": "123456789",
            "confirmPassword": "123456789"
        }
    },
    "need_clear": [
        "API predata - student account 01 - edited",
        "API csv - student account 01"
    ]
}
[INFO][2025-12-25 11:50:28][common.client:login:143] Login with role: admin, email: test_user_01@gmail.com and password: 123456789.
[SUCCESS][2025-12-25 11:50:29][common.client:login:154] Login successfully.
[INFO][2025-12-25 11:50:29][common.client:login:143] Login with role: student, email: test_user_07@gmail.com and password: 123456789.
[SUCCESS][2025-12-25 11:50:30][common.client:login:154] Login successfully.
[INFO][2025-12-25 11:50:30][common.client:login:143] Login with role: teacher, email: test_user_02@gmail.com and password: 123456789.
[SUCCESS][2025-12-25 11:50:31][common.client:login:154] Login successfully.
[INFO][2025-12-25 11:50:31][__main__:<module>:9] ================= Start testing ==================
[INFO][2025-12-25 11:50:32][process_responses.account_process_response:clear_data:84] Clear data: API csv - student account 01
[INFO][2025-12-25 11:50:33][process_responses.account_process_response:delete_account:70] Delete account response: 200
[SUCCESS][2025-12-25 11:50:33][process_responses.account_process_response:clear_data:87] Complete clear data.
[SUCCESS][2025-12-25 11:50:33][process_responses.role_process_responses:get_all_roles:24] Get all roles successfully:
[
    {
        "_id": "69496b7d3a739f3bcffdeef7",
        "name": "admin",
        "created_on": "2025-12-22 23:02:05",
        "modified_on": "2025-12-22 23:02:05",
        "created_by": "data generation",
        "modified_by": "data generation"
    },
    {
        "_id": "69496b7d3a739f3bcffdeef8",
        "name": "teacher",
        "created_on": "2025-12-22 23:02:05",
        "modified_on": "2025-12-22 23:02:05",
        "created_by": "data generation",
        "modified_by": "data generation"
    },
    {
        "_id": "69496b7d3a739f3bcffdeef9",
        "name": "student",
        "created_on": "2025-12-22 23:02:05",
        "modified_on": "2025-12-22 23:02:05",
        "created_by": "data generation",
        "modified_by": "data generation"
    },
    {
        "_id": "694cc852d92216ca82f980b6",
        "name": "API predata - role 01",
        "__v": 0
    }
]
[WARNING][2025-12-25 11:50:35][process_responses.account_process_response:create_new_account_with_check:43] Account 'api_predata_admin_account_01@gmail.com' already exists.
[INFO][2025-12-25 11:50:35][case_setup.account_case_setup:account_case_setup:52] {
    "admin_role_name": "admin",
    "student_role_name": "student",
    "teacher_role_name": "student",
    "admin_role_id": "69496b7d3a739f3bcffdeef7",
    "student_role_id": "69496b7d3a739f3bcffdeef9",
    "admin_account_id": "69496b7e3a739f3bcffdeefa",
    "student_account_id": "694cf85d1216fce2045b4768",
    "account_01_id": "694cf85d1216fce2045b4768",
    "account_01_name": "API predata - student account 01"
}
[INFO][2025-12-25 11:50:35][helpers.load_data:load_data:35] Loading data from '/home/user/apitestcapprj/data/test_cases/account_test_cases.xlsx'.
[SUCCESS][2025-12-25 11:50:35][helpers.load_data:load_data:41] Complete loading data from '/home/user/apitestcapprj/data/test_cases/account_test_cases.xlsx'.
[SUCCESS][2025-12-25 11:50:35][case_setup.test_case_setup:test_case_setup:32] Test case setup successfully.
[INFO][2025-12-25 11:50:35][case_setup.test_case_setup:test_case_setup:33] Test case info:
[
    {
        "status": "Done",
        "case_no": "Account01",
        "author": "Nhat",
        "role": "admin",
        "title": "GetAllRoles",
        "description": "Get all accounts.",
        "method": "GET",
        "api": "https://datn-be-steel.vercel.app/api/accounts",
        "request_body": null,
        "expected_result": {
            "_id": "69496b7e3a739f3bcffdeefa",
            "status_code": 200
        },
        "jira_number": NaN,
        "note": NaN
    },
    {
        "status": "Done",
        "case_no": "Account02",
        "author": "Nhat",
        "role": "admin",
        "title": "GetRoleById",
        "description": "Get account by id.",
        "method": "GET",
        "api": "https://datn-be-steel.vercel.app/api/accounts/69496b7e3a739f3bcffdeefa",
        "request_body": null,
        "expected_result": {
            "_id": "69496b7e3a739f3bcffdeefa",
            "status_code": 300
        },
        "jira_number": NaN,
        "note": NaN
    },
    {
        "status": "Done",
        "case_no": "Account03",
        "author": "Nhat",
        "role": "admin",
        "title": "CreateNewRole",
        "description": "Create new account with role student.",
        "method": "POST",
        "api": "https://datn-be-steel.vercel.app/api/auth/register",
        "request_body": {
            "role_name": "student",
            "full_name": "API csv - student account 01",
            "date_of_birth": "2022-01-25",
            "gender": "nam",
            "address": "API csv - student account 01 - address",
            "email": "api_csv_student_account_01@gmail.com",
            "phone_number": "1234567890",
            "password": "123456789",
            "confirmPassword": "123456789"
        },
        "expected_result": {
            "status_code": 200
        },
        "jira_number": NaN,
        "note": NaN
    }
]
[INFO][2025-12-25 11:50:35][case_setup.run_case:run_case:45] Run case: Account01 - Get all accounts.
[INFO][2025-12-25 11:50:35][case_setup.run_case:run_case:56] Request body:
null
[INFO][2025-12-25 11:50:35][case_setup.run_case:run_case:68] Response:
200, [{"is_deleted":false,"messageFromSystem":[],"seenMessage":[],"_id":"69496b7e3a739f3bcffdeefa","role_name":"admin","full_name":"test_user_01","date_of_birth":"2012-12-26T00:00:00.000Z","gender":"Nữ","address":"Nghệ An","email":"test_user_01@gmail.com","phone_number":"1767111009","password":"$2b$10$MwR7xWmmGi9oN16IwVejY.7JWsaNAdnqID85Pt22BJsGX/x4uuRZy","avatar":"https://encrypted-tbn0.gstatic.com/images?q=tbn:ANd9GcTNnNH0c03eYhzzID8_Y6mHwZYYGjXLfnreH7RyT9f9GVRtT0yR7vklbKx3As07G6DCGYY&usqp=CAU","status":"active","created_on":"2025-12-22 23:02:06","modified_on":"2025-12-22 23:02:06","created_by":"data generation","modified_by":"data generation"},{"messageFromSystem":[],"seenMessage":[],"_id":"69496b7e3a739f3bcffdeefb","role_name":"teacher","full_name":"test_user_02","date_of_birth":"1932-09-16T00:00:00.000Z","gender":"Khác","address":"Gia Lai","email":"test_user_02@gmail.com","phone_number":"1767111020","password":"$2b$10$EVDd4TA2zsZoOFQEfa1/W.3DG.xgUt2ocWQf/SxShkDob9dlVPBZu","avatar":"https://encrypted-tbn0.gstatic.com/images?q=tbn:ANd9GcTNnNH0c03eYhzzID8_Y6mHwZYYGjXLfnreH7RyT9f9GVRtT0yR7vklbKx3As07G6DCGYY&usqp=CAU","status":"active","created_on":"2025-12-22 23:02:06","modified_on":"2025-12-22 23:02:06","created_by":"data generation","modified_by":"data generation","is_deleted":false,"updatedAt":"2025-12-24T07:53:53.287Z"},{"is_deleted":false,"messageFromSystem":[],"seenMessage":[],"_id":"69496b7e3a739f3bcffdeefc","role_name":"teacher","full_name":"test_user_03","date_of_birth":"2003-01-21T00:00:00.000Z","gender":"Nữ","address":"Vĩnh Long","email":"test_user_03@gmail.com","phone_number":"1767111025","password":"$2b$10$duxQOhN02rXJ6iFrHFcUUei2QzmtL37bpExOX4QBygXlvKmcchNpC","avatar":"https://encrypted-tbn0.gstatic.com/images?q=tbn:ANd9GcTNnNH0c03eYhzzID8_Y6mHwZYYGjXLfnreH7RyT9f9GVRtT0yR7vklbKx3As07G6DCGYY&usqp=CAU","status":"active","created_on":"2025-12-22 23:02:06","modified_on":"2025-12-22 23:02:06","created_by":"data generation","modified_by":"data generation"},{"is_deleted":false,"messageFromSystem":[],"seenMessage":[],"_id":"69496b7e3a739f3bcffdeefd","role_name":"teacher","full_name":"test_user_04","date_of_birth":"1956-12-05T00:00:00.000Z","gender":"Nam","address":"Đồng Nai","email":"test_user_04@gmail.com","phone_number":"1767111027","password":"$2b$10$G55YIQRomjn1SksdoO2YMeWGg45GMZC9oeh1b/hvIiyIkmLv6xR.e","avatar":"https://encrypted-tbn0.gstatic.com/images?q=tbn:ANd9GcTNnNH0c03eYhzzID8_Y6mHwZYYGjXLfnreH7RyT9f9GVRtT0yR7vklbKx3As07G6DCGYY&usqp=CAU","status":"active","created_on":"2025-12-22 23:02:06","modified_on":"2025-12-22 23:02:06","created_by":"data generation","modified_by":"data generation"},{"messageFromSystem":[],"seenMessage":[],"_id":"69496b7e3a739f3bcffdeefe","role_name":"teacher","full_name":"test_user_05","date_of_birth":"1929-12-25T00:00:00.000Z","gender":"Khác","address":"Khánh Hòa","email":"test_user_05@gmail.com","phone_number":"1767111029","password":"$2b$10$PE8VygYXhkNCcgxZliFQBunTg2HEJctZGSmsYJgSjlrywha4.PHHu","avatar":"https://encrypted-tbn0.gstatic.com/images?q=tbn:ANd9GcTNnNH0c03eYhzzID8_Y6mHwZYYGjXLfnreH7RyT9f9GVRtT0yR7vklbKx3As07G6DCGYY&usqp=CAU","status":"active","created_on":"2025-12-22 23:02:06","modified_on":"2025-12-22 23:02:06","created_by":"data generation","modified_by":"data generation","is_deleted":false,"updatedAt":"2025-12-23T11:18:16.591Z"},{"messageFromSystem":[],"seenMessage":[],"_id":"69496b7e3a739f3bcffdeeff","role_name":"teacher","full_name":"test_user_06","date_of_birth":"1945-12-15T00:00:00.000Z","gender":"Khác","address":"Thanh Hóa","email":"test_user_06@gmail.com","phone_number":"1767111031","password":"$2b$10$ktVlok3HlNQrWDM6t.B2UuIauOOfOmH1gBm49YgpZRqs6tQAmlFwa","avatar":"https://encrypted-tbn0.gstatic.com/images?q=tbn:ANd9GcTNnNH0c03eYhzzID8_Y6mHwZYYGjXLfnreH7RyT9f9GVRtT0yR7vklbKx3As07G6DCGYY&usqp=CAU","status":"active","created_on":"2025-12-22 23:02:06","modified_on":"2025-12-22 23:02:06","created_by":"data generation","modified_by":"data generation","is_deleted":false,"updatedAt":"2025-12-23T11:18:15.327Z"},{"seenMessage":[],"_id":"69496b7e3a739f3bcffdef00","role_name":"student","full_name":"test_user_07","date_of_birth":"1999-12-13T00:00:00.000Z","gender":"Nữ","address":"Nghệ An","email":"test_user_07@gmail.com","phone_number":"1767111032","password":"$2b$10$Pq/jhIbiwyQEQxdPpPRiJ.nHROYgbmxNS2R8PxCwcQNCMlzn0ZOdS","avatar":"https://encrypted-tbn0.gstatic.com/images?q=tbn:ANd9GcTNnNH0c03eYhzzID8_Y6mHwZYYGjXLfnreH7RyT9f9GVRtT0yR7vklbKx3As07G6DCGYY&usqp=CAU","status":"active","created_on":"2025-12-22 23:02:06","modified_on":"2025-12-22 23:02:06","created_by":"data generation","modified_by":"data generation","messageFromSystem":[" do có đánh giá bị báo xấu 2 lần trở lên"],"updatedAt":"2025-12-23T11:18:11.133Z","is_deleted":false},{"messageFromSystem":[],"seenMessage":[],"_id":"69496b7e3a739f3bcffdef01","role_name":"student","full_name":"test_user_08","date_of_birth":"1963-01-26T00:00:00.000Z","gender":"Khác","address":"Tuyên Quang","email":"test_user_08@gmail.com","phone_number":"1767111034","password":"$2b$10$4./7IPHl.ADVgoPrQMif3eoISExVbfQ53JAfBc6HxNVUW8.ZinnAS","avatar":"https://encrypted-tbn0.gstatic.com/images?q=tbn:ANd9GcTNnNH0c03eYhzzID8_Y6mHwZYYGjXLfnreH7RyT9f9GVRtT0yR7vklbKx3As07G6DCGYY&usqp=CAU","status":"active","created_on":"2025-12-22 23:02:06","modified_on":"2025-12-22 23:02:06","created_by":"data generation","modified_by":"data generation","is_deleted":false,"updatedAt":"2025-12-23T11:18:13.439Z"},{"seenMessage":[],"_id":"69496b7e3a739f3bcffdef02","role_name":"student","full_name":"test_user_09","date_of_birth":"2005-09-27T00:00:00.000Z","gender":"Nam","address":"Lào Cai","email":"test_user_09@gmail.com","phone_number":"1767111035","password":"$2b$10$b2fDKAJnbZ9sgFUA.RKAxeRYeTpUUb7EOOBcloE1YERklwMV6YXVe","avatar":"https://encrypted-tbn0.gstatic.com/images?q=tbn:ANd9GcTNnNH0c03eYhzzID8_Y6mHwZYYGjXLfnreH7RyT9f9GVRtT0yR7vklbKx3As07G6DCGYY&usqp=CAU","status":"active","created_on":"2025-12-22 23:02:06","modified_on":"2025-12-22 23:02:06","created_by":"data generation","modified_by":"data generation","is_deleted":false,"messageFromSystem":[],"updatedAt":"2025-12-23T11:19:38.416Z"},{"is_deleted":false,"messageFromSystem":[],"seenMessage":[],"_id":"69496b7e3a739f3bcffdef03","role_name":"student","full_name":"test_user_10","date_of_birth":"1929-08-13T00:00:00.000Z","gender":"Khác","address":"Đà Nẵng","email":"test_user_10@gmail.com","phone_number":"1767111036","password":"$2b$10$0BZXNWxLvaupT6jujMMskOsDSIWiIR7TCYG1J9882mckQaIyK..ui","avatar":"https://encrypted-tbn0.gstatic.com/images?q=tbn:ANd9GcTNnNH0c03eYhzzID8_Y6mHwZYYGjXLfnreH7RyT9f9GVRtT0yR7vklbKx3As07G6DCGYY&usqp=CAU","status":"active","created_on":"2025-12-22 23:02:06","modified_on":"2025-12-22 23:02:06","created_by":"data generation","modified_by":"data generation"},{"is_deleted":false,"messageFromSystem":[],"seenMessage":[],"_id":"69496b7e3a739f3bcffdef04","role_name":"student","full_name":"test_user_11","date_of_birth":"1994-02-17T00:00:00.000Z","gender":"Khác","address":"Thái Nguyên","email":"test_user_11@gmail.com","phone_number":"1767111038","password":"$2b$10$0.hDZrxibxZNMFGQzrilF.FXnl7Numy/pUNgiGRE5d7dVjz1OxLDC","avatar":"https://encrypted-tbn0.gstatic.com/images?q=tbn:ANd9GcTNnNH0c03eYhzzID8_Y6mHwZYYGjXLfnreH7RyT9f9GVRtT0yR7vklbKx3As07G6DCGYY&usqp=CAU","status":"active","created_on":"2025-12-22 23:02:06","modified_on":"2025-12-22 23:02:06","created_by":"data generation","modified_by":"data generation"},{"_id":"694a00a7d74fc315fb27dd3d","role_name":"student","full_name":"manual_test_student_01","date_of_birth":"2009-01-23T00:00:00.000Z","gender":"nam","address":"DaNang","email":"manual_test_student_01@gmail.com","phone_number":"1234567890","password":"$2b$10$yw4WSEKSkjQzdGHWMyLOs.WwhMis/qjYe83gNtQbZt7z1sykZKyxC","is_deleted":false,"messageFromSystem":[],"seenMessage":[],"createdAt":"2025-12-23T02:38:31.796Z","updatedAt":"2025-12-23T02:38:31.796Z","__v":0},{"_id":"694cb973322b96054111df4d","role_name":"student","full_name":"manual_test_student_02","date_of_birth":"2022-01-25T00:00:00.000Z","gender":"nữ","address":"DNN","email":"manual_test_student_02@gmail.com","phone_number":"1234567890","password":"$2b$10$Y6t.P652NkhgEiY0kw0RpOoKwwzYMbJKqBfRTr/RPf9qaFXt3.gua","is_deleted":false,"messageFromSystem":[],"seenMessage":[],"createdAt":"2025-12-25T04:11:31.940Z","updatedAt":"2025-12-25T04:11:31.940Z","__v":0},{"_id":"694cf85d1216fce2045b4768","role_name":"student","full_name":"API predata - student account 01","date_of_birth":"2025-12-25T00:00:00.000Z","gender":"nam","address":"API predata - student account 01 - address - UWUFz","email":"api_predata_admin_account_01@gmail.com","phone_number":"1234567890","password":"$2b$10$OYdLYo.axhIoZm16.AzBFeFV676sG8jtRGXdlaBa6TslCfnc4ZXp2","is_deleted":false,"messageFromSystem":[],"seenMessage":[],"createdAt":"2025-12-25T08:39:57.569Z","updatedAt":"2025-12-25T08:39:57.569Z","__v":0}]
[INFO][2025-12-25 11:50:35][case_setup.run_case:run_case:71] Expected result: {'_id': '69496b7e3a739f3bcffdeefa', 'status_code': 200}
[INFO][2025-12-25 11:50:35][case_setup.run_case:run_case:73] Key: _id, Value: 69496b7e3a739f3bcffdeefa
[SUCCESS][2025-12-25 11:50:35][case_setup.run_case:run_case:100] [PASSED] Key: '_id' is in list of keys: dict_keys(['is_deleted', 'messageFromSystem', 'seenMessage', '_id', 'role_name', 'full_name', 'date_of_birth', 'gender', 'address', 'email', 'phone_number', 'password', 'avatar', 'status', 'created_on', 'modified_on', 'created_by', 'modified_by']).
[SUCCESS][2025-12-25 11:50:35][case_setup.run_case:run_case:109] [PASSED] Value: '['69496b7e3a739f3bcffdeefa', '69496b7e3a739f3bcffdeefb', '69496b7e3a739f3bcffdeefc', '69496b7e3a739f3bcffdeefd', '69496b7e3a739f3bcffdeefe', '69496b7e3a739f3bcffdeeff', '69496b7e3a739f3bcffdef00', '69496b7e3a739f3bcffdef01', '69496b7e3a739f3bcffdef02', '69496b7e3a739f3bcffdef03', '69496b7e3a739f3bcffdef04', '694a00a7d74fc315fb27dd3d', '694cb973322b96054111df4d', '694cf85d1216fce2045b4768']' is in list of values: '69496b7e3a739f3bcffdeefa'.
[INFO][2025-12-25 11:50:35][case_setup.run_case:run_case:73] Key: status_code, Value: 200
[SUCCESS][2025-12-25 11:50:35][case_setup.run_case:run_case:80] [PASSED] Status code is equal. Expected: 200, Actual: 200.
[SUCCESS][2025-12-25 11:50:35][case_setup.run_case:run_case:120] Done case: Account01 - Get all accounts.
[INFO][2025-12-25 11:50:35][case_setup.run_case:run_case:45] Run case: Account02 - Get account by id.
[INFO][2025-12-25 11:50:35][case_setup.run_case:run_case:56] Request body:
null
[INFO][2025-12-25 11:50:36][case_setup.run_case:run_case:68] Response:
200, {"is_deleted":false,"messageFromSystem":[],"seenMessage":[],"_id":"69496b7e3a739f3bcffdeefa","role_name":"admin","full_name":"test_user_01","date_of_birth":"2012-12-26T00:00:00.000Z","gender":"Nữ","address":"Nghệ An","email":"test_user_01@gmail.com","phone_number":"1767111009","password":"$2b$10$MwR7xWmmGi9oN16IwVejY.7JWsaNAdnqID85Pt22BJsGX/x4uuRZy","avatar":"https://encrypted-tbn0.gstatic.com/images?q=tbn:ANd9GcTNnNH0c03eYhzzID8_Y6mHwZYYGjXLfnreH7RyT9f9GVRtT0yR7vklbKx3As07G6DCGYY&usqp=CAU","status":"active","created_on":"2025-12-22 23:02:06","modified_on":"2025-12-22 23:02:06","created_by":"data generation","modified_by":"data generation"}
[INFO][2025-12-25 11:50:36][case_setup.run_case:run_case:71] Expected result: {'_id': '69496b7e3a739f3bcffdeefa', 'status_code': 300}
[INFO][2025-12-25 11:50:36][case_setup.run_case:run_case:73] Key: _id, Value: 69496b7e3a739f3bcffdeefa
[SUCCESS][2025-12-25 11:50:36][case_setup.run_case:run_case:100] [PASSED] Key: '_id' is in list of keys: dict_keys(['is_deleted', 'messageFromSystem', 'seenMessage', '_id', 'role_name', 'full_name', 'date_of_birth', 'gender', 'address', 'email', 'phone_number', 'password', 'avatar', 'status', 'created_on', 'modified_on', 'created_by', 'modified_by']).
[SUCCESS][2025-12-25 11:50:36][case_setup.run_case:run_case:117] [PASSED] Value is equal. Expected: '69496b7e3a739f3bcffdeefa', Actual: '69496b7e3a739f3bcffdeefa'.
[INFO][2025-12-25 11:50:36][case_setup.run_case:run_case:73] Key: status_code, Value: 300
[ERROR][2025-12-25 11:50:36][case_setup.run_case:run_case:77] [FAILED] Status code is not equal. Expected: 300, Actual: 200.
[SUCCESS][2025-12-25 11:50:36][case_setup.run_case:run_case:120] Done case: Account02 - Get account by id.
[INFO][2025-12-25 11:50:36][case_setup.run_case:run_case:45] Run case: Account03 - Create new account with role student.
[INFO][2025-12-25 11:50:36][case_setup.run_case:run_case:56] Request body:
{
    "role_name": "student",
    "full_name": "API csv - student account 01",
    "date_of_birth": "2022-01-25",
    "gender": "nam",
    "address": "API csv - student account 01 - address",
    "email": "api_csv_student_account_01@gmail.com",
    "phone_number": "1234567890",
    "password": "123456789",
    "confirmPassword": "123456789"
}
[INFO][2025-12-25 11:50:37][case_setup.run_case:run_case:68] Response:
200, {"role_name":"student","full_name":"API csv - student account 01","date_of_birth":"2022-01-25T00:00:00.000Z","gender":"nam","address":"API csv - student account 01 - address","email":"api_csv_student_account_01@gmail.com","phone_number":"1234567890","password":"$2b$10$b4saCtug5S9MkRKm/0mAbutfMteKA4jaFRjsETRb8QYySbCukSXAW","is_deleted":false,"messageFromSystem":[],"seenMessage":[],"_id":"694d250c4e46a89f420ace2b","createdAt":"2025-12-25T11:50:36.767Z","updatedAt":"2025-12-25T11:50:36.767Z","__v":0}
[INFO][2025-12-25 11:50:37][case_setup.run_case:run_case:71] Expected result: {'status_code': 200}
[INFO][2025-12-25 11:50:37][case_setup.run_case:run_case:73] Key: status_code, Value: 200
[SUCCESS][2025-12-25 11:50:37][case_setup.run_case:run_case:80] [PASSED] Status code is equal. Expected: 200, Actual: 200.
[SUCCESS][2025-12-25 11:50:37][case_setup.run_case:run_case:120] Done case: Account03 - Create new account with role student.
[SUCCESS][2025-12-25 11:50:37][case_setup.run_case:run_case:124] All test cases are done.
[INFO][2025-12-25 11:50:37][__main__:<module>:35] Total cases: 3
[INFO][2025-12-25 11:50:37][__main__:<module>:36] Pass cases: 2
[INFO][2025-12-25 11:50:37][__main__:<module>:37] Failed cases: 1
[INFO][2025-12-25 11:50:37][__main__:<module>:41] Detail result:
[
    {
        "index": 1,
        "result": "Passed",
        "case_no": "Account01",
        "expected_result": {
            "_id": "69496b7e3a739f3bcffdeefa",
            "status_code": 200
        },
        "detail": "",
        "datetime": "2025-12-25 18:50:35"
    },
    {
        "index": 2,
        "result": "Failed",
        "case_no": "Account02",
        "expected_result": {
            "_id": "69496b7e3a739f3bcffdeefa",
            "status_code": 300
        },
        "detail": "[FAILED] Status code is not equal. Expected: 300, Actual: 200.",
        "datetime": "2025-12-25 18:50:35"
    },
    {
        "index": 3,
        "result": "Passed",
        "case_no": "Account03",
        "expected_result": {
            "status_code": 200
        },
        "detail": "",
        "datetime": "2025-12-25 18:50:35"
    }
]
[SUCCESS][2025-12-25 11:50:37][__main__:<module>:49] Report saved to '/home/user/apitestcapprj/reports/2025-12-25 18:50:28.xlsx'.
[INFO][2025-12-25 11:50:37][common.client:logout:157] User: 'test_user_01@gmail.com', role: 'admin' logout.
[INFO][2025-12-25 11:50:37][common.client:logout:159] Logout info: 200, "User logged out successfully".
[INFO][2025-12-25 11:50:37][common.client:logout:157] User: 'test_user_07@gmail.com', role: 'student' logout.
[INFO][2025-12-25 11:50:38][common.client:logout:159] Logout info: 200, "User logged out successfully".
[INFO][2025-12-25 11:50:38][common.client:logout:157] User: 'test_user_02@gmail.com', role: 'teacher' logout.
[INFO][2025-12-25 11:50:38][common.client:logout:159] Logout info: 200, "User logged out successfully".
[SUCCESS][2025-12-25 11:50:38][__main__:<module>:54] ================== End testing ===================
